gen,arm,rep,H_pool,NBHD,C,n_split,n_frags,n_types
1,base600,0,-0.0,1.0,0.7524244337085488,0,576,1
2,base600,0,0.0758896701355042,1.0729166666666667,0.7437483867046253,7,590,7
3,base600,0,0.13765767492210082,1.1319444444444444,0.7350604140428918,7,604,8
4,base600,0,0.18701845791929625,1.1979166666666667,0.7263604331402063,6,615,8
5,base600,0,0.2244340158126916,1.2552083333333333,0.7176482508184936,6,625,8
6,base600,0,0.2663991236094085,1.328125,0.7089445108306385,7,638,8
7,base600,0,0.30339185994639606,1.3836805555555556,0.7002341269861049,7,652,8
8,base600,0,0.347191674279167,1.4270833333333333,0.6915143355677114,7,666,8
9,base600,0,0.38110477305983725,1.4565972222222223,0.6827870490262895,7,679,9
10,base600,0,0.4109585714397388,1.5052083333333333,0.6740488096097523,7,693,9
11,base600,0,0.4538693461999114,1.5746527777777777,0.6653140719678781,7,707,9
12,base600,0,0.48841722490884093,1.6197916666666667,0.6565618383955694,7,721,9
13,base600,0,0.5154568492341913,1.6736111111111112,0.6478105048611096,7,734,9
14,base600,0,0.5279814649714487,1.6979166666666667,0.6390578804299007,7,744,9
15,base600,0,0.5596980009608367,1.7430555555555556,0.6302959452250378,7,756,9
16,base600,0,0.5899516342179345,1.7934027777777777,0.621531404526438,7,770,9
17,base600,0,0.6117214032806155,1.8194444444444444,0.6127652809989286,7,781,9
18,base600,0,0.6392629773069161,1.8524305555555556,0.6039939584122128,7,792,9
19,base600,0,0.671051485060558,1.9045138888888888,0.5952188426087879,7,804,9
20,base600,0,0.6883492777980337,1.9340277777777777,0.5864527007140786,7,817,9
21,base600,0,0.7059323336256836,1.9652777777777777,0.5777124459832,7,829,9
22,base600,0,0.7239943347195795,1.984375,0.5690404292428588,8,844,9
23,base600,0,0.7387452219430457,2.0121527777777777,0.5604552093384347,7,858,9
24,base600,0,0.7573208230173635,2.046875,0.5520013193315298,7,872,9
25,base600,0,0.7780473000987395,2.09375,0.5437221789723046,7,883,9
26,base600,0,0.7921824136092914,2.111111111111111,0.5356261588701724,7,894,9
27,base600,0,0.8042003384856208,2.1371527777777777,0.5277654392510231,7,907,9
28,base600,0,0.8175924647406363,2.170138888888889,0.5201786257874328,7,918,9
29,base600,0,0.8281973528959792,2.2083333333333335,0.5128798771287335,7,928,9
30,base600,0,0.8357970967325853,2.2135416666666665,0.5058221442602351,7,939,9
31,base600,0,0.8562105107276362,2.2552083333333335,0.49902400569288424,7,950,9
32,base600,0,0.8629822822004536,2.2708333333333335,0.4924709904527834,7,960,9
33,base600,0,0.8716443085263648,2.2881944444444446,0.48617464922666387,7,968,9
34,base600,0,0.8839076616256978,2.3072916666666665,0.4801194301086824,8,984,9
35,base600,0,0.904644218816069,2.3628472222222223,0.47428734034351283,8,993,9
36,base600,0,0.910110799967609,2.3854166666666665,0.46864743032304906,8,1003,9
37,base600,0,0.9181937003151472,2.4027777777777777,0.4632007617690254,8,1015,9
38,base600,0,0.9278251385818063,2.421875,0.4579301929543684,8,1028,9
39,base600,0,0.9437087201588609,2.4809027777777777,0.45284423290656883,8,1043,9
40,base600,0,0.9553523498057527,2.501736111111111,0.44793893569103926,8,1057,9
41,base600,0,0.9603804854886534,2.5052083333333335,0.44320725772084596,8,1068,9
42,base600,0,0.9684521328695626,2.513888888888889,0.4386738346993686,8,1080,9
43,base600,0,0.9792565397634554,2.5399305555555554,0.4343042428553656,8,1092,9
44,base600,0,0.9865978596390178,2.5538194444444446,0.4301536214207006,8,1105,9
45,base600,0,0.992203881710297,2.5572916666666665,0.42621112871645705,8,1116,9
46,base600,0,0.9983066339638379,2.5711805555555554,0.4225282206114192,8,1126,9
47,base600,0,1.0104615507429733,2.595486111111111,0.41912163501944216,8,1137,9
48,base600,0,1.0212314105368352,2.6128472222222223,0.4160437942008535,7,1145,10
49,base600,0,1.0367043523995574,2.642361111111111,0.41324000232550395,8,1158,10
50,base600,0,1.0401925751201755,2.6458333333333335,0.410706769816324,8,1169,10
51,base600,0,1.0496875763783613,2.6684027777777777,0.4084328943393254,8,1183,10
52,base600,0,1.0604782740785978,2.6875,0.40642945714382467,8,1196,10
53,base600,0,1.067876055395155,2.701388888888889,0.4046834071617041,8,1205,10
54,base600,0,1.0724123891429866,2.7100694444444446,0.403220210077899,8,1219,10
55,base600,0,1.0826141650657473,2.7309027777777777,0.40201023125496826,8,1228,10
56,base600,0,1.0855145310495915,2.732638888888889,0.4011192472509629,8,1239,10
57,base600,0,1.0927804104125574,2.7465277777777777,0.40052334393081007,8,1249,10
58,base600,0,1.1021986162585464,2.7621527777777777,0.400178552357654,8,1259,10
59,base600,0,1.107136289127228,2.782986111111111,0.40001738707743917,8,1267,10
60,base600,0,1.1088411287505615,2.7847222222222223,0.39999999999999997,8,1275,10
61,base600,0,1.1118982026522,2.7847222222222223,0.39999999999999997,8,1283,10
62,base600,0,1.1189261993454314,2.8020833333333335,0.39999999999999997,8,1296,10
63,base600,0,1.1250730173135897,2.8177083333333335,0.39999999999999997,8,1308,10
64,base600,0,1.1322924599124073,2.826388888888889,0.39999999999999997,8,1318,10
65,base600,0,1.1339534171384182,2.828125,0.39999999999999997,8,1329,10
66,base600,0,1.1358894199139358,2.829861111111111,0.39999999999999997,8,1339,10
67,base600,0,1.1425704123296319,2.84375,0.39999999999999997,8,1347,10
68,base600,0,1.1511406826600936,2.861111111111111,0.39999999999999997,8,1355,10
69,base600,0,1.1530640346656342,2.8645833333333335,0.39999999999999997,8,1364,10
70,base600,0,1.158787808869998,2.8975694444444446,0.39999999999999997,8,1371,10
71,base600,0,1.16254455915152,2.9184027777777777,0.39999999999999997,8,1383,10
72,base600,0,1.1638774844928614,2.9253472222222223,0.39999999999999997,8,1394,10
73,base600,0,1.1600752671442043,2.9114583333333335,0.39999999999999997,8,1402,10
74,base600,0,1.170757279785402,2.939236111111111,0.39999999999999997,8,1413,10
75,base600,0,1.1709147550814523,2.939236111111111,0.39999999999999997,8,1421,10
76,base600,0,1.1715120436318798,2.9461805555555554,0.39999999999999997,8,1433,10
77,base600,0,1.1733912319726958,2.951388888888889,0.39999999999999997,8,1444,10
78,base600,0,1.1767211708459073,2.9583333333333335,0.39999999999999997,8,1454,10
79,base600,0,1.1795962987387614,2.9635416666666665,0.39999999999999997,8,1464,10
80,base600,0,1.183130260903705,2.9722222222222223,0.39999999999999997,8,1469,10
81,base600,0,1.1846519770375823,2.9809027777777777,0.39999999999999997,8,1478,10
82,base600,0,1.1856549511779901,2.9809027777777777,0.39999999999999997,8,1489,10
83,base600,0,1.1860206695482807,2.9878472222222223,0.39999999999999997,8,1498,10
84,base600,0,1.190754900302707,3.0,0.39999999999999997,8,1505,10
85,base600,0,1.196891319921961,3.0104166666666665,0.39999999999999997,8,1516,10
86,base600,0,1.1955632041820754,3.001736111111111,0.39999999999999997,8,1526,10
87,base600,0,1.19928587625697,3.0121527777777777,0.39999999999999997,8,1537,10
88,base600,0,1.1998931393825407,3.0121527777777777,0.39999999999999997,8,1543,10
89,base600,0,1.207090463930097,3.032986111111111,0.39999999999999997,8,1550,10
90,base600,0,1.2110469252624965,3.0434027777777777,0.39999999999999997,8,1559,10
91,base600,0,1.211586690431616,3.0434027777777777,0.39999999999999997,8,1567,10
92,base600,0,1.2069476544181632,3.0347222222222223,0.39999999999999997,8,1573,10
93,base600,0,1.2079678512264196,3.0399305555555554,0.39999999999999997,8,1582,10
94,base600,0,1.2084566104396923,3.0399305555555554,0.39999999999999997,8,1588,10
95,base600,0,1.2126858832813374,3.045138888888889,0.39999999999999997,8,1598,10
96,base600,0,1.212369229944306,3.045138888888889,0.39999999999999997,8,1609,10
97,base600,0,1.2131904125424025,3.045138888888889,0.39999999999999997,8,1617,10
98,base600,0,1.213580975005011,3.048611111111111,0.39999999999999997,8,1622,10
99,base600,0,1.217655966233141,3.060763888888889,0.39999999999999997,8,1628,10
100,base600,0,1.222850183357216,3.0746527777777777,0.39999999999999997,8,1637,10
101,base600,0,1.2202770459133003,3.0729166666666665,0.39999999999999997,7,1642,10
102,base600,0,1.2180965425541017,3.0677083333333335,0.39999999999999997,7,1648,10
103,base600,0,1.2187187946910123,3.064236111111111,0.39999999999999997,7,1653,10
104,base600,0,1.2214193466530219,3.078125,0.39999999999999997,7,1661,10
105,base600,0,1.2221201770398544,3.078125,0.39999999999999997,7,1669,10
106,base600,0,1.2219939064181513,3.078125,0.39999999999999997,7,1675,10
107,base600,0,1.221605785119397,3.078125,0.39999999999999997,7,1682,10
108,base600,0,1.2210669833391152,3.078125,0.39999999999999997,8,1694,10
109,base600,0,1.2199090389449379,3.079861111111111,0.39999999999999997,8,1701,10
110,base600,0,1.2259113509975468,3.092013888888889,0.39999999999999997,8,1708,10
111,base600,0,1.2275244454931338,3.0902777777777777,0.39999999999999997,8,1716,10
112,base600,0,1.2288916109270744,3.0902777777777777,0.39999999999999997,8,1718,10
113,base600,0,1.2283936532903665,3.092013888888889,0.39999999999999997,8,1727,10
114,base600,0,1.2340798968076618,3.1041666666666665,0.39999999999999997,8,1737,10
115,base600,0,1.235402395584109,3.1041666666666665,0.39999999999999997,8,1741,10
116,base600,0,1.235529683409258,3.1041666666666665,0.39999999999999997,8,1747,10
117,base600,0,1.2352595759745004,3.1041666666666665,0.39999999999999997,8,1753,10
118,base600,0,1.2402302189762693,3.1145833333333335,0.39999999999999997,8,1763,10
119,base600,0,1.2418055990953925,3.1302083333333335,0.39999999999999997,8,1774,10
120,base600,0,1.2420722125921488,3.1302083333333335,0.39999999999999997,8,1779,10
121,base600,0,1.244480649036709,3.1354166666666665,0.39999999999999997,8,1785,10
122,base600,0,1.2473051290449042,3.140625,0.39999999999999997,9,1793,10
123,base600,0,1.2530672602249255,3.157986111111111,0.39999999999999997,9,1798,10
124,base600,0,1.2575105458421376,3.1597222222222223,0.39999999999999997,9,1806,10
125,base600,0,1.2580869377592123,3.157986111111111,0.39999999999999997,10,1815,10
126,base600,0,1.259532064969967,3.1614583333333335,0.39999999999999997,11,1820,10
127,base600,0,1.260981904410267,3.1631944444444446,0.39999999999999997,11,1823,10
128,base600,0,1.2634522446932752,3.1684027777777777,0.39999999999999997,10,1830,10
129,base600,0,1.26762772092468,3.1805555555555554,0.39999999999999997,10,1839,10
130,base600,0,1.2680673391379425,3.1805555555555554,0.39999999999999997,10,1846,10
131,base600,0,1.2635437544531272,3.1788194444444446,0.39999999999999997,10,1852,10
132,base600,0,1.2680212589143638,3.1944444444444446,0.39999999999999997,10,1860,10
133,base600,0,1.272634855971081,3.2065972222222223,0.39999999999999997,10,1867,10
134,base600,0,1.2750774448628464,3.2256944444444446,0.39999999999999997,9,1873,10
135,base600,0,1.277149127444827,3.248263888888889,0.39999999999999997,9,1879,10
136,base600,0,1.2773485170593974,3.267361111111111,0.39999999999999997,9,1881,10
137,base600,0,1.2779225996597499,3.2708333333333335,0.39999999999999997,8,1883,10
138,base600,0,1.2794364461544498,3.2725694444444446,0.39999999999999997,8,1888,10
139,base600,0,1.2862565854417536,3.298611111111111,0.39999999999999997,9,1895,10
140,base600,0,1.2867844672323567,3.298611111111111,0.39999999999999997,9,1899,10
141,base600,0,1.2906656629494864,3.3125,0.39999999999999997,9,1905,10
142,base600,0,1.2893807392243755,3.3125,0.39999999999999997,10,1909,10
143,base600,0,1.2852555554123002,3.3125,0.39999999999999997,10,1915,9
144,base600,0,1.2819040915481852,3.298611111111111,0.39999999999999997,10,1918,9
145,base600,0,1.2845793280604563,3.3020833333333335,0.39999999999999997,10,1927,9
146,base600,0,1.2797195599722748,3.282986111111111,0.39999999999999997,10,1931,9
147,base600,0,1.2820704586990586,3.2864583333333335,0.39999999999999997,10,1934,9
148,base600,0,1.2778013196102498,3.2777777777777777,0.39999999999999997,10,1940,9
149,base600,0,1.2682315175470875,3.2690972222222223,0.39999999999999997,12,1942,9
150,base600,0,1.2664003358776355,3.2708333333333335,0.39999999999999997,11,1949,9
151,base600,0,1.2689359595311285,3.2777777777777777,0.39999999999999997,11,1954,10
152,base600,0,1.2695488245466813,3.2881944444444446,0.39999999999999997,11,1957,10
153,base600,0,1.2656672216561042,3.2847222222222223,0.39999999999999997,11,1961,10
154,base600,0,1.2627903994755316,3.2881944444444446,0.39999999999999997,12,1964,10
155,base600,0,1.2645926590218752,3.3072916666666665,0.39999999999999997,12,1967,10
156,base600,0,1.2670614778534355,3.3246527777777777,0.39999999999999997,12,1977,10
157,base600,0,1.2674016188079515,3.3246527777777777,0.39999999999999997,12,1984,10
158,base600,0,1.2592127992821818,3.296875,0.39999999999999997,12,1990,10
159,base600,0,1.2538853181053788,3.2743055555555554,0.39999999999999997,13,1998,10
160,base600,0,1.2498736286325927,3.2552083333333335,0.39999999999999997,13,2002,10
161,base600,0,1.253147501254307,3.263888888888889,0.39999999999999997,13,2013,10
162,base600,0,1.2508447035430454,3.2604166666666665,0.39999999999999997,13,2017,10
163,base600,0,1.2488358581578338,3.2552083333333335,0.39999999999999997,13,2020,10
164,base600,0,1.2386006214123488,3.236111111111111,0.39999999999999997,13,2024,10
165,base600,0,1.2387012356277032,3.2413194444444446,0.39999999999999997,13,2029,10
166,base600,0,1.2333128516530107,3.2256944444444446,0.39999999999999997,12,2032,10
167,base600,0,1.2257342159177302,3.2065972222222223,0.39999999999999997,12,2033,10
168,base600,0,1.2250517369736238,3.2065972222222223,0.39999999999999997,12,2039,10
169,base600,0,1.215533777829554,3.1909722222222223,0.39999999999999997,12,2046,10
170,base600,0,1.206823359700687,3.173611111111111,0.39999999999999997,12,2048,10
171,base600,0,1.2081449374117328,3.1631944444444446,0.39999999999999997,12,2050,10
172,base600,0,1.2016387628442022,3.1510416666666665,0.39999999999999997,12,2055,10
173,base600,0,1.188306406071081,3.140625,0.39999999999999997,12,2059,10
174,base600,0,1.1873881199317868,3.1371527777777777,0.39999999999999997,12,2061,10
175,base600,0,1.1829142585765473,3.1319444444444446,0.39999999999999997,12,2062,10
176,base600,0,1.1797653284580276,3.1336805555555554,0.39999999999999997,13,2067,10
177,base600,0,1.1697253179588427,3.109375,0.39999999999999997,13,2070,10
178,base600,0,1.16305741355955,3.0885416666666665,0.39999999999999997,12,2074,10
179,base600,0,1.163147763865161,3.0902777777777777,0.39999999999999997,12,2078,9
180,base600,0,1.160863567803178,3.076388888888889,0.39999999999999997,12,2083,9
181,base600,0,1.1619896225310182,3.0868055555555554,0.39999999999999997,12,2087,9
182,base600,0,1.1598627295898007,3.0833333333333335,0.39999999999999997,12,2090,9
183,base600,0,1.1569283289496828,3.0815972222222223,0.39999999999999997,12,2092,9
184,base600,0,1.1502009353295322,3.064236111111111,0.39999999999999997,12,2097,9
185,base600,0,1.1457048750030379,3.0555555555555554,0.39999999999999997,12,2098,9
186,base600,0,1.141995927925004,3.0503472222222223,0.39999999999999997,12,2106,9
187,base600,0,1.135178573907971,3.0277777777777777,0.39999999999999997,12,2110,9
188,base600,0,1.1330897923657328,3.015625,0.39999999999999997,12,2112,9
189,base600,0,1.1292366395959021,2.9965277777777777,0.39999999999999997,13,2116,9
190,base600,0,1.1218632021585768,2.9895833333333335,0.39999999999999997,13,2120,8
191,base600,0,1.1214843405152253,2.986111111111111,0.39999999999999997,13,2125,8
192,base600,0,1.1094034772238577,2.9583333333333335,0.39999999999999997,13,2129,8
193,base600,0,1.1094172021143724,2.953125,0.39999999999999997,12,2132,8
194,base600,0,1.1023313701490565,2.939236111111111,0.39999999999999997,12,2134,8
195,base600,0,1.100376992738768,2.9375,0.39999999999999997,12,2135,8
196,base600,0,1.0965652518221716,2.9253472222222223,0.39999999999999997,12,2138,8
197,base600,0,1.0947990206455014,2.9131944444444446,0.39999999999999997,13,2139,8
198,base600,0,1.0953204191614738,2.920138888888889,0.39999999999999997,13,2145,8
199,base600,0,1.088632274509856,2.888888888888889,0.39999999999999997,15,2148,8
200,base600,0,1.0830061730288836,2.8819444444444446,0.39999999999999997,15,2152,8
201,base600,0,1.0840770140835942,2.8871527777777777,0.39999999999999997,15,2154,8
202,base600,0,1.076390477821894,2.873263888888889,0.39999999999999997,15,2156,8
203,base600,0,1.0742953900175254,2.8697916666666665,0.39999999999999997,15,2159,8
204,base600,0,1.0722875979267201,2.873263888888889,0.39999999999999997,15,2160,8
205,base600,0,1.0717293522046272,2.8663194444444446,0.39999999999999997,15,2161,8
206,base600,0,1.0679661014773807,2.859375,0.39999999999999997,15,2163,8
207,base600,0,1.0638830428660582,2.8541666666666665,0.39999999999999997,15,2165,8
208,base600,0,1.0515003519706965,2.8246527777777777,0.39999999999999997,15,2165,8
209,base600,0,1.0510182099264709,2.8194444444444446,0.39999999999999997,15,2165,8
210,base600,0,1.0467040412098942,2.8055555555555554,0.39999999999999997,15,2166,8
211,base600,0,1.04021243718306,2.795138888888889,0.39999999999999997,15,2169,8
212,base600,0,1.0319589436237384,2.779513888888889,0.39999999999999997,15,2172,8
213,base600,0,1.033576752819964,2.7916666666666665,0.39999999999999997,15,2174,8
214,base600,0,1.03538197091347,2.7934027777777777,0.39999999999999997,15,2175,8
215,base600,0,1.0282139908595833,2.78125,0.39999999999999997,15,2177,8
216,base600,0,1.0234900119189951,2.7690972222222223,0.39999999999999997,15,2180,8
217,base600,0,1.0250788717932797,2.7777777777777777,0.39999999999999997,15,2181,8
218,base600,0,1.0179637762741578,2.7621527777777777,0.39999999999999997,15,2183,8
219,base600,0,1.0163020264851903,2.7586805555555554,0.39999999999999997,15,2188,8
220,base600,0,1.0151504835543794,2.7586805555555554,0.39999999999999997,15,2192,8
221,base600,0,1.018261060612771,2.7534722222222223,0.39999999999999997,15,2195,8
222,base600,0,1.0189283449647197,2.7534722222222223,0.39999999999999997,15,2197,8
223,base600,0,1.0195686493732636,2.75,0.39999999999999997,15,2199,8
224,base600,0,1.0113136458993846,2.7395833333333335,0.39999999999999997,15,2202,8
225,base600,0,1.0070312805526684,2.7465277777777777,0.39999999999999997,15,2206,8
226,base600,0,1.0041601546353143,2.7447916666666665,0.39999999999999997,15,2206,8
227,base600,0,1.0030348234482918,2.7447916666666665,0.39999999999999997,15,2207,8
228,base600,0,0.9986353225067434,2.732638888888889,0.39999999999999997,15,2211,8
229,base600,0,0.9945120785372753,2.7256944444444446,0.39999999999999997,15,2213,8
230,base600,0,0.9949261095886394,2.7291666666666665,0.39999999999999997,15,2214,8
231,base600,0,0.9954616602387365,2.736111111111111,0.39999999999999997,15,2216,8
232,base600,0,0.9926229710613365,2.7256944444444446,0.39999999999999997,15,2218,8
233,base600,0,0.9935442941099528,2.7291666666666665,0.39999999999999997,15,2218,8
234,base600,0,0.9931840492812,2.7291666666666665,0.39999999999999997,15,2222,8
235,base600,0,0.9884392560416493,2.717013888888889,0.39999999999999997,15,2223,8
236,base600,0,0.9843764306788927,2.7100694444444446,0.39999999999999997,15,2224,8
237,base600,0,0.9818094941031665,2.7083333333333335,0.39999999999999997,15,2227,8
238,base600,0,0.9839100271035037,2.7100694444444446,0.39999999999999997,15,2228,8
239,base600,0,0.9836107818703939,2.7118055555555554,0.39999999999999997,15,2230,8
240,base600,0,0.9776226605015318,2.685763888888889,0.39999999999999997,15,2231,8
241,base600,0,0.9799360944512768,2.685763888888889,0.39999999999999997,15,2231,8
242,base600,0,0.9781504721758625,2.685763888888889,0.39999999999999997,15,2232,8
243,base600,0,0.9750449847288092,2.685763888888889,0.39999999999999997,15,2234,8
244,base600,0,0.9738602825227773,2.6822916666666665,0.39999999999999997,15,2236,8
245,base600,0,0.9746375832940459,2.6805555555555554,0.39999999999999997,15,2238,8
246,base600,0,0.9753771863196343,2.689236111111111,0.39999999999999997,15,2241,8
247,base600,0,0.9802422244408723,2.703125,0.39999999999999997,15,2243,8
248,base600,0,0.9720507605317702,2.701388888888889,0.39999999999999997,15,2245,8
249,base600,0,0.9679331789455399,2.6909722222222223,0.39999999999999997,15,2247,8
250,base600,0,0.9679331789455399,2.6822916666666665,0.39999999999999997,15,2247,8
251,base600,0,0.9672900883882438,2.6840277777777777,0.39999999999999997,15,2248,8
252,base600,0,0.9678838510407026,2.6909722222222223,0.39999999999999997,14,2249,8
253,base600,0,0.9678838510407026,2.6927083333333335,0.39999999999999997,14,2249,8
254,base600,0,0.9636951586348806,2.6770833333333335,0.39999999999999997,14,2251,8
255,base600,0,0.9567534501929432,2.6614583333333335,0.39999999999999997,14,2255,8
256,base600,0,0.9507532544700261,2.6597222222222223,0.39999999999999997,14,2255,8
257,base600,0,0.9501022745631136,2.6649305555555554,0.39999999999999997,14,2256,8
258,base600,0,0.9430175714346619,2.6597222222222223,0.39999999999999997,14,2259,8
259,base600,0,0.9366080678883086,2.6440972222222223,0.39999999999999997,15,2259,8
260,base600,0,0.9321384133855098,2.6354166666666665,0.39999999999999997,15,2262,8
261,base600,0,0.9242090792530537,2.6302083333333335,0.39999999999999997,15,2262,8
262,base600,0,0.9164570332373442,2.6197916666666665,0.39999999999999997,15,2263,7
263,base600,0,0.9127525977644296,2.6163194444444446,0.39999999999999997,15,2265,7
264,base600,0,0.9111754925383231,2.6059027777777777,0.39999999999999997,15,2266,7
265,base600,0,0.90924408096625,2.6128472222222223,0.39999999999999997,16,2266,7
266,base600,0,0.9058415837644727,2.6024305555555554,0.39999999999999997,15,2268,7
267,base600,0,0.9012849285196027,2.607638888888889,0.39999999999999997,15,2271,7
268,base600,0,0.908367837592522,2.6145833333333335,0.39999999999999997,15,2271,8
269,base600,0,0.9091919139634321,2.6163194444444446,0.39999999999999997,14,2272,8
270,base600,0,0.9111038644798357,2.6197916666666665,0.39999999999999997,13,2274,8
271,base600,0,0.9094516642602963,2.6145833333333335,0.39999999999999997,13,2276,8
272,base600,0,0.9115867847194135,2.625,0.39999999999999997,13,2277,8
273,base600,0,0.9115867847194135,2.6319444444444446,0.39999999999999997,13,2279,8
274,base600,0,0.9029448522703559,2.6197916666666665,0.39999999999999997,13,2279,8
275,base600,0,0.9020717471909728,2.6163194444444446,0.39999999999999997,14,2279,8
276,base600,0,0.9003008967498154,2.6197916666666665,0.39999999999999997,14,2280,8
277,base600,0,0.8983671944361811,2.6163194444444446,0.39999999999999997,14,2281,8
278,base600,0,0.8891005213092134,2.6024305555555554,0.39999999999999997,14,2281,8
279,base600,0,0.8893747970398134,2.6024305555555554,0.39999999999999997,15,2283,8
280,base600,0,0.8874998867272494,2.5972222222222223,0.39999999999999997,15,2284,8
281,base600,0,0.8819799738843961,2.5885416666666665,0.39999999999999997,15,2286,8
282,base600,0,0.8789962139068492,2.5694444444444446,0.39999999999999997,15,2286,8
283,base600,0,0.8769708393801854,2.564236111111111,0.39999999999999997,14,2286,8
284,base600,0,0.8660830112590026,2.5538194444444446,0.39999999999999997,14,2286,8
285,base600,0,0.8582658300974172,2.545138888888889,0.39999999999999997,14,2286,8
286,base600,0,0.8551150649925674,2.5364583333333335,0.39999999999999997,13,2286,8
287,base600,0,0.8486416790261682,2.5277777777777777,0.39999999999999997,13,2286,8
288,base600,0,0.8453675455084787,2.5347222222222223,0.39999999999999997,13,2286,8
289,base600,0,0.8334901134437436,2.5121527777777777,0.39999999999999997,13,2288,8
290,base600,0,0.8350327133604262,2.5121527777777777,0.39999999999999997,13,2290,8
291,base600,0,0.8383633356566397,2.5208333333333335,0.39999999999999997,13,2290,8
292,base600,0,0.8325365051973418,2.501736111111111,0.39999999999999997,13,2290,8
293,base600,0,0.8313770629403644,2.5,0.39999999999999997,11,2290,8
294,base600,0,0.8368324410933246,2.517361111111111,0.39999999999999997,11,2290,8
295,base600,0,0.837793058485512,2.517361111111111,0.39999999999999997,11,2290,8
296,base600,0,0.8389447917778559,2.5190972222222223,0.39999999999999997,11,2291,8
297,base600,0,0.8400860409191199,2.5208333333333335,0.39999999999999997,11,2292,8
298,base600,0,0.8348600303097393,2.515625,0.39999999999999997,10,2292,8
299,base600,0,0.836656960222219,2.5347222222222223,0.39999999999999997,10,2293,8
300,base600,0,0.8330766237122006,2.517361111111111,0.39999999999999997,10,2294,8
301,base600,0,0.8324191569922924,2.517361111111111,0.39999999999999997,10,2296,8
302,base600,0,0.8287361087179177,2.515625,0.39999999999999997,10,2296,8
303,base600,0,0.8205107361487708,2.4965277777777777,0.39999999999999997,9,2296,8
304,base600,0,0.817150872779151,2.4895833333333335,0.39999999999999997,9,2296,8
305,base600,0,0.8132591838518557,2.4809027777777777,0.39999999999999997,9,2296,8
306,base600,0,0.811139111330525,2.4756944444444446,0.39999999999999997,9,2296,8
307,base600,0,0.8132591838518557,2.4756944444444446,0.39999999999999997,9,2296,8
308,base600,0,0.809258387687915,2.4722222222222223,0.39999999999999997,9,2296,8
309,base600,0,0.8065288268209363,2.467013888888889,0.39999999999999997,9,2296,8
310,base600,0,0.8051449297242729,2.4583333333333335,0.39999999999999997,9,2296,8
311,base600,0,0.8030078641485426,2.4461805555555554,0.39999999999999997,9,2296,8
312,base600,0,0.8037481018470606,2.4444444444444446,0.39999999999999997,9,2296,8
313,base600,0,0.7955135765725899,2.4270833333333335,0.39999999999999997,9,2296,8
314,base600,0,0.8026322554379095,2.4409722222222223,0.39999999999999997,9,2296,8
315,base600,0,0.8089670426868519,2.4479166666666665,0.39999999999999997,9,2296,8
316,base600,0,0.8061051315738899,2.439236111111111,0.39999999999999997,9,2296,8
317,base600,0,0.8082370925694161,2.4427083333333335,0.39999999999999997,9,2296,8
318,base600,0,0.8096059864238945,2.4427083333333335,0.39999999999999997,9,2296,8
319,base600,0,0.8151458147710798,2.453125,0.39999999999999997,9,2296,8
320,base600,0,0.8095599265873814,2.4427083333333335,0.39999999999999997,8,2296,8
321,base600,0,0.8061140004583461,2.4375,0.39999999999999997,8,2297,8
322,base600,0,0.8061140004583461,2.4375,0.39999999999999997,8,2297,8
323,base600,0,0.8061140004583461,2.4375,0.39999999999999997,9,2297,8
324,base600,0,0.8067654711153123,2.4322916666666665,0.39999999999999997,9,2297,8
325,base600,0,0.8026272044410162,2.4253472222222223,0.39999999999999997,9,2297,8
326,base600,0,0.7923154990521832,2.3993055555555554,0.39999999999999997,10,2298,8
327,base600,0,0.7916554013564416,2.3940972222222223,0.39999999999999997,10,2298,8
328,base600,0,0.7901949734110963,2.3854166666666665,0.39999999999999997,10,2298,8
329,base600,0,0.7916554013564416,2.388888888888889,0.39999999999999997,10,2298,8
330,base600,0,0.793772958637644,2.3975694444444446,0.39999999999999997,11,2298,8
331,base600,0,0.793102270935861,2.3958333333333335,0.39999999999999997,12,2298,8
332,base600,0,0.793102270935861,2.4027777777777777,0.39999999999999997,12,2298,8
333,base600,0,0.7916554013564416,2.3993055555555554,0.39999999999999997,12,2298,8
334,base600,0,0.7880630259236074,2.3940972222222223,0.39999999999999997,12,2298,8
335,base600,0,0.7872011103998746,2.404513888888889,0.39999999999999997,12,2299,8
336,base600,0,0.7877969202923318,2.3958333333333335,0.39999999999999997,12,2299,8
337,base600,0,0.7862719086349002,2.390625,0.39999999999999997,12,2299,8
338,base600,0,0.7862719086349002,2.390625,0.39999999999999997,12,2299,8
339,base600,0,0.7802041625216126,2.3854166666666665,0.39999999999999997,12,2299,8
340,base600,0,0.7760152622724099,2.373263888888889,0.39999999999999997,12,2299,8
341,base600,0,0.781761511096645,2.3993055555555554,0.39999999999999997,11,2299,8
342,base600,0,0.7853596105847463,2.4131944444444446,0.39999999999999997,11,2299,8
343,base600,0,0.783304265416138,2.4097222222222223,0.39999999999999997,9,2299,8
344,base600,0,0.77473645025202,2.3940972222222223,0.39999999999999997,9,2299,8
345,base600,0,0.7704958307955573,2.3715277777777777,0.39999999999999997,9,2299,8
346,base600,0,0.7704958307955573,2.3715277777777777,0.39999999999999997,9,2299,8
347,base600,0,0.760125135902698,2.34375,0.39999999999999997,9,2299,8
348,base600,0,0.760125135902698,2.34375,0.39999999999999997,9,2299,8
349,base600,0,0.7688079491941345,2.357638888888889,0.39999999999999997,9,2299,8
350,base600,0,0.7703812531271139,2.3628472222222223,0.39999999999999997,9,2299,8
351,base600,0,0.7688079491941345,2.359375,0.39999999999999997,9,2299,8
352,base600,0,0.766502819167546,2.3524305555555554,0.39999999999999997,9,2300,8
353,base600,0,0.7669964093973652,2.3506944444444446,0.39999999999999997,9,2300,8
354,base600,0,0.7616850387247344,2.3333333333333335,0.39999999999999997,9,2300,8
355,base600,0,0.7628054565959473,2.342013888888889,0.39999999999999997,9,2300,8
356,base600,0,0.766502819167546,2.345486111111111,0.39999999999999997,9,2300,8
357,base600,0,0.7643994355951967,2.329861111111111,0.39999999999999997,9,2300,8
358,base600,0,0.7574368023459467,2.3177083333333335,0.39999999999999997,9,2300,8
359,base600,0,0.7519705218236505,2.3003472222222223,0.39999999999999997,9,2300,8
360,base600,0,0.7563499043493803,2.3072916666666665,0.39999999999999997,9,2300,8
361,base600,0,0.7629127182375808,2.3194444444444446,0.39999999999999997,9,2300,8
362,base600,0,0.7613030709069336,2.310763888888889,0.39999999999999997,9,2300,8
363,base600,0,0.7613030709069336,2.3072916666666665,0.39999999999999997,9,2301,8
364,base600,0,0.766669140947529,2.326388888888889,0.39999999999999997,9,2301,8
365,base600,0,0.7650777973352669,2.329861111111111,0.39999999999999997,9,2301,8
366,base600,0,0.7618497501888073,2.328125,0.39999999999999997,9,2301,8
367,base600,0,0.7590642827471598,2.3159722222222223,0.39999999999999997,9,2301,8
368,base600,0,0.7669964093973652,2.3385416666666665,0.39999999999999997,9,2301,8
369,base600,0,0.768584152394632,2.342013888888889,0.39999999999999997,9,2301,8
370,base600,0,0.7758011367999276,2.359375,0.39999999999999997,9,2301,8
371,base600,0,0.7843564473034191,2.3663194444444446,0.39999999999999997,9,2301,8
372,base600,0,0.785846281152823,2.376736111111111,0.39999999999999997,10,2301,8
373,base600,0,0.7887848664652714,2.3802083333333335,0.39999999999999997,10,2301,8
374,base600,0,0.7921845191284719,2.3836805555555554,0.39999999999999997,10,2301,8
375,base600,0,0.7921845191284719,2.3871527777777777,0.39999999999999997,10,2301,8
376,base600,0,0.7895974635113076,2.3836805555555554,0.39999999999999997,10,2302,8
377,base600,0,0.7876267445114221,2.3819444444444446,0.39999999999999997,10,2302,8
378,base600,0,0.787077465364101,2.375,0.39999999999999997,10,2302,8
379,base600,0,0.7885061775215613,2.376736111111111,0.39999999999999997,10,2302,8
380,base600,0,0.7899218558981094,2.3819444444444446,0.39999999999999997,10,2302,8
381,base600,0,0.7885061775215613,2.3819444444444446,0.39999999999999997,10,2302,8
382,base600,0,0.7864998211975835,2.375,0.39999999999999997,10,2302,8
383,base600,0,0.787077465364101,2.375,0.39999999999999997,10,2302,8
384,base600,0,0.7924571211049136,2.3854166666666665,0.39999999999999997,10,2302,8
385,base600,0,0.7972047075744921,2.390625,0.39999999999999997,10,2302,8
386,base600,0,0.8037669437251663,2.4097222222222223,0.39999999999999997,10,2302,8
387,base600,0,0.8037669437251663,2.4010416666666665,0.39999999999999997,10,2302,8
388,base600,0,0.8018713452306837,2.3975694444444446,0.39999999999999997,10,2303,8
389,base600,0,0.8037669437251663,2.404513888888889,0.39999999999999997,10,2303,8
390,base600,0,0.8170365942711431,2.4253472222222223,0.39999999999999997,10,2303,9
391,base600,0,0.8214891223548478,2.4270833333333335,0.39999999999999997,10,2303,9
392,base600,0,0.8253184066621825,2.4305555555555554,0.39999999999999997,10,2303,9
393,base600,0,0.8253184066621825,2.4305555555555554,0.39999999999999997,10,2303,9
394,base600,0,0.8271292272179774,2.4322916666666665,0.39999999999999997,10,2303,9
395,base600,0,0.8245925885880926,2.4270833333333335,0.39999999999999997,10,2303,9
396,base600,0,0.8196529454935629,2.4149305555555554,0.39999999999999997,10,2303,9
397,base600,0,0.8196529454935629,2.4131944444444446,0.39999999999999997,10,2303,9
398,base600,0,0.8201892825575654,2.4166666666666665,0.39999999999999997,10,2303,9
399,base600,0,0.8206999740167658,2.4131944444444446,0.39999999999999997,10,2303,9
400,base600,0,0.818045008960168,2.4010416666666665,0.39999999999999997,10,2303,9
401,base600,0,0.8189503058921151,2.407986111111111,0.39999999999999997,10,2304,9
402,base600,0,0.8193645182235857,2.4114583333333335,0.39999999999999997,10,2304,9
403,base600,0,0.8179883257589379,2.4097222222222223,0.39999999999999997,9,2304,9
404,base600,0,0.8197532193282353,2.4184027777777777,0.39999999999999997,9,2304,9
405,base600,0,0.8197532193282353,2.423611111111111,0.39999999999999997,9,2304,9
406,base600,0,0.8215006791114093,2.435763888888889,0.39999999999999997,9,2304,9
407,base600,0,0.8228721522406827,2.435763888888889,0.39999999999999997,9,2304,9
408,base600,0,0.8263110669410099,2.4427083333333335,0.39999999999999997,9,2304,9
409,base600,0,0.8263110669410099,2.4427083333333335,0.39999999999999997,8,2304,9
410,base600,0,0.8293573755338127,2.4444444444444446,0.39999999999999997,8,2304,9
411,base600,0,0.8293573755338127,2.4444444444444446,0.39999999999999997,8,2304,9
412,base600,0,0.8306970511198012,2.454861111111111,0.39999999999999997,8,2304,9
413,base600,0,0.8276653814166021,2.453125,0.39999999999999997,8,2304,9
414,base600,0,0.8299843371694741,2.4600694444444446,0.39999999999999997,8,2304,9
415,base600,0,0.8216280476313274,2.4444444444444446,0.39999999999999997,8,2304,8
416,base600,0,0.8246524840172729,2.4565972222222223,0.39999999999999997,9,2304,8
417,base600,0,0.8246524840172729,2.4565972222222223,0.39999999999999997,9,2304,8
418,base600,0,0.8278911699204048,2.467013888888889,0.39999999999999997,9,2304,8
419,base600,0,0.8265162356355393,2.4496527777777777,0.39999999999999997,8,2304,8
420,base600,0,0.8204761277966266,2.4322916666666665,0.39999999999999997,8,2304,8
421,base600,0,0.8257315581091912,2.4409722222222223,0.39999999999999997,8,2304,8
422,base600,0,0.8257315581091912,2.439236111111111,0.39999999999999997,8,2304,8
423,base600,0,0.8257315581091912,2.439236111111111,0.39999999999999997,7,2304,8
424,base600,0,0.8257315581091912,2.439236111111111,0.39999999999999997,7,2304,8
425,base600,0,0.8240751212133955,2.4375,0.39999999999999997,7,2304,8
426,base600,0,0.8240751212133955,2.4375,0.39999999999999997,7,2304,8
427,base600,0,0.8240751212133955,2.4375,0.39999999999999997,7,2304,8
428,base600,0,0.823805376750614,2.4444444444444446,0.39999999999999997,7,2304,8
429,base600,0,0.8221186347028392,2.439236111111111,0.39999999999999997,7,2304,8
430,base600,0,0.8248903550611887,2.4409722222222223,0.39999999999999997,7,2304,8
431,base600,0,0.8251953477474523,2.439236111111111,0.39999999999999997,7,2304,8
432,base600,0,0.823805376750614,2.4461805555555554,0.39999999999999997,7,2304,8
433,base600,0,0.823805376750614,2.4461805555555554,0.39999999999999997,7,2304,8
434,base600,0,0.823805376750614,2.4461805555555554,0.39999999999999997,7,2304,8
435,base600,0,0.8235108970905809,2.4496527777777777,0.39999999999999997,7,2304,8
436,base600,0,0.8235108970905809,2.4496527777777777,0.39999999999999997,8,2304,8
437,base600,0,0.8221186347028392,2.4479166666666665,0.39999999999999997,8,2304,8
438,base600,0,0.8186951364160934,2.4375,0.39999999999999997,8,2304,8
439,base600,0,0.8204152932974704,2.4375,0.39999999999999997,8,2304,8
440,base600,0,0.8221186347028392,2.4409722222222223,0.39999999999999997,8,2304,8
441,base600,0,0.8200920563101433,2.439236111111111,0.39999999999999997,8,2304,8
442,base600,0,0.8231916259910997,2.4461805555555554,0.39999999999999997,9,2304,8
443,base600,0,0.8218098718632758,2.4461805555555554,0.39999999999999997,10,2304,8
444,base600,0,0.8235108970905809,2.4479166666666665,0.39999999999999997,11,2304,8
445,base600,0,0.8251953477474523,2.451388888888889,0.39999999999999997,11,2304,8
446,base600,0,0.8154060193542085,2.4409722222222223,0.39999999999999997,11,2304,7
447,base600,0,0.8156513901546522,2.4461805555555554,0.39999999999999997,11,2304,7
448,base600,0,0.8139811852033643,2.4444444444444446,0.39999999999999997,11,2304,7
449,base600,0,0.8125431125831375,2.4427083333333335,0.39999999999999997,11,2304,7
450,base600,0,0.8146102216541491,2.4496527777777777,0.39999999999999997,11,2304,7
451,base600,0,0.8146102216541491,2.4496527777777777,0.39999999999999997,11,2304,7
452,base600,0,0.8131386467257955,2.4618055555555554,0.39999999999999997,12,2304,7
453,base600,0,0.8134165823728166,2.467013888888889,0.39999999999999997,12,2304,7
454,base600,0,0.8132897218244365,2.4739583333333335,0.39999999999999997,12,2304,7
455,base600,0,0.8101033416498098,2.4618055555555554,0.39999999999999997,12,2304,7
456,base600,0,0.8117679749197078,2.4618055555555554,0.39999999999999997,12,2304,7
457,base600,0,0.8101033416498098,2.451388888888889,0.39999999999999997,12,2304,7
458,base600,0,0.8085647134440827,2.4461805555555554,0.39999999999999997,12,2304,7
459,base600,0,0.8084224799585205,2.4461805555555554,0.39999999999999997,12,2304,7
460,base600,0,0.8005435324808828,2.4305555555555554,0.39999999999999997,12,2304,7
461,base600,0,0.8006738030615529,2.421875,0.39999999999999997,13,2304,7
462,base600,0,0.7956865901518168,2.407986111111111,0.39999999999999997,13,2304,7
463,base600,0,0.7972399939973294,2.40625,0.39999999999999997,13,2304,7
464,base600,0,0.8032577463423404,2.4131944444444446,0.39999999999999997,13,2304,7
465,base600,0,0.8080820294499874,2.4166666666666665,0.39999999999999997,14,2304,7
466,base600,0,0.8079628369220191,2.4131944444444446,0.39999999999999997,15,2304,7
467,base600,0,0.8112222466662442,2.420138888888889,0.39999999999999997,14,2304,7
468,base600,0,0.812770104865633,2.4184027777777777,0.39999999999999997,14,2304,7
469,base600,0,0.814445414034691,2.4253472222222223,0.39999999999999997,14,2304,7
470,base600,0,0.8176328640293588,2.4322916666666665,0.39999999999999997,13,2304,7
471,base600,0,0.8176328640293588,2.4340277777777777,0.39999999999999997,13,2304,7
472,base600,0,0.8126141208744615,2.4149305555555554,0.39999999999999997,13,2304,7
473,base600,0,0.8158221892704529,2.4131944444444446,0.39999999999999997,13,2304,7
474,base600,0,0.8174925939138579,2.4010416666666665,0.39999999999999997,12,2304,7
475,base600,0,0.8159762078153656,2.3958333333333335,0.39999999999999997,11,2304,7
476,base600,0,0.8143033622010899,2.3958333333333335,0.39999999999999997,11,2304,7
477,base600,0,0.8143033622010899,2.4027777777777777,0.39999999999999997,10,2304,7
478,base600,0,0.8074610737799454,2.4027777777777777,0.39999999999999997,10,2304,7
479,base600,0,0.8004604852437883,2.390625,0.39999999999999997,10,2304,7
480,base600,0,0.8053446668392278,2.404513888888889,0.39999999999999997,11,2304,7
481,base600,0,0.8053446668392278,2.4010416666666665,0.39999999999999997,11,2304,7
482,base600,0,0.8068745963020209,2.4010416666666665,0.39999999999999997,11,2304,7
483,base600,0,0.8116520388395378,2.4114583333333335,0.39999999999999997,11,2304,7
484,base600,0,0.8177016753929574,2.4270833333333335,0.39999999999999997,11,2304,7
485,base600,0,0.8221759735358758,2.435763888888889,0.39999999999999997,11,2304,7
486,base600,0,0.8220215125371849,2.4375,0.39999999999999997,11,2304,7
487,base600,0,0.8232459224313142,2.439236111111111,0.39999999999999997,11,2304,7
488,base600,0,0.817238622188918,2.4322916666666665,0.39999999999999997,11,2304,7
489,base600,0,0.8186253608280473,2.4322916666666665,0.39999999999999997,11,2304,7
490,base600,0,0.8097483266106862,2.423611111111111,0.39999999999999997,11,2304,6
491,base600,0,0.8097483266106862,2.423611111111111,0.39999999999999997,11,2304,6
492,base600,0,0.8083610101399727,2.423611111111111,0.39999999999999997,12,2304,6
493,base600,0,0.8083610101399727,2.4253472222222223,0.39999999999999997,12,2304,6
494,base600,0,0.8055481713983605,2.4184027777777777,0.39999999999999997,12,2304,6
495,base600,0,0.801231277255506,2.4131944444444446,0.39999999999999997,12,2304,6
496,base600,0,0.7982865507745625,2.407986111111111,0.39999999999999997,12,2304,6
497,base600,0,0.7984471385004497,2.40625,0.39999999999999997,12,2304,6
498,base600,0,0.7938919816800699,2.3836805555555554,0.39999999999999997,12,2304,6
499,base600,0,0.795536958148736,2.3854166666666665,0.39999999999999997,12,2304,6
500,base600,0,0.7971663871288996,2.390625,0.39999999999999997,12,2304,6
501,base600,0,0.795536958148736,2.3802083333333335,0.39999999999999997,12,2304,6
502,base600,0,0.795536958148736,2.3680555555555554,0.39999999999999997,12,2304,6
503,base600,0,0.7938919816800699,2.3628472222222223,0.39999999999999997,12,2304,6
504,base600,0,0.789207800122249,2.3524305555555554,0.39999999999999997,12,2304,6
505,base600,0,0.7907838097878065,2.3559027777777777,0.39999999999999997,12,2304,6
506,base600,0,0.7819868427303792,2.345486111111111,0.39999999999999997,12,2304,5
507,base600,0,0.7818848648533991,2.345486111111111,0.39999999999999997,12,2304,5
508,base600,0,0.77690619966564,2.345486111111111,0.39999999999999997,12,2304,5
509,base600,0,0.776763234902517,2.342013888888889,0.39999999999999997,12,2304,5
510,base600,0,0.7750230591425646,2.3506944444444446,0.39999999999999997,12,2304,5
511,base600,0,0.7783317823714292,2.3506944444444446,0.39999999999999997,12,2304,5
512,base600,0,0.7833063525449108,2.3645833333333335,0.39999999999999997,12,2304,5
513,base600,0,0.783445763839903,2.3784722222222223,0.39999999999999997,12,2304,5
514,base600,0,0.7883163959684241,2.3975694444444446,0.39999999999999997,12,2304,5
515,base600,0,0.7931862790517511,2.421875,0.39999999999999997,12,2304,5
516,base600,0,0.7915159162966044,2.423611111111111,0.39999999999999997,11,2304,5
517,base600,0,0.7916359255622317,2.4270833333333335,0.39999999999999997,11,2304,5
518,base600,0,0.7947362198633446,2.4444444444444446,0.39999999999999997,11,2304,5
519,base600,0,0.7962532047026308,2.4496527777777777,0.39999999999999997,11,2304,5
520,base600,0,0.797779727319185,2.453125,0.39999999999999997,11,2304,5
521,base600,0,0.8022758586038478,2.4635416666666665,0.39999999999999997,11,2304,5
522,base600,0,0.796811301834998,2.4618055555555554,0.39999999999999997,11,2304,5
523,base600,0,0.7937437210537988,2.454861111111111,0.39999999999999997,11,2304,5
524,base600,0,0.7938132984500784,2.4565972222222223,0.39999999999999997,11,2304,5
525,base600,0,0.7920835596564805,2.4496527777777777,0.39999999999999997,11,2304,5
526,base600,0,0.7935349178424347,2.454861111111111,0.39999999999999997,11,2304,5
527,base600,0,0.7948231787034692,2.4618055555555554,0.39999999999999997,11,2304,5
528,base600,0,0.7905015784692445,2.454861111111111,0.39999999999999997,11,2304,5
529,base600,0,0.7905015784692445,2.454861111111111,0.39999999999999997,11,2304,5
530,base600,0,0.7903606644106701,2.454861111111111,0.39999999999999997,11,2304,5
531,base600,0,0.7933956564435108,2.4565972222222223,0.39999999999999997,11,2304,5
532,base600,0,0.7903606644106701,2.4496527777777777,0.39999999999999997,11,2304,5
533,base600,0,0.7948231787034692,2.4600694444444446,0.39999999999999997,11,2304,5
534,base600,0,0.7948231787034692,2.4600694444444446,0.39999999999999997,11,2304,5
535,base600,0,0.7978110426630628,2.46875,0.39999999999999997,11,2304,5
536,base600,0,0.7990293622918053,2.4756944444444446,0.39999999999999997,11,2304,5
537,base600,0,0.7988250335063923,2.4635416666666665,0.39999999999999997,11,2304,5
538,base600,0,0.8031238111417186,2.4791666666666665,0.39999999999999997,11,2304,5
539,base600,0,0.8044644085586715,2.484375,0.39999999999999997,11,2304,5
540,base600,0,0.8044644085586715,2.484375,0.39999999999999997,11,2304,5
541,base600,0,0.8001919266941696,2.4791666666666665,0.39999999999999997,11,2304,5
542,base600,0,0.7953647396587782,2.46875,0.39999999999999997,11,2304,5
543,base600,0,0.7953647396587782,2.46875,0.39999999999999997,11,2304,5
544,base600,0,0.794234143879019,2.4635416666666665,0.39999999999999997,11,2304,5
545,base600,0,0.792838135520865,2.4652777777777777,0.39999999999999997,11,2304,5
546,base600,0,0.794234143879019,2.467013888888889,0.39999999999999997,11,2304,5
547,base600,0,0.796054213986264,2.4756944444444446,0.39999999999999997,12,2304,5
548,base600,0,0.796054213986264,2.4756944444444446,0.39999999999999997,12,2304,5
549,base600,0,0.7978110426630628,2.4774305555555554,0.39999999999999997,12,2304,5
550,base600,0,0.7962378784299058,2.4635416666666665,0.39999999999999997,12,2304,5
551,base600,0,0.796054213986264,2.4618055555555554,0.39999999999999997,12,2304,5
552,base600,0,0.7930472951185081,2.4461805555555554,0.39999999999999997,12,2304,5
553,base600,0,0.794234143879019,2.435763888888889,0.39999999999999997,12,2304,5
554,base600,0,0.7990293622918053,2.4427083333333335,0.39999999999999997,12,2304,5
555,base600,0,0.7988250335063923,2.4427083333333335,0.39999999999999997,12,2304,5
556,base600,0,0.7999547293965525,2.4479166666666665,0.39999999999999997,13,2304,5
557,base600,0,0.80102974624541,2.4496527777777777,0.39999999999999997,13,2304,5
558,base600,0,0.803352739537309,2.439236111111111,0.39999999999999997,13,2304,5
559,base600,0,0.8017261422107755,2.4288194444444446,0.39999999999999997,13,2304,5
560,base600,0,0.7974602497656073,2.4114583333333335,0.39999999999999997,12,2304,5
561,base600,0,0.7987780286458875,2.4166666666666665,0.39999999999999997,12,2304,5
562,base600,0,0.7971183455925939,2.4166666666666665,0.39999999999999997,12,2304,5
563,base600,0,0.7914409853398401,2.4010416666666665,0.39999999999999997,12,2304,5
564,base600,0,0.7914409853398401,2.4166666666666665,0.39999999999999997,12,2304,5
565,base600,0,0.7927868287724755,2.420138888888889,0.39999999999999997,12,2304,5
566,base600,0,0.7931230640181367,2.421875,0.39999999999999997,12,2304,5
567,base600,0,0.7944666845644819,2.4166666666666665,0.39999999999999997,12,2304,5
568,base600,0,0.7961307113886932,2.4131944444444446,0.39999999999999997,12,2304,5
569,base600,0,0.7964398591209004,2.4097222222222223,0.39999999999999997,12,2304,5
570,base600,0,0.7893022448101095,2.3802083333333335,0.39999999999999997,12,2304,5
571,base600,0,0.7906924687086079,2.3854166666666665,0.39999999999999997,12,2304,5
572,base600,0,0.7806079390088481,2.3697916666666665,0.39999999999999997,12,2304,4
573,base600,0,0.7909617066426855,2.3836805555555554,0.39999999999999997,12,2304,5
574,base600,0,0.7926056100621038,2.392361111111111,0.39999999999999997,12,2304,5
575,base600,0,0.7916281799776386,2.390625,0.39999999999999997,12,2304,5
576,base600,0,0.7903606644106701,2.4010416666666665,0.39999999999999997,12,2304,5
577,base600,0,0.7935349178424347,2.4184027777777777,0.39999999999999997,12,2304,5
578,base600,0,0.7949731894747101,2.4184027777777777,0.39999999999999997,13,2304,5
579,base600,0,0.7965361582967271,2.4375,0.39999999999999997,13,2304,5
580,base600,0,0.7951000788236435,2.4375,0.39999999999999997,12,2304,5
581,base600,0,0.7996190793100967,2.439236111111111,0.39999999999999997,12,2304,5
582,base600,0,0.802556128071361,2.4444444444444446,0.39999999999999997,12,2304,5
583,base600,0,0.8011393619053885,2.4444444444444446,0.39999999999999997,12,2304,5
584,base600,0,0.7952038682038455,2.4375,0.39999999999999997,12,2304,5
585,base600,0,0.793650932785111,2.4340277777777777,0.39999999999999997,12,2304,5
586,base600,0,0.793650932785111,2.4322916666666665,0.39999999999999997,12,2304,5
587,base600,0,0.7967425331801686,2.4340277777777777,0.39999999999999997,11,2304,5
588,base600,0,0.7951000788236435,2.4253472222222223,0.39999999999999997,10,2304,5
589,base600,0,0.7965361582967271,2.4375,0.39999999999999997,10,2304,5
590,base600,0,0.7935349178424347,2.4340277777777777,0.39999999999999997,11,2304,5
591,base600,0,0.7949731894747101,2.4375,0.39999999999999997,11,2304,5
592,base600,0,0.7948231787034692,2.4305555555555554,0.39999999999999997,11,2304,5
593,base600,0,0.7861638735421719,2.421875,0.39999999999999997,11,2304,4
594,base600,0,0.7905849332450039,2.423611111111111,0.39999999999999997,11,2304,4
595,base600,0,0.7921526206617885,2.4253472222222223,0.39999999999999997,11,2304,4
596,base600,0,0.7935487754781672,2.4288194444444446,0.39999999999999997,10,2304,4
597,base600,0,0.7890027023751869,2.423611111111111,0.39999999999999997,10,2304,4
598,base600,0,0.7877504917277697,2.4184027777777777,0.39999999999999997,12,2304,4
599,base600,0,0.786441121964384,2.4114583333333335,0.39999999999999997,12,2304,4
600,base600,0,0.7803306945680589,2.4097222222222223,0.39999999999999997,12,2304,4
1,base600,1,-0.0,1.0,0.7522885505233786,0,576,1
2,base600,1,0.13582771391149043,1.140625,0.7436910999367032,16,607,5
3,base600,1,0.2304896575258392,1.2604166666666667,0.7350783220389054,16,638,6
4,base600,1,0.3184193313888343,1.3923611111111112,0.7264556871508514,16,670,6
5,base600,1,0.3853182935386076,1.5069444444444444,0.7178369039942242,17,703,6
6,base600,1,0.4291201825230738,1.5763888888888888,0.7092010360776099,17,734,6
7,base600,1,0.48957567173160305,1.6753472222222223,0.700539440386307,16,765,6
8,base600,1,0.5353206766360454,1.7204861111111112,0.691839159895681,16,795,6
9,base600,1,0.5749383155104762,1.7725694444444444,0.6831431511035815,17,824,6
10,base600,1,0.6141129829209252,1.8350694444444444,0.6744396045894985,17,852,6
11,base600,1,0.6477656478198084,1.8697916666666667,0.66572470978686,17,881,6
12,base600,1,0.6914923549838712,1.9479166666666667,0.656994692611466,16,911,6
13,base600,1,0.7245112638187776,1.9861111111111112,0.6482585162384216,16,939,7
14,base600,1,0.7542429134209577,2.0243055555555554,0.6395041874554679,16,961,7
15,base600,1,0.7810186254363359,2.0555555555555554,0.6307445810775034,16,988,7
16,base600,1,0.8012442369743035,2.0833333333333335,0.6219802926388314,16,1013,7
17,base600,1,0.823437697777867,2.107638888888889,0.6132102963228374,16,1037,7
18,base600,1,0.8492820154212884,2.1440972222222223,0.6044369703286643,16,1058,8
19,base600,1,0.8785439078210069,2.1875,0.5956547082513117,15,1078,9
20,base600,1,0.9021624573261916,2.2413194444444446,0.5868685786294188,14,1102,9
21,base600,1,0.9230414811021346,2.279513888888889,0.5781132781112238,14,1125,9
22,base600,1,0.9455945430180835,2.3211805555555554,0.5694224147619394,14,1147,9
23,base600,1,0.9626030538001166,2.3541666666666665,0.5608272838284192,14,1169,9
24,base600,1,0.9703119862430958,2.3645833333333335,0.5523725703420356,14,1186,9
25,base600,1,0.9940690657411467,2.4027777777777777,0.5440905968493925,14,1207,9
26,base600,1,1.005397652554639,2.4305555555555554,0.535994997650097,13,1221,9
27,base600,1,1.013850607157271,2.453125,0.5281365068245467,13,1240,9
28,base600,1,1.0273981674809132,2.4791666666666665,0.5205566857356132,13,1260,9
29,base600,1,1.0437248317901704,2.5190972222222223,0.5132613397173824,13,1278,9
30,base600,1,1.0574335407302613,2.5677083333333335,0.5062100009942352,13,1291,9
31,base600,1,1.0734973475299274,2.6024305555555554,0.49939592083101036,13,1309,9
32,base600,1,1.0834826860819635,2.6336805555555554,0.49283626034604056,13,1328,9
33,base600,1,1.087188675552312,2.6354166666666665,0.4865068047151859,13,1342,9
34,base600,1,1.0936590741018322,2.6440972222222223,0.48044206176137294,12,1356,9
35,base600,1,1.1075847067135118,2.6527777777777777,0.4745916124055267,12,1372,9
36,base600,1,1.107685374822349,2.6440972222222223,0.4689556494567181,12,1389,9
37,base600,1,1.111625317746022,2.6458333333333335,0.4634901870042796,12,1403,9
38,base600,1,1.1146587100027476,2.6440972222222223,0.45821701257311037,12,1420,9
39,base600,1,1.1175968024464609,2.6458333333333335,0.4531078954103465,12,1432,9
40,base600,1,1.1239502521663578,2.6493055555555554,0.44818631311591356,12,1447,9
41,base600,1,1.1302961865719559,2.6631944444444446,0.44343375297249976,12,1455,9
42,base600,1,1.1343639696977401,2.6666666666666665,0.43888006927418743,12,1466,9
43,base600,1,1.136872381932837,2.671875,0.43449634589329295,12,1482,9
44,base600,1,1.14152346155553,2.6805555555555554,0.43033864776657565,12,1488,9
45,base600,1,1.1470441985065898,2.6944444444444446,0.426374678460277,12,1499,9
46,base600,1,1.1487260591900448,2.6909722222222223,0.42267399719095416,12,1508,9
47,base600,1,1.1495585134490867,2.6805555555555554,0.4192682654739835,12,1519,9
48,base600,1,1.1533777224270905,2.6927083333333335,0.41617236241702354,12,1532,9
49,base600,1,1.1555050143361398,2.6927083333333335,0.41336948235360693,12,1542,9
50,base600,1,1.165160622606281,2.7152777777777777,0.41084939105258783,12,1554,9
51,base600,1,1.1766581129513816,2.7413194444444446,0.40859279776523794,11,1564,9
52,base600,1,1.182826959691718,2.7586805555555554,0.40660323210695243,10,1575,9
53,base600,1,1.1948515879417438,2.7847222222222223,0.4048636187017872,10,1585,9
54,base600,1,1.2026367724516347,2.8003472222222223,0.40339875671173675,10,1600,9
55,base600,1,1.2055034385801517,2.8003472222222223,0.40217524710870306,10,1609,9
56,base600,1,1.2038550130429808,2.7899305555555554,0.40124836707965006,10,1621,9
57,base600,1,1.2106681512962238,2.814236111111111,0.40061327857616824,10,1629,9
58,base600,1,1.216686338860579,2.845486111111111,0.4002422210285734,10,1637,9
59,base600,1,1.2209581764295547,2.845486111111111,0.4000438512229877,10,1645,10
60,base600,1,1.2229440261141138,2.8506944444444446,0.39999999999999997,10,1650,10
61,base600,1,1.2264086275562938,2.859375,0.39999999999999997,10,1661,10
62,base600,1,1.230224807614195,2.8628472222222223,0.39999999999999997,10,1670,10
63,base600,1,1.230668822732112,2.8559027777777777,0.39999999999999997,11,1677,10
64,base600,1,1.2341005264855225,2.8697916666666665,0.39999999999999997,11,1686,10
65,base600,1,1.2418092997950143,2.8871527777777777,0.39999999999999997,11,1697,10
66,base600,1,1.2428367138482708,2.8940972222222223,0.39999999999999997,11,1702,10
67,base600,1,1.2478343980674242,2.9149305555555554,0.39999999999999997,11,1711,10
68,base600,1,1.2527430674103908,2.9270833333333335,0.39999999999999997,11,1718,10
69,base600,1,1.252167632550785,2.921875,0.39999999999999997,11,1725,10
70,base600,1,1.2534447340307402,2.9184027777777777,0.39999999999999997,11,1735,10
71,base600,1,1.2599440156046349,2.9270833333333335,0.39999999999999997,11,1745,10
72,base600,1,1.2649921469065635,2.9305555555555554,0.39999999999999997,11,1751,10
73,base600,1,1.2693790632175574,2.939236111111111,0.39999999999999997,11,1755,10
74,base600,1,1.2768930007490338,2.9375,0.39999999999999997,11,1761,11
75,base600,1,1.2813950176767086,2.9496527777777777,0.39999999999999997,11,1771,11
76,base600,1,1.2776652970714661,2.9461805555555554,0.39999999999999997,11,1774,11
77,base600,1,1.2842039211674376,2.9583333333333335,0.39999999999999997,12,1782,11
78,base600,1,1.2880173380032118,2.9652777777777777,0.39999999999999997,12,1791,11
79,base600,1,1.289740218208872,2.9722222222222223,0.39999999999999997,12,1797,11
80,base600,1,1.2925619256293488,2.9809027777777777,0.39999999999999997,12,1805,11
81,base600,1,1.2891586126408963,2.96875,0.39999999999999997,12,1812,11
82,base600,1,1.2921374725220738,2.9722222222222223,0.39999999999999997,12,1822,11
83,base600,1,1.2980896081369908,2.9774305555555554,0.39999999999999997,11,1825,11
84,base600,1,1.2970774698632304,2.9756944444444446,0.39999999999999997,11,1832,11
85,base600,1,1.3017576797367485,2.982638888888889,0.39999999999999997,11,1837,11
86,base600,1,1.30528048010253,2.9913194444444446,0.39999999999999997,11,1847,11
87,base600,1,1.3070572222376742,3.001736111111111,0.39999999999999997,10,1853,11
88,base600,1,1.3092052534611807,2.9895833333333335,0.39999999999999997,10,1860,11
89,base600,1,1.3091899319226636,2.96875,0.39999999999999997,10,1865,11
90,base600,1,1.3107803758449437,2.967013888888889,0.39999999999999997,10,1869,11
91,base600,1,1.3103827048960637,2.967013888888889,0.39999999999999997,10,1875,11
92,base600,1,1.3108718506008719,2.967013888888889,0.39999999999999997,9,1878,11
93,base600,1,1.3093915994729575,2.954861111111111,0.39999999999999997,9,1884,11
94,base600,1,1.3119074864635336,2.967013888888889,0.39999999999999997,9,1890,11
95,base600,1,1.3133722473523475,2.967013888888889,0.39999999999999997,9,1892,11
96,base600,1,1.3173201055885773,2.9809027777777777,0.39999999999999997,10,1902,11
97,base600,1,1.3159682736950813,2.9809027777777777,0.39999999999999997,10,1907,11
98,base600,1,1.3139180247899396,2.967013888888889,0.39999999999999997,10,1914,11
99,base600,1,1.3128614016487288,2.954861111111111,0.39999999999999997,10,1925,11
100,base600,1,1.3177424543554868,2.9583333333333335,0.39999999999999997,10,1932,11
101,base600,1,1.316361098399884,2.9461805555555554,0.39999999999999997,10,1937,11
102,base600,1,1.3070619431915664,2.9305555555555554,0.39999999999999997,10,1940,11
103,base600,1,1.310664024976645,2.9322916666666665,0.39999999999999997,10,1943,11
104,base600,1,1.3123845579319051,2.9322916666666665,0.39999999999999997,10,1950,11
105,base600,1,1.3233516977829833,2.953125,0.39999999999999997,10,1955,11
106,base600,1,1.3248586537699687,2.9635416666666665,0.39999999999999997,10,1959,11
107,base600,1,1.3225792086400774,2.9618055555555554,0.39999999999999997,11,1963,11
108,base600,1,1.3233034100660175,2.9618055555555554,0.39999999999999997,11,1966,11
109,base600,1,1.3239818791237423,2.9618055555555554,0.39999999999999997,11,1969,11
110,base600,1,1.3261207508440322,2.9496527777777777,0.39999999999999997,11,1975,11
111,base600,1,1.3282437014126198,2.954861111111111,0.39999999999999997,10,1981,11
112,base600,1,1.3240935549259258,2.9427083333333335,0.39999999999999997,10,1984,11
113,base600,1,1.3194337276518677,2.9305555555555554,0.39999999999999997,10,1993,11
114,base600,1,1.3151672640682714,2.9270833333333335,0.39999999999999997,10,1993,11
115,base600,1,1.3158768544637773,2.923611111111111,0.39999999999999997,10,1997,11
116,base600,1,1.318598839616829,2.9322916666666665,0.39999999999999997,10,2001,11
117,base600,1,1.3229813765699352,2.9461805555555554,0.39999999999999997,10,2008,11
118,base600,1,1.328405133913213,2.9600694444444446,0.39999999999999997,10,2013,11
119,base600,1,1.3313031729138576,2.967013888888889,0.39999999999999997,10,2017,11
120,base600,1,1.3299370927891665,2.953125,0.39999999999999997,10,2019,11
121,base600,1,1.3357274929760323,2.9756944444444446,0.39999999999999997,10,2026,11
122,base600,1,1.3370617480874982,2.9774305555555554,0.39999999999999997,9,2029,11
123,base600,1,1.3393036710731407,2.96875,0.39999999999999997,9,2033,11
124,base600,1,1.336670872987196,2.954861111111111,0.39999999999999997,9,2037,11
125,base600,1,1.3351360373901213,2.9496527777777777,0.39999999999999997,9,2038,11
126,base600,1,1.338025768124575,2.951388888888889,0.39999999999999997,9,2041,11
127,base600,1,1.3343764415338788,2.9375,0.39999999999999997,8,2044,11
128,base600,1,1.341144328258632,2.9479166666666665,0.39999999999999997,7,2048,11
129,base600,1,1.3410512337692615,2.9479166666666665,0.39999999999999997,7,2053,11
130,base600,1,1.3434470921990254,2.9565972222222223,0.39999999999999997,8,2057,11
131,base600,1,1.3430514106531826,2.9444444444444446,0.39999999999999997,8,2058,11
132,base600,1,1.3443908412387797,2.9409722222222223,0.39999999999999997,8,2059,11
133,base600,1,1.3452203099042574,2.9427083333333335,0.39999999999999997,8,2064,11
134,base600,1,1.3452203099042574,2.9427083333333335,0.39999999999999997,8,2067,11
135,base600,1,1.3501915898878918,2.9600694444444446,0.39999999999999997,9,2070,11
136,base600,1,1.3494825560162975,2.951388888888889,0.39999999999999997,9,2073,11
137,base600,1,1.3474822556558446,2.954861111111111,0.39999999999999997,9,2075,10
138,base600,1,1.346380255462245,2.951388888888889,0.39999999999999997,9,2076,10
139,base600,1,1.3422190453902743,2.9461805555555554,0.39999999999999997,9,2078,10
140,base600,1,1.3459800679688736,2.954861111111111,0.39999999999999997,10,2083,10
141,base600,1,1.3468300730705083,2.954861111111111,0.39999999999999997,10,2085,10
142,base600,1,1.3459377353803337,2.9409722222222223,0.39999999999999997,10,2091,10
143,base600,1,1.3428554813551075,2.935763888888889,0.39999999999999997,10,2096,10
144,base600,1,1.3396100347261621,2.9253472222222223,0.39999999999999997,10,2099,10
145,base600,1,1.3419150623589196,2.9409722222222223,0.39999999999999997,10,2099,10
146,base600,1,1.3367102131274908,2.9184027777777777,0.39999999999999997,10,2101,10
147,base600,1,1.3379868512820632,2.921875,0.39999999999999997,10,2105,10
148,base600,1,1.3388183578910735,2.923611111111111,0.39999999999999997,10,2110,10
149,base600,1,1.3365295320843962,2.9166666666666665,0.39999999999999997,9,2113,10
150,base600,1,1.337588672683797,2.9027777777777777,0.39999999999999997,9,2115,10
151,base600,1,1.3410080143377916,2.9340277777777777,0.39999999999999997,9,2116,10
152,base600,1,1.3396175402779935,2.9340277777777777,0.39999999999999997,9,2117,10
153,base600,1,1.3380295895529213,2.9340277777777777,0.39999999999999997,8,2119,10
154,base600,1,1.3322946092299413,2.921875,0.39999999999999997,8,2121,10
155,base600,1,1.3300822674892632,2.9166666666666665,0.39999999999999997,8,2124,10
156,base600,1,1.3313380842777558,2.9166666666666665,0.39999999999999997,8,2126,10
157,base600,1,1.3236942175918314,2.8993055555555554,0.39999999999999997,8,2126,10
158,base600,1,1.3227192524862166,2.890625,0.39999999999999997,8,2128,10
159,base600,1,1.3132520126049945,2.873263888888889,0.39999999999999997,8,2130,9
160,base600,1,1.3117618521357193,2.8559027777777777,0.39999999999999997,8,2130,9
161,base600,1,1.3096574540277068,2.8472222222222223,0.39999999999999997,8,2132,9
162,base600,1,1.3062667170501716,2.829861111111111,0.39999999999999997,8,2133,9
163,base600,1,1.298790806849552,2.8229166666666665,0.39999999999999997,8,2134,9
164,base600,1,1.2976393171733867,2.8211805555555554,0.39999999999999997,8,2134,9
165,base600,1,1.2983280615389876,2.8211805555555554,0.39999999999999997,8,2134,9
166,base600,1,1.2970161951831367,2.8194444444444446,0.39999999999999997,8,2136,9
167,base600,1,1.2968796532387832,2.8194444444444446,0.39999999999999997,8,2140,9
168,base600,1,1.2933651475203136,2.8159722222222223,0.39999999999999997,8,2141,9
169,base600,1,1.2916186606186524,2.8125,0.39999999999999997,8,2141,9
170,base600,1,1.2935589482790317,2.8246527777777777,0.39999999999999997,8,2142,9
171,base600,1,1.2945019008345877,2.826388888888889,0.39999999999999997,8,2143,9
172,base600,1,1.2913652866131249,2.8211805555555554,0.39999999999999997,8,2143,9
173,base600,1,1.2832811245854987,2.8125,0.39999999999999997,8,2143,9
174,base600,1,1.2831060622906116,2.8125,0.39999999999999997,8,2145,9
175,base600,1,1.2904341924958536,2.8159722222222223,0.39999999999999997,8,2147,9
176,base600,1,1.2843983525615499,2.8055555555555554,0.39999999999999997,8,2151,9
177,base600,1,1.2833617816647047,2.8125,0.39999999999999997,8,2151,9
178,base600,1,1.2813356610280928,2.8090277777777777,0.39999999999999997,8,2154,9
179,base600,1,1.2822540620794254,2.7899305555555554,0.39999999999999997,8,2155,9
180,base600,1,1.27688270566095,2.7916666666666665,0.39999999999999997,8,2159,9
181,base600,1,1.2734174298123715,2.7934027777777777,0.39999999999999997,8,2161,9
182,base600,1,1.2773638901586246,2.8246527777777777,0.39999999999999997,8,2163,9
183,base600,1,1.2780292508510869,2.828125,0.39999999999999997,8,2166,9
184,base600,1,1.276774021106644,2.8159722222222223,0.39999999999999997,8,2168,9
185,base600,1,1.2727405335666138,2.7916666666666665,0.39999999999999997,8,2168,9
186,base600,1,1.2747376899904679,2.7916666666666665,0.39999999999999997,8,2168,9
187,base600,1,1.2776432296918425,2.8003472222222223,0.39999999999999997,8,2168,9
188,base600,1,1.2771404650449705,2.8003472222222223,0.39999999999999997,8,2168,9
189,base600,1,1.27317145028907,2.798611111111111,0.39999999999999997,8,2168,9
190,base600,1,1.2704848712466714,2.798611111111111,0.39999999999999997,8,2169,9
191,base600,1,1.2704848712466714,2.798611111111111,0.39999999999999997,8,2170,9
192,base600,1,1.2733625528688222,2.810763888888889,0.39999999999999997,8,2172,9
193,base600,1,1.2740289365925443,2.810763888888889,0.39999999999999997,8,2175,9
194,base600,1,1.2704170707949698,2.7916666666666665,0.39999999999999997,8,2176,9
195,base600,1,1.2702556444737572,2.7916666666666665,0.39999999999999997,8,2177,9
196,base600,1,1.2702556444737572,2.7934027777777777,0.39999999999999997,8,2177,9
197,base600,1,1.2704170707949698,2.7899305555555554,0.39999999999999997,8,2179,9
198,base600,1,1.2688295308540305,2.7881944444444446,0.39999999999999997,9,2181,9
199,base600,1,1.2740635756690666,2.796875,0.39999999999999997,10,2183,9
200,base600,1,1.2727753369213934,2.795138888888889,0.39999999999999997,10,2184,9
201,base600,1,1.2751242101871445,2.8072916666666665,0.39999999999999997,11,2184,9
202,base600,1,1.2759675479152848,2.8055555555555554,0.39999999999999997,11,2186,9
203,base600,1,1.27168305396296,2.8020833333333335,0.39999999999999997,11,2189,9
204,base600,1,1.2743176135955667,2.8125,0.39999999999999997,11,2190,9
205,base600,1,1.2679568683761189,2.814236111111111,0.39999999999999997,11,2191,9
206,base600,1,1.2628541261834445,2.814236111111111,0.39999999999999997,11,2196,9
207,base600,1,1.2591075998841683,2.8020833333333335,0.39999999999999997,10,2196,9
208,base600,1,1.2604957351315427,2.798611111111111,0.39999999999999997,10,2196,9
209,base600,1,1.261717446396989,2.795138888888889,0.39999999999999997,10,2196,9
210,base600,1,1.2586563221136733,2.7864583333333335,0.39999999999999997,10,2196,9
211,base600,1,1.259284130415378,2.795138888888889,0.39999999999999997,10,2199,9
212,base600,1,1.260544364153568,2.8055555555555554,0.39999999999999997,10,2201,9
213,base600,1,1.262360935983955,2.8159722222222223,0.39999999999999997,10,2203,9
214,base600,1,1.262109335197172,2.814236111111111,0.39999999999999997,11,2204,9
215,base600,1,1.2639347477998353,2.8229166666666665,0.39999999999999997,11,2206,9
216,base600,1,1.2643601377388212,2.828125,0.39999999999999997,11,2207,9
217,base600,1,1.2634203847466097,2.8315972222222223,0.39999999999999997,11,2208,9
218,base600,1,1.2646869739786641,2.8385416666666665,0.39999999999999997,11,2211,9
219,base600,1,1.2625608653351457,2.8350694444444446,0.39999999999999997,11,2211,9
220,base600,1,1.2574620709114084,2.8229166666666665,0.39999999999999997,11,2211,9
221,base600,1,1.257124876594388,2.8159722222222223,0.39999999999999997,10,2211,9
222,base600,1,1.2546854812623716,2.8125,0.39999999999999997,10,2214,9
223,base600,1,1.2516363663382908,2.8125,0.39999999999999997,10,2217,9
224,base600,1,1.250828783559612,2.814236111111111,0.39999999999999997,10,2222,9
225,base600,1,1.249492749605151,2.8177083333333335,0.39999999999999997,10,2225,9
226,base600,1,1.249492749605151,2.8159722222222223,0.39999999999999997,10,2226,9
227,base600,1,1.244296004205265,2.814236111111111,0.39999999999999997,10,2226,9
228,base600,1,1.2373185126038928,2.8003472222222223,0.39999999999999997,10,2228,9
229,base600,1,1.2322797923426132,2.798611111111111,0.39999999999999997,10,2228,9
230,base600,1,1.2263547119694644,2.8055555555555554,0.39999999999999997,10,2230,9
231,base600,1,1.2289344078211073,2.8125,0.39999999999999997,10,2232,9
232,base600,1,1.2248104871176972,2.7934027777777777,0.39999999999999997,10,2232,9
233,base600,1,1.2190148986039653,2.7899305555555554,0.39999999999999997,10,2234,9
234,base600,1,1.2177260381353323,2.8003472222222223,0.39999999999999997,10,2234,9
235,base600,1,1.2043856724163642,2.779513888888889,0.39999999999999997,10,2237,9
236,base600,1,1.1957295641224344,2.7777777777777777,0.39999999999999997,10,2238,9
237,base600,1,1.1884277291293592,2.7395833333333335,0.39999999999999997,10,2238,9
238,base600,1,1.1912630300629832,2.7413194444444446,0.39999999999999997,10,2238,9
239,base600,1,1.1934431266932626,2.7604166666666665,0.39999999999999997,10,2238,9
240,base600,1,1.1921841981444854,2.7604166666666665,0.39999999999999997,9,2238,9
241,base600,1,1.1886779132609533,2.7604166666666665,0.39999999999999997,9,2238,9
242,base600,1,1.1846906040083387,2.7552083333333335,0.39999999999999997,9,2238,8
243,base600,1,1.1893693989122696,2.7690972222222223,0.39999999999999997,9,2240,8
244,base600,1,1.187539883415344,2.767361111111111,0.39999999999999997,9,2240,8
245,base600,1,1.1862876388788763,2.767361111111111,0.39999999999999997,9,2240,8
246,base600,1,1.1877172875195834,2.7760416666666665,0.39999999999999997,9,2244,8
247,base600,1,1.189823979694163,2.7760416666666665,0.39999999999999997,9,2244,8
248,base600,1,1.1934072177908717,2.7760416666666665,0.39999999999999997,9,2246,8
249,base600,1,1.195506170095252,2.798611111111111,0.39999999999999997,9,2248,8
250,base600,1,1.1938719492033696,2.795138888888889,0.39999999999999997,9,2248,8
251,base600,1,1.1898946900952945,2.798611111111111,0.39999999999999997,8,2248,8
252,base600,1,1.1916612821482977,2.8038194444444446,0.39999999999999997,8,2248,8
253,base600,1,1.1927756999798707,2.8072916666666665,0.39999999999999997,8,2248,8
254,base600,1,1.1892342804589515,2.796875,0.39999999999999997,8,2249,8
255,base600,1,1.1886065893346018,2.796875,0.39999999999999997,8,2250,8
256,base600,1,1.1910215930591794,2.8038194444444446,0.39999999999999997,9,2250,8
257,base600,1,1.1910804829528763,2.814236111111111,0.39999999999999997,9,2252,8
258,base600,1,1.1894333391648801,2.814236111111111,0.39999999999999997,10,2253,8
259,base600,1,1.1893750086749701,2.8194444444444446,0.39999999999999997,10,2254,8
260,base600,1,1.190999945246786,2.8211805555555554,0.39999999999999997,10,2255,8
261,base600,1,1.188306413172975,2.810763888888889,0.39999999999999997,10,2256,8
262,base600,1,1.1849696172223878,2.810763888888889,0.39999999999999997,10,2256,8
263,base600,1,1.1894531875061396,2.8177083333333335,0.39999999999999997,10,2256,8
264,base600,1,1.1899622649030777,2.8194444444444446,0.39999999999999997,10,2256,8
265,base600,1,1.1916101143554154,2.8402777777777777,0.39999999999999997,10,2257,8
266,base600,1,1.1893316532430804,2.828125,0.39999999999999997,10,2259,8
267,base600,1,1.1852325655467846,2.8350694444444446,0.39999999999999997,11,2261,8
268,base600,1,1.1793575654934625,2.8211805555555554,0.39999999999999997,11,2261,8
269,base600,1,1.1804075917254948,2.8177083333333335,0.39999999999999997,11,2261,8
270,base600,1,1.1722315317334373,2.8177083333333335,0.39999999999999997,11,2261,8
271,base600,1,1.1782829927806093,2.8333333333333335,0.39999999999999997,11,2261,8
272,base600,1,1.1771658270711267,2.84375,0.39999999999999997,11,2262,8
273,base600,1,1.179328316481024,2.8368055555555554,0.39999999999999997,11,2263,8
274,base600,1,1.1725463887253922,2.8315972222222223,0.39999999999999997,10,2265,8
275,base600,1,1.1758964517218777,2.8368055555555554,0.39999999999999997,10,2265,8
276,base600,1,1.1774057913315223,2.8472222222222223,0.39999999999999997,10,2268,8
277,base600,1,1.1713532197979206,2.8229166666666665,0.39999999999999997,10,2268,8
278,base600,1,1.175610685629485,2.829861111111111,0.39999999999999997,10,2271,8
279,base600,1,1.1696972661718108,2.814236111111111,0.39999999999999997,9,2271,7
280,base600,1,1.1639157962674334,2.810763888888889,0.39999999999999997,9,2271,7
281,base600,1,1.1666302984716688,2.810763888888889,0.39999999999999997,9,2271,7
282,base600,1,1.1666302984716688,2.810763888888889,0.39999999999999997,8,2271,7
283,base600,1,1.1666695355456804,2.8125,0.39999999999999997,8,2271,7
284,base600,1,1.1602014416680941,2.798611111111111,0.39999999999999997,7,2271,7
285,base600,1,1.1572367560845171,2.782986111111111,0.39999999999999997,7,2272,7
286,base600,1,1.157835976863078,2.782986111111111,0.39999999999999997,7,2272,7
287,base600,1,1.1540132256371103,2.78125,0.39999999999999997,7,2272,7
288,base600,1,1.148581809332243,2.767361111111111,0.39999999999999997,7,2272,7
289,base600,1,1.1495419308032508,2.7777777777777777,0.39999999999999997,7,2272,7
290,base600,1,1.1516562469407075,2.779513888888889,0.39999999999999997,7,2272,7
291,base600,1,1.1510591621609407,2.779513888888889,0.39999999999999997,7,2272,7
292,base600,1,1.1498656447407847,2.779513888888889,0.39999999999999997,7,2272,7
293,base600,1,1.1498482903239584,2.7847222222222223,0.39999999999999997,7,2272,7
294,base600,1,1.1507354527009017,2.7899305555555554,0.39999999999999997,7,2272,7
295,base600,1,1.1507539010238528,2.7899305555555554,0.39999999999999997,7,2273,7
296,base600,1,1.1479520187572316,2.7847222222222223,0.39999999999999997,7,2273,7
297,base600,1,1.1501737142469952,2.798611111111111,0.39999999999999997,7,2273,7
298,base600,1,1.1501847404823564,2.798611111111111,0.39999999999999997,7,2275,7
299,base600,1,1.1462192698920435,2.7864583333333335,0.39999999999999997,7,2275,7
300,base600,1,1.1456254340749683,2.7864583333333335,0.39999999999999997,7,2275,7
301,base600,1,1.1456236683664536,2.7899305555555554,0.39999999999999997,7,2275,7
302,base600,1,1.1455424909574028,2.779513888888889,0.39999999999999997,7,2275,7
303,base600,1,1.1482717183036475,2.7760416666666665,0.39999999999999997,7,2275,7
304,base600,1,1.1452467359359781,2.7708333333333335,0.39999999999999997,7,2275,7
305,base600,1,1.143707580489984,2.7708333333333335,0.39999999999999997,7,2275,7
306,base600,1,1.1452406045892212,2.7725694444444446,0.39999999999999997,7,2275,7
307,base600,1,1.1467460981469881,2.7743055555555554,0.39999999999999997,8,2275,7
308,base600,1,1.1427278278435604,2.7690972222222223,0.39999999999999997,8,2275,7
309,base600,1,1.1448284517091765,2.7690972222222223,0.39999999999999997,8,2275,7
310,base600,1,1.1448148858148894,2.763888888888889,0.39999999999999997,8,2275,7
311,base600,1,1.1475870772528969,2.7743055555555554,0.39999999999999997,8,2277,7
312,base600,1,1.1475490429628852,2.7708333333333335,0.39999999999999997,8,2277,7
313,base600,1,1.1420027611677732,2.7690972222222223,0.39999999999999997,8,2277,7
314,base600,1,1.1432870428360877,2.767361111111111,0.39999999999999997,8,2277,7
315,base600,1,1.1444795207392673,2.7708333333333335,0.39999999999999997,8,2277,7
316,base600,1,1.1429354315101519,2.7708333333333335,0.39999999999999997,8,2277,7
317,base600,1,1.1429018979920145,2.7708333333333335,0.39999999999999997,8,2277,7
318,base600,1,1.1368731324961592,2.7760416666666665,0.39999999999999997,8,2278,7
319,base600,1,1.133182958292302,2.763888888888889,0.39999999999999997,8,2278,7
320,base600,1,1.1304107426422658,2.7534722222222223,0.39999999999999997,8,2278,7
321,base600,1,1.1282199997672056,2.7569444444444446,0.39999999999999997,8,2278,7
322,base600,1,1.126622686705421,2.7534722222222223,0.39999999999999997,8,2278,7
323,base600,1,1.1213487100871216,2.7291666666666665,0.39999999999999997,8,2278,7
324,base600,1,1.1212948176876538,2.7309027777777777,0.39999999999999997,8,2281,7
325,base600,1,1.122272297331119,2.732638888888889,0.39999999999999997,8,2281,7
326,base600,1,1.1210499758316748,2.7430555555555554,0.39999999999999997,9,2281,7
327,base600,1,1.1193971391279973,2.7447916666666665,0.39999999999999997,9,2282,7
328,base600,1,1.1209217910586486,2.748263888888889,0.39999999999999997,9,2282,7
329,base600,1,1.124048346270456,2.7569444444444446,0.39999999999999997,9,2282,7
330,base600,1,1.1215824422675749,2.763888888888889,0.39999999999999997,9,2282,7
331,base600,1,1.1238473051480204,2.7743055555555554,0.39999999999999997,9,2282,7
332,base600,1,1.1279548318516657,2.78125,0.39999999999999997,9,2282,7
333,base600,1,1.1349468029320724,2.7899305555555554,0.39999999999999997,9,2282,8
334,base600,1,1.132883453208472,2.7881944444444446,0.39999999999999997,9,2282,8
335,base600,1,1.1304814527537737,2.7777777777777777,0.39999999999999997,9,2282,8
336,base600,1,1.1303922909821085,2.7777777777777777,0.39999999999999997,9,2284,8
337,base600,1,1.1347096035570845,2.7899305555555554,0.39999999999999997,9,2286,8
338,base600,1,1.1355148841833433,2.7916666666666665,0.39999999999999997,9,2286,8
339,base600,1,1.1378763657466282,2.8038194444444446,0.39999999999999997,9,2287,8
340,base600,1,1.1394171395185528,2.814236111111111,0.39999999999999997,9,2287,8
341,base600,1,1.1339325742572743,2.8072916666666665,0.39999999999999997,9,2289,8
342,base600,1,1.132695862902029,2.8072916666666665,0.39999999999999997,8,2289,8
343,base600,1,1.1290001147129103,2.8003472222222223,0.39999999999999997,7,2290,8
344,base600,1,1.1288236159511715,2.798611111111111,0.39999999999999997,7,2290,8
345,base600,1,1.1274115532880529,2.7899305555555554,0.39999999999999997,6,2290,8
346,base600,1,1.1281109877589015,2.795138888888889,0.39999999999999997,6,2290,8
347,base600,1,1.1293083958436434,2.7847222222222223,0.39999999999999997,6,2291,8
348,base600,1,1.1293083958436434,2.7725694444444446,0.39999999999999997,6,2291,8
349,base600,1,1.1280638424092748,2.7777777777777777,0.39999999999999997,6,2292,8
350,base600,1,1.1295519853910714,2.7864583333333335,0.39999999999999997,6,2292,8
351,base600,1,1.132271629912022,2.798611111111111,0.39999999999999997,6,2293,8
352,base600,1,1.1329909815385057,2.8072916666666665,0.39999999999999997,6,2293,8
353,base600,1,1.1328790329323892,2.8003472222222223,0.39999999999999997,7,2293,8
354,base600,1,1.1281547912541492,2.7916666666666665,0.39999999999999997,7,2293,8
355,base600,1,1.1266246900395231,2.7934027777777777,0.39999999999999997,7,2293,8
356,base600,1,1.1292200315902927,2.8038194444444446,0.39999999999999997,8,2294,8
357,base600,1,1.1223492169522697,2.7847222222222223,0.39999999999999997,8,2294,8
358,base600,1,1.1187431988049719,2.779513888888889,0.39999999999999997,7,2294,7
359,base600,1,1.1186120823290613,2.782986111111111,0.39999999999999997,7,2294,7
360,base600,1,1.112538779173136,2.782986111111111,0.39999999999999997,7,2294,7
361,base600,1,1.1093743029201701,2.7743055555555554,0.39999999999999997,7,2294,7
362,base600,1,1.1072458270691163,2.7760416666666665,0.39999999999999997,7,2294,7
363,base600,1,1.1072458270691163,2.779513888888889,0.39999999999999997,7,2294,7
364,base600,1,1.1059661063752824,2.7725694444444446,0.39999999999999997,8,2294,7
365,base600,1,1.1073955529956026,2.7777777777777777,0.39999999999999997,8,2294,7
366,base600,1,1.1037150844042047,2.7725694444444446,0.39999999999999997,8,2294,7
367,base600,1,1.1066449576847222,2.7690972222222223,0.39999999999999997,8,2294,7
368,base600,1,1.1067965176127401,2.7690972222222223,0.39999999999999997,8,2294,7
369,base600,1,1.1086612623743224,2.7743055555555554,0.39999999999999997,8,2295,7
370,base600,1,1.101394115425578,2.782986111111111,0.39999999999999997,8,2295,7
371,base600,1,1.1015404451603268,2.782986111111111,0.39999999999999997,8,2295,7
372,base600,1,1.101394115425578,2.7725694444444446,0.39999999999999997,8,2295,7
373,base600,1,1.098370416651835,2.751736111111111,0.39999999999999997,8,2295,7
374,base600,1,1.098370416651835,2.7552083333333335,0.39999999999999997,8,2295,7
375,base600,1,1.0994981207556713,2.7534722222222223,0.39999999999999997,8,2295,7
376,base600,1,1.0994981207556713,2.7534722222222223,0.39999999999999997,8,2295,7
377,base600,1,1.0993335774117472,2.7465277777777777,0.39999999999999997,8,2295,7
378,base600,1,1.112051007410762,2.763888888888889,0.39999999999999997,8,2296,8
379,base600,1,1.1059911266412457,2.748263888888889,0.39999999999999997,8,2296,8
380,base600,1,1.1034803138241418,2.748263888888889,0.39999999999999997,8,2296,8
381,base600,1,1.102945518442979,2.7430555555555554,0.39999999999999997,8,2296,8
382,base600,1,1.1042534795905714,2.7430555555555554,0.39999999999999997,8,2296,8
383,base600,1,1.102780337713842,2.7447916666666665,0.39999999999999997,8,2296,8
384,base600,1,1.10156295995379,2.7447916666666665,0.39999999999999997,8,2296,8
385,base600,1,1.1013904226269566,2.7413194444444446,0.39999999999999997,8,2296,8
386,base600,1,1.1035605830758706,2.7552083333333335,0.39999999999999997,8,2296,8
387,base600,1,1.0984890392773066,2.7430555555555554,0.39999999999999997,8,2296,8
388,base600,1,1.0997770342339028,2.7552083333333335,0.39999999999999997,9,2298,8
389,base600,1,1.1002700975671655,2.7604166666666665,0.39999999999999997,9,2298,8
390,base600,1,1.099174655995647,2.7586805555555554,0.39999999999999997,9,2298,8
391,base600,1,1.1001172539423927,2.7552083333333335,0.39999999999999997,9,2298,8
392,base600,1,1.0979667439366296,2.7569444444444446,0.39999999999999997,9,2298,8
393,base600,1,1.0992664631703013,2.7690972222222223,0.39999999999999997,9,2298,8
394,base600,1,1.0997764123105183,2.7708333333333335,0.39999999999999997,9,2298,8
395,base600,1,1.0968811217657977,2.7604166666666665,0.39999999999999997,9,2298,8
396,base600,1,1.0962844048045306,2.7586805555555554,0.39999999999999997,9,2298,8
397,base600,1,1.0928124865076294,2.751736111111111,0.39999999999999997,9,2298,8
398,base600,1,1.0912464498845755,2.7413194444444446,0.39999999999999997,9,2298,8
399,base600,1,1.0923047333345843,2.7430555555555554,0.39999999999999997,9,2298,8
400,base600,1,1.0919053881182619,2.7430555555555554,0.39999999999999997,8,2298,8
401,base600,1,1.092949850585492,2.7552083333333335,0.39999999999999997,8,2298,8
402,base600,1,1.0941723579387093,2.7604166666666665,0.39999999999999997,7,2298,8
403,base600,1,1.093780887308814,2.7569444444444446,0.39999999999999997,7,2298,8
404,base600,1,1.0929856466187993,2.7534722222222223,0.39999999999999997,8,2298,8
405,base600,1,1.086810326866191,2.7395833333333335,0.39999999999999997,8,2298,8
406,base600,1,1.086591430607814,2.7395833333333335,0.39999999999999997,8,2299,8
407,base600,1,1.0849362727032834,2.7309027777777777,0.39999999999999997,8,2299,8
408,base600,1,1.0827378919471833,2.736111111111111,0.39999999999999997,8,2299,8
409,base600,1,1.077714037446868,2.7291666666666665,0.39999999999999997,8,2299,8
410,base600,1,1.0754150255596981,2.7256944444444446,0.39999999999999997,8,2299,8
411,base600,1,1.070638817910901,2.7100694444444446,0.39999999999999997,7,2299,8
412,base600,1,1.0708779058159683,2.7118055555555554,0.39999999999999997,8,2299,8
413,base600,1,1.0702964765260736,2.7135416666666665,0.39999999999999997,8,2299,8
414,base600,1,1.0657150404766582,2.7152777777777777,0.39999999999999997,8,2299,8
415,base600,1,1.0672242086589863,2.7152777777777777,0.39999999999999997,8,2299,8
416,base600,1,1.0666424360720073,2.7152777777777777,0.39999999999999997,8,2300,8
417,base600,1,1.0708390180933842,2.7222222222222223,0.39999999999999997,8,2300,8
418,base600,1,1.0678949419577113,2.7222222222222223,0.39999999999999997,8,2300,8
419,base600,1,1.0686425749558148,2.7256944444444446,0.39999999999999997,8,2300,8
420,base600,1,1.0664857217143324,2.7378472222222223,0.39999999999999997,8,2300,8
421,base600,1,1.0677269442957993,2.7395833333333335,0.39999999999999997,8,2300,8
422,base600,1,1.0675402665339524,2.7430555555555554,0.39999999999999997,8,2300,8
423,base600,1,1.0710599480280178,2.7447916666666665,0.39999999999999997,8,2300,8
424,base600,1,1.0710599480280178,2.7447916666666665,0.39999999999999997,8,2300,8
425,base600,1,1.0710599480280178,2.751736111111111,0.39999999999999997,8,2300,8
426,base600,1,1.0716908422534783,2.751736111111111,0.39999999999999997,8,2300,8
427,base600,1,1.0702676081360782,2.7465277777777777,0.39999999999999997,8,2300,8
428,base600,1,1.0728855225143816,2.7465277777777777,0.39999999999999997,8,2300,8
429,base600,1,1.070356546339059,2.7413194444444446,0.39999999999999997,8,2300,8
430,base600,1,1.069419988908348,2.751736111111111,0.39999999999999997,8,2300,8
431,base600,1,1.0682032602891294,2.748263888888889,0.39999999999999997,8,2300,8
432,base600,1,1.0676181600602368,2.75,0.39999999999999997,8,2300,8
433,base600,1,1.06135679369402,2.732638888888889,0.39999999999999997,9,2300,7
434,base600,1,1.0598546218154021,2.7291666666666665,0.39999999999999997,9,2300,7
435,base600,1,1.0615242645643548,2.732638888888889,0.39999999999999997,9,2300,7
436,base600,1,1.0612348425586042,2.732638888888889,0.39999999999999997,9,2300,7
437,base600,1,1.0571902297010274,2.7274305555555554,0.39999999999999997,9,2300,7
438,base600,1,1.0524106772741426,2.7222222222222223,0.39999999999999997,9,2300,7
439,base600,1,1.0514870254019455,2.7239583333333335,0.39999999999999997,10,2300,7
440,base600,1,1.046922569700988,2.7135416666666665,0.39999999999999997,10,2300,7
441,base600,1,1.0468650595674402,2.7118055555555554,0.39999999999999997,10,2300,7
442,base600,1,1.044508291710501,2.701388888888889,0.39999999999999997,10,2300,7
443,base600,1,1.0441774427478345,2.7135416666666665,0.39999999999999997,10,2300,7
444,base600,1,1.0435759090737684,2.717013888888889,0.39999999999999997,10,2301,7
445,base600,1,1.0415310047801278,2.7135416666666665,0.39999999999999997,10,2301,7
446,base600,1,1.0419455929653052,2.7256944444444446,0.39999999999999997,10,2301,7
447,base600,1,1.0401866257550927,2.7256944444444446,0.39999999999999997,10,2301,7
448,base600,1,1.0408038138770896,2.7291666666666665,0.39999999999999997,10,2301,7
449,base600,1,1.0359756915289438,2.720486111111111,0.39999999999999997,10,2302,7
450,base600,1,1.040378157594133,2.7291666666666665,0.39999999999999997,10,2302,7
451,base600,1,1.035160410091763,2.717013888888889,0.39999999999999997,9,2302,7
452,base600,1,1.0345464882295152,2.717013888888889,0.39999999999999997,9,2302,7
453,base600,1,1.0334000098194693,2.7083333333333335,0.39999999999999997,9,2302,7
454,base600,1,1.0365114338669403,2.7135416666666665,0.39999999999999997,10,2302,7
455,base600,1,1.0369005039645829,2.717013888888889,0.39999999999999997,11,2302,7
456,base600,1,1.0349378378464589,2.7135416666666665,0.39999999999999997,11,2302,7
457,base600,1,1.033960162441546,2.7135416666666665,0.39999999999999997,11,2302,7
458,base600,1,1.0329648722237081,2.7118055555555554,0.39999999999999997,11,2302,7
459,base600,1,1.033349511542709,2.7135416666666665,0.39999999999999997,11,2302,7
460,base600,1,1.027538602612339,2.703125,0.39999999999999997,12,2302,7
461,base600,1,1.0285434253948562,2.703125,0.39999999999999997,12,2302,7
462,base600,1,1.0287153320414957,2.7100694444444446,0.39999999999999997,12,2302,7
463,base600,1,1.0232255234984802,2.685763888888889,0.39999999999999997,12,2302,7
464,base600,1,1.0200697533650271,2.6979166666666665,0.39999999999999997,12,2302,7
465,base600,1,1.0186532582116223,2.6961805555555554,0.39999999999999997,12,2302,7
466,base600,1,1.0184309235446425,2.6996527777777777,0.39999999999999997,12,2302,7
467,base600,1,1.0174010044030248,2.6979166666666665,0.39999999999999997,12,2302,7
468,base600,1,1.01513017069842,2.689236111111111,0.39999999999999997,12,2302,7
469,base600,1,1.0132204623359442,2.689236111111111,0.39999999999999997,12,2302,7
470,base600,1,1.0100994843000959,2.6875,0.39999999999999997,11,2302,7
471,base600,1,1.0087293715851102,2.6875,0.39999999999999997,11,2302,7
472,base600,1,1.0126413156092149,2.685763888888889,0.39999999999999997,11,2302,7
473,base600,1,1.0082138278869135,2.6927083333333335,0.39999999999999997,11,2302,7
474,base600,1,1.0066509234880205,2.6927083333333335,0.39999999999999997,11,2303,7
475,base600,1,1.0038151716227761,2.6822916666666665,0.39999999999999997,11,2303,7
476,base600,1,1.005680287429713,2.689236111111111,0.39999999999999997,11,2303,7
477,base600,1,1.006478002861214,2.6927083333333335,0.39999999999999997,11,2303,7
478,base600,1,1.0091844383635353,2.701388888888889,0.39999999999999997,11,2303,7
479,base600,1,1.0090713546639205,2.704861111111111,0.39999999999999997,11,2303,7
480,base600,1,1.010171490765692,2.7118055555555554,0.39999999999999997,11,2303,7
481,base600,1,1.006629564495187,2.7083333333333335,0.39999999999999997,11,2303,7
482,base600,1,1.003124976890821,2.701388888888889,0.39999999999999997,11,2303,7
483,base600,1,1.0017855988941649,2.7065972222222223,0.39999999999999997,11,2303,7
484,base600,1,1.004362389418989,2.7118055555555554,0.39999999999999997,11,2304,7
485,base600,1,0.9984387127377138,2.703125,0.39999999999999997,12,2304,7
486,base600,1,0.9954610663605948,2.6909722222222223,0.39999999999999997,12,2304,7
487,base600,1,0.9949255290342334,2.6909722222222223,0.39999999999999997,12,2304,7
488,base600,1,0.9943844096340375,2.6875,0.39999999999999997,12,2304,7
489,base600,1,0.9938982315467698,2.6805555555555554,0.39999999999999997,12,2304,7
490,base600,1,0.9927012170948203,2.6805555555555554,0.39999999999999997,12,2304,7
491,base600,1,0.9848384906520611,2.670138888888889,0.39999999999999997,12,2304,7
492,base600,1,0.9811014142691065,2.670138888888889,0.39999999999999997,12,2304,7
493,base600,1,0.979078583863989,2.6753472222222223,0.39999999999999997,13,2304,7
494,base600,1,0.9773045446259062,2.6822916666666665,0.39999999999999997,13,2304,7
495,base600,1,0.976097902572844,2.6927083333333335,0.39999999999999997,13,2304,7
496,base600,1,0.9729364873568197,2.6927083333333335,0.39999999999999997,14,2304,7
497,base600,1,0.9716103467690332,2.6944444444444446,0.39999999999999997,13,2304,7
498,base600,1,0.9703840722605579,2.701388888888889,0.39999999999999997,13,2304,7
499,base600,1,0.9710065892095968,2.7100694444444446,0.39999999999999997,13,2304,7
500,base600,1,0.970269215620564,2.7222222222222223,0.39999999999999997,12,2304,7
501,base600,1,0.9704200257264537,2.7274305555555554,0.39999999999999997,12,2304,7
502,base600,1,0.9691758781663676,2.7152777777777777,0.39999999999999997,12,2304,7
503,base600,1,0.967215685283461,2.720486111111111,0.39999999999999997,12,2304,7
504,base600,1,0.9617310061730753,2.6996527777777777,0.39999999999999997,12,2304,7
505,base600,1,0.9562450888412364,2.6788194444444446,0.39999999999999997,12,2304,7
506,base600,1,0.9549499655200664,2.6770833333333335,0.39999999999999997,12,2304,7
507,base600,1,0.957283867762317,2.6805555555555554,0.39999999999999997,12,2304,7
508,base600,1,0.9551259092451835,2.6822916666666665,0.39999999999999997,11,2304,7
509,base600,1,0.9559011544673252,2.6805555555555554,0.39999999999999997,11,2304,7
510,base600,1,0.9579394035196052,2.6805555555555554,0.39999999999999997,11,2304,7
511,base600,1,0.9500788066782752,2.657986111111111,0.39999999999999997,11,2304,7
512,base600,1,0.9507417359349196,2.657986111111111,0.39999999999999997,11,2304,7
513,base600,1,0.9494070804594693,2.6597222222222223,0.39999999999999997,11,2304,7
514,base600,1,0.9428541614110204,2.6371527777777777,0.39999999999999997,11,2304,7
515,base600,1,0.9428541614110204,2.6371527777777777,0.39999999999999997,11,2304,7
516,base600,1,0.9429831376088634,2.640625,0.39999999999999997,11,2304,7
517,base600,1,0.9401681445093718,2.638888888888889,0.39999999999999997,11,2304,7
518,base600,1,0.94149912561384,2.642361111111111,0.39999999999999997,11,2304,7
519,base600,1,0.9312278325227954,2.623263888888889,0.39999999999999997,12,2304,7
520,base600,1,0.9226335972176034,2.6128472222222223,0.39999999999999997,12,2304,6
521,base600,1,0.9240347948966875,2.623263888888889,0.39999999999999997,12,2304,6
522,base600,1,0.9240347948966875,2.625,0.39999999999999997,12,2304,6
523,base600,1,0.9218282298414139,2.6215277777777777,0.39999999999999997,12,2304,6
524,base600,1,0.9196085680245395,2.6180555555555554,0.39999999999999997,12,2304,6
525,base600,1,0.9165335679376846,2.6215277777777777,0.39999999999999997,12,2304,6
526,base600,1,0.9159278186802351,2.6215277777777777,0.39999999999999997,12,2304,6
527,base600,1,0.9153268442520099,2.6215277777777777,0.39999999999999997,12,2304,6
528,base600,1,0.9072828854309006,2.6128472222222223,0.39999999999999997,12,2304,5
529,base600,1,0.9066624132910098,2.611111111111111,0.39999999999999997,12,2304,5
530,base600,1,0.909561168136348,2.6128472222222223,0.39999999999999997,12,2304,5
531,base600,1,0.9058252985135841,2.6059027777777777,0.39999999999999997,12,2304,5
532,base600,1,0.898281195711934,2.5885416666666665,0.39999999999999997,11,2304,5
533,base600,1,0.8956005860377916,2.578125,0.39999999999999997,11,2304,5
534,base600,1,0.8937812949833832,2.5694444444444446,0.39999999999999997,11,2304,5
535,base600,1,0.9033470627346519,2.576388888888889,0.39999999999999997,11,2304,6
536,base600,1,0.9009938430627602,2.5729166666666665,0.39999999999999997,11,2304,6
537,base600,1,0.8929759577725106,2.5659722222222223,0.39999999999999997,11,2304,6
538,base600,1,0.8905478298885101,2.5625,0.39999999999999997,11,2304,6
539,base600,1,0.8905478298885101,2.5711805555555554,0.39999999999999997,11,2304,6
540,base600,1,0.8909820180794383,2.560763888888889,0.39999999999999997,11,2304,6
541,base600,1,0.8787965667509324,2.5520833333333335,0.39999999999999997,11,2304,5
542,base600,1,0.8826836712927646,2.564236111111111,0.39999999999999997,11,2304,5
543,base600,1,0.8791812272940681,2.5503472222222223,0.39999999999999997,11,2304,5
544,base600,1,0.8791812272940681,2.548611111111111,0.39999999999999997,11,2304,5
545,base600,1,0.8821453863234255,2.560763888888889,0.39999999999999997,11,2304,5
546,base600,1,0.8855903776172127,2.5625,0.39999999999999997,11,2304,5
547,base600,1,0.8859752781960619,2.5694444444444446,0.39999999999999997,11,2304,5
548,base600,1,0.8807310649993892,2.5625,0.39999999999999997,10,2304,5
549,base600,1,0.8849239881997415,2.5677083333333335,0.39999999999999997,10,2304,5
550,base600,1,0.8814598454984494,2.5572916666666665,0.39999999999999997,10,2304,5
551,base600,1,0.8756504384115869,2.545138888888889,0.39999999999999997,10,2304,5
552,base600,1,0.8730689381039719,2.5381944444444446,0.39999999999999997,10,2304,5
553,base600,1,0.8707509579622567,2.5347222222222223,0.39999999999999997,10,2304,5
554,base600,1,0.866094615566274,2.53125,0.39999999999999997,10,2304,5
555,base600,1,0.8667501020487683,2.5277777777777777,0.39999999999999997,10,2304,5
556,base600,1,0.8667501020487683,2.5277777777777777,0.39999999999999997,9,2304,5
557,base600,1,0.8724384206728222,2.5364583333333335,0.39999999999999997,10,2304,6
558,base600,1,0.8714419412020755,2.5399305555555554,0.39999999999999997,10,2304,6
559,base600,1,0.8724384206728222,2.5434027777777777,0.39999999999999997,10,2304,6
560,base600,1,0.8662753928821347,2.5190972222222223,0.39999999999999997,10,2304,6
561,base600,1,0.8662753928821347,2.5190972222222223,0.39999999999999997,10,2304,6
562,base600,1,0.8646016620004185,2.5121527777777777,0.39999999999999997,10,2304,6
563,base600,1,0.8646016620004185,2.515625,0.39999999999999997,10,2304,6
564,base600,1,0.8646016620004185,2.515625,0.39999999999999997,10,2304,6
565,base600,1,0.8646016620004185,2.5225694444444446,0.39999999999999997,10,2304,6
566,base600,1,0.8625821077815139,2.5243055555555554,0.39999999999999997,10,2304,6
567,base600,1,0.8625821077815139,2.5260416666666665,0.39999999999999997,10,2304,6
568,base600,1,0.8642594126488854,2.5364583333333335,0.39999999999999997,10,2304,6
569,base600,1,0.8652719311804515,2.5416666666666665,0.39999999999999997,10,2304,6
570,base600,1,0.8625821077815139,2.5347222222222223,0.39999999999999997,10,2304,6
571,base600,1,0.8695737679222431,2.546875,0.39999999999999997,10,2304,6
572,base600,1,0.8699537297276914,2.5520833333333335,0.39999999999999997,10,2304,6
573,base600,1,0.8632968787024325,2.546875,0.39999999999999997,10,2304,6
574,base600,1,0.8616476304751488,2.5364583333333335,0.39999999999999997,11,2304,6
575,base600,1,0.8626557698278686,2.5364583333333335,0.39999999999999997,11,2304,6
576,base600,1,0.8646452074391252,2.532986111111111,0.39999999999999997,11,2304,6
577,base600,1,0.8586195182757638,2.532986111111111,0.39999999999999997,10,2304,6
578,base600,1,0.8619929615789887,2.5347222222222223,0.39999999999999997,10,2304,6
579,base600,1,0.8619929615789887,2.5381944444444446,0.39999999999999997,11,2304,6
580,base600,1,0.8603838244885454,2.532986111111111,0.39999999999999997,11,2304,6
581,base600,1,0.8573238116973838,2.513888888888889,0.39999999999999997,11,2304,6
582,base600,1,0.8593729144707777,2.5190972222222223,0.39999999999999997,11,2304,6
583,base600,1,0.8610386193454299,2.5225694444444446,0.39999999999999997,10,2304,6
584,base600,1,0.8583529386746175,2.5208333333333335,0.39999999999999997,10,2304,6
585,base600,1,0.8583529386746175,2.529513888888889,0.39999999999999997,10,2304,6
586,base600,1,0.8600204315592374,2.5416666666666665,0.39999999999999997,10,2304,6
587,base600,1,0.862283050023027,2.5520833333333335,0.39999999999999997,10,2304,6
588,base600,1,0.8639041142933859,2.560763888888889,0.39999999999999997,10,2304,6
589,base600,1,0.8628728783705374,2.5503472222222223,0.39999999999999997,10,2304,6
590,base600,1,0.8644800015124166,2.5555555555555554,0.39999999999999997,10,2304,6
591,base600,1,0.8632930256225403,2.5694444444444446,0.39999999999999997,10,2304,6
592,base600,1,0.8612353026777345,2.5659722222222223,0.39999999999999997,10,2304,6
593,base600,1,0.8617769463418997,2.5590277777777777,0.39999999999999997,10,2304,6
594,base600,1,0.864385453716979,2.5694444444444446,0.39999999999999997,10,2304,6
595,base600,1,0.8617769463418997,2.564236111111111,0.39999999999999997,10,2304,6
596,base600,1,0.8643398392611378,2.5625,0.39999999999999997,10,2304,6
597,base600,1,0.8687014125728402,2.5815972222222223,0.39999999999999997,10,2304,6
598,base600,1,0.869108273732599,2.5815972222222223,0.39999999999999997,9,2304,6
599,base600,1,0.8705693039857626,2.5815972222222223,0.39999999999999997,8,2304,6
600,base600,1,0.8720166673347873,2.5885416666666665,0.39999999999999997,8,2304,6
1,base600,2,-0.0,1.0,0.7521856066669443,0,576,1
2,base600,2,0.10144178848581746,1.1059027777777777,0.7435338212153758,9,594,6
3,base600,2,0.18163527381117295,1.2083333333333333,0.734858769899334,9,612,7
4,base600,2,0.2479365060266892,1.3107638888888888,0.7261823901190978,9,630,7
5,base600,2,0.2861628489435952,1.3663194444444444,0.717489650915554,9,648,7
6,base600,2,0.334025169799497,1.4305555555555556,0.7087897874101345,9,666,8
7,base600,2,0.3948969980094506,1.5243055555555556,0.7000886436922399,9,684,8
8,base600,2,0.43840600392364937,1.5763888888888888,0.6913553581405616,8,700,8
9,base600,2,0.47145027237567716,1.609375,0.6826096940804349,8,715,8
10,base600,2,0.5062342537685148,1.6666666666666667,0.6738602927319111,8,728,8
11,base600,2,0.5366960905439024,1.7239583333333333,0.6651136187186764,8,742,8
12,base600,2,0.5689555275337955,1.78125,0.6563612871095591,8,755,8
13,base600,2,0.594626415885297,1.8072916666666667,0.6476065681780125,8,770,8
14,base600,2,0.6275534316324403,1.8680555555555556,0.6388462198320993,8,783,8
15,base600,2,0.6473153713167549,1.8975694444444444,0.6300792588876674,8,798,8
16,base600,2,0.6644779297580411,1.9131944444444444,0.6213056080203639,8,810,8
17,base600,2,0.6750554491998588,1.9270833333333333,0.6125319194317012,8,823,8
18,base600,2,0.6896533402779618,1.9513888888888888,0.6037686157648857,9,836,8
19,base600,2,0.7191875072586337,2.015625,0.5950023743072711,10,854,8
20,base600,2,0.7468088675102355,2.060763888888889,0.5862439039489447,10,871,9
21,base600,2,0.7673323699107508,2.1197916666666665,0.5775178286012517,10,888,9
22,base600,2,0.7869649549715896,2.1753472222222223,0.568853173940681,10,906,9
23,base600,2,0.8046923852409215,2.234375,0.5602914575320748,10,923,9
24,base600,2,0.8201330224995662,2.2604166666666665,0.5518590854576519,10,940,9
25,base600,2,0.8337265328105368,2.279513888888889,0.5436012094993865,10,957,9
26,base600,2,0.8491673652744601,2.3020833333333335,0.5355313177837644,9,972,9
27,base600,2,0.8591960104216673,2.310763888888889,0.5276856395014613,9,987,9
28,base600,2,0.8746039108621277,2.329861111111111,0.5201099749182101,9,1002,9
29,base600,2,0.8906363159023732,2.3541666666666665,0.5128151605753767,9,1018,9
30,base600,2,0.900803375931179,2.3802083333333335,0.5057713211755414,10,1032,9
31,base600,2,0.9189564907803279,2.4184027777777777,0.4989654765541246,10,1049,9
32,base600,2,0.9266488449696536,2.4479166666666665,0.4924088487498154,10,1065,9
33,base600,2,0.9398968879194001,2.484375,0.486089300532517,10,1082,9
34,base600,2,0.9525802980271039,2.5052083333333335,0.4800266214574487,10,1097,9
35,base600,2,0.9609416778371435,2.517361111111111,0.4741707224097762,10,1113,9
36,base600,2,0.9598664665679321,2.5277777777777777,0.46852709567600315,10,1127,9
37,base600,2,0.9668846334378102,2.548611111111111,0.4630531572766995,10,1142,9
38,base600,2,0.9713524354786194,2.5625,0.4577653262636174,10,1155,9
39,base600,2,0.9793140197531893,2.5902777777777777,0.4526495060573375,10,1171,9
40,base600,2,0.9886881078625774,2.6041666666666665,0.44772132098986905,10,1187,9
41,base600,2,0.9961647234659534,2.609375,0.44296246287225777,10,1201,9
42,base600,2,0.9961951630157986,2.607638888888889,0.4383996978210072,9,1212,9
43,base600,2,0.9997770977897232,2.607638888888889,0.434023476791814,9,1222,9
44,base600,2,1.0055059402452025,2.6284722222222223,0.42987626248106797,9,1234,9
45,base600,2,1.008518895964494,2.6354166666666665,0.4259222603518162,9,1244,9
46,base600,2,1.0141245770389062,2.6458333333333335,0.4222257284008613,9,1256,9
47,base600,2,1.0195836032560273,2.6649305555555554,0.4188017179865943,9,1271,9
48,base600,2,1.0251937933955197,2.6770833333333335,0.4156985846635199,9,1284,9
49,base600,2,1.036629905954802,2.6944444444444446,0.4128938775183551,8,1293,9
50,base600,2,1.0465334174640215,2.7135416666666665,0.41038025896955016,8,1304,9
51,base600,2,1.0478604909430915,2.717013888888889,0.4081395647817257,8,1310,9
52,base600,2,1.0513424568114942,2.7222222222222223,0.4061797380069436,8,1320,9
53,base600,2,1.0530855913492287,2.7274305555555554,0.4044898441876444,8,1329,9
54,base600,2,1.0539435834476003,2.7118055555555554,0.4030771954633005,8,1340,9
55,base600,2,1.0616110159225485,2.7239583333333335,0.401912574065201,8,1350,9
56,base600,2,1.0654481588732092,2.7395833333333335,0.40105771178247623,8,1356,9
57,base600,2,1.0662536026960343,2.7395833333333335,0.4004900386212103,8,1365,9
58,base600,2,1.0678391710577197,2.7395833333333335,0.40016343558090917,8,1373,9
59,base600,2,1.0745842986108856,2.7447916666666665,0.40001365109112874,8,1380,9
60,base600,2,1.0832649731054014,2.7552083333333335,0.39999999999999997,8,1388,9
61,base600,2,1.0877177588398599,2.767361111111111,0.39999999999999997,8,1396,9
62,base600,2,1.0906383495928837,2.7725694444444446,0.39999999999999997,8,1404,9
63,base600,2,1.0977419927850454,2.7881944444444446,0.39999999999999997,8,1417,9
64,base600,2,1.0941570857605198,2.7864583333333335,0.39999999999999997,8,1423,8
65,base600,2,1.0992551012864356,2.8038194444444446,0.39999999999999997,8,1430,8
66,base600,2,1.1060467055686953,2.814236111111111,0.39999999999999997,9,1442,8
67,base600,2,1.110743344490911,2.826388888888889,0.39999999999999997,9,1449,8
68,base600,2,1.1177317219629372,2.8333333333333335,0.39999999999999997,10,1462,8
69,base600,2,1.1252095223109468,2.8524305555555554,0.39999999999999997,11,1474,8
70,base600,2,1.12697024534834,2.8541666666666665,0.39999999999999997,11,1489,8
71,base600,2,1.1294360232285443,2.8559027777777777,0.39999999999999997,11,1502,8
72,base600,2,1.1371551111004752,2.8854166666666665,0.39999999999999997,11,1518,8
73,base600,2,1.139685281884433,2.888888888888889,0.39999999999999997,11,1529,8
74,base600,2,1.150670506189962,2.9166666666666665,0.39999999999999997,11,1535,8
75,base600,2,1.1528819191820041,2.920138888888889,0.39999999999999997,11,1550,8
76,base600,2,1.161764656859993,2.9305555555555554,0.39999999999999997,11,1558,8
77,base600,2,1.1751523306343448,2.9427083333333335,0.39999999999999997,11,1575,9
78,base600,2,1.1842111771791601,2.9583333333333335,0.39999999999999997,11,1583,9
79,base600,2,1.1832026866166803,2.953125,0.39999999999999997,11,1591,9
80,base600,2,1.1830834935127108,2.9565972222222223,0.39999999999999997,11,1600,9
81,base600,2,1.1798811555202318,2.9270833333333335,0.39999999999999997,11,1604,9
82,base600,2,1.180242957794756,2.9270833333333335,0.39999999999999997,11,1611,9
83,base600,2,1.187898587404327,2.9375,0.39999999999999997,10,1619,9
84,base600,2,1.197841056976029,2.9583333333333335,0.39999999999999997,10,1631,9
85,base600,2,1.2028184232385932,2.96875,0.39999999999999997,10,1642,9
86,base600,2,1.2075315263984605,2.9809027777777777,0.39999999999999997,10,1651,9
87,base600,2,1.206330316021885,2.984375,0.39999999999999997,10,1658,9
88,base600,2,1.2071944150765717,2.9913194444444446,0.39999999999999997,10,1668,9
89,base600,2,1.2100209701093136,2.9913194444444446,0.39999999999999997,10,1675,9
90,base600,2,1.2103581091555904,2.9947916666666665,0.39999999999999997,10,1678,9
91,base600,2,1.2190177301398506,3.0086805555555554,0.39999999999999997,10,1688,9
92,base600,2,1.2154993037597968,2.9878472222222223,0.39999999999999997,10,1696,9
93,base600,2,1.2164874884568129,2.9878472222222223,0.39999999999999997,10,1702,9
94,base600,2,1.2213042439748032,2.9930555555555554,0.39999999999999997,10,1708,9
95,base600,2,1.2190333008750933,2.9913194444444446,0.39999999999999997,10,1714,9
96,base600,2,1.2148674369061734,2.984375,0.39999999999999997,10,1724,9
97,base600,2,1.21811889314408,2.9895833333333335,0.39999999999999997,10,1734,9
98,base600,2,1.2206929092836887,3.001736111111111,0.39999999999999997,10,1738,9
99,base600,2,1.221069983430157,3.001736111111111,0.39999999999999997,10,1752,9
100,base600,2,1.221763078662028,2.998263888888889,0.39999999999999997,10,1761,9
101,base600,2,1.2228226823814219,2.998263888888889,0.39999999999999997,10,1769,9
102,base600,2,1.231305888180398,3.0277777777777777,0.39999999999999997,10,1775,9
103,base600,2,1.2314335307190782,3.013888888888889,0.39999999999999997,10,1777,9
104,base600,2,1.2337321837571606,3.017361111111111,0.39999999999999997,10,1782,9
105,base600,2,1.2350938099987046,3.0225694444444446,0.39999999999999997,10,1791,9
106,base600,2,1.2375483538983363,3.032986111111111,0.39999999999999997,10,1797,9
107,base600,2,1.2375483538983363,3.03125,0.39999999999999997,10,1800,9
108,base600,2,1.2364083678292768,3.0260416666666665,0.39999999999999997,10,1806,9
109,base600,2,1.2393276158611732,3.032986111111111,0.39999999999999997,10,1814,9
110,base600,2,1.2404129128257533,3.060763888888889,0.39999999999999997,10,1820,9
111,base600,2,1.2401452439928127,3.0677083333333335,0.39999999999999997,10,1826,9
112,base600,2,1.243884245016849,3.0729166666666665,0.39999999999999997,9,1835,9
113,base600,2,1.2427317026488334,3.0677083333333335,0.39999999999999997,9,1842,9
114,base600,2,1.2476215464859435,3.076388888888889,0.39999999999999997,9,1853,9
115,base600,2,1.2563265567101871,3.0850694444444446,0.39999999999999997,9,1859,9
116,base600,2,1.2585076421591073,3.0902777777777777,0.39999999999999997,9,1871,9
117,base600,2,1.2592493959081492,3.0902777777777777,0.39999999999999997,9,1876,9
118,base600,2,1.2593171161917462,3.0902777777777777,0.39999999999999997,8,1883,9
119,base600,2,1.2593464349996115,3.09375,0.39999999999999997,8,1889,9
120,base600,2,1.2594754324243125,3.1041666666666665,0.39999999999999997,8,1897,9
121,base600,2,1.2622249626913047,3.109375,0.39999999999999997,8,1903,9
122,base600,2,1.2651490712673281,3.1059027777777777,0.39999999999999997,8,1906,9
123,base600,2,1.261824244195179,3.09375,0.39999999999999997,8,1906,9
124,base600,2,1.26148176902664,3.0972222222222223,0.39999999999999997,7,1909,9
125,base600,2,1.2621708876764883,3.0972222222222223,0.39999999999999997,7,1913,9
126,base600,2,1.2651771919732475,3.0989583333333335,0.39999999999999997,7,1920,9
127,base600,2,1.2659789690910292,3.1024305555555554,0.39999999999999997,7,1922,9
128,base600,2,1.2647704629714038,3.1006944444444446,0.39999999999999997,7,1925,9
129,base600,2,1.2654395070555375,3.109375,0.39999999999999997,7,1932,9
130,base600,2,1.2634282266684131,3.1024305555555554,0.39999999999999997,7,1937,9
131,base600,2,1.263435312823929,3.1024305555555554,0.39999999999999997,7,1940,9
132,base600,2,1.2636140931240953,3.095486111111111,0.39999999999999997,7,1944,9
133,base600,2,1.2656596551992576,3.095486111111111,0.39999999999999997,7,1945,9
134,base600,2,1.2650848930425136,3.092013888888889,0.39999999999999997,7,1946,9
135,base600,2,1.2630085976225092,3.0868055555555554,0.39999999999999997,7,1949,9
136,base600,2,1.2637154886374637,3.0850694444444446,0.39999999999999997,7,1954,9
137,base600,2,1.2637154886374637,3.0850694444444446,0.39999999999999997,7,1956,9
138,base600,2,1.2665097258991764,3.0850694444444446,0.39999999999999997,7,1956,9
139,base600,2,1.2699178465941887,3.0902777777777777,0.39999999999999997,7,1958,9
140,base600,2,1.2684937652613977,3.0885416666666665,0.39999999999999997,7,1961,9
141,base600,2,1.2668759542163712,3.076388888888889,0.39999999999999997,7,1969,9
142,base600,2,1.2611665803439667,3.0729166666666665,0.39999999999999997,7,1969,9
143,base600,2,1.2632797239852434,3.0885416666666665,0.39999999999999997,7,1971,9
144,base600,2,1.2667711140581321,3.09375,0.39999999999999997,7,1973,9
145,base600,2,1.2674481233931827,3.09375,0.39999999999999997,7,1973,9
146,base600,2,1.2700979909814154,3.1024305555555554,0.39999999999999997,7,1977,9
147,base600,2,1.272826218316532,3.1024305555555554,0.39999999999999997,8,1979,9
148,base600,2,1.2747851124235123,3.107638888888889,0.39999999999999997,8,1986,9
149,base600,2,1.2747851124235123,3.107638888888889,0.39999999999999997,8,1996,9
150,base600,2,1.275393518791353,3.1059027777777777,0.39999999999999997,8,2002,9
151,base600,2,1.2739768286394237,3.095486111111111,0.39999999999999997,8,2007,9
152,base600,2,1.27659235755155,3.0989583333333335,0.39999999999999997,8,2012,9
153,base600,2,1.274496457918397,3.0868055555555554,0.39999999999999997,8,2013,9
154,base600,2,1.2718346131633267,3.0833333333333335,0.39999999999999997,8,2014,9
155,base600,2,1.2691165431124702,3.078125,0.39999999999999997,8,2017,9
156,base600,2,1.2704999731633788,3.0729166666666665,0.39999999999999997,8,2021,9
157,base600,2,1.2704999731633788,3.0729166666666665,0.39999999999999997,8,2022,9
158,base600,2,1.275750082426953,3.0868055555555554,0.39999999999999997,8,2028,9
159,base600,2,1.2790761992768993,3.095486111111111,0.39999999999999997,8,2030,9
160,base600,2,1.280986595889292,3.1041666666666665,0.39999999999999997,8,2034,9
161,base600,2,1.2847767727850201,3.1163194444444446,0.39999999999999997,8,2037,9
162,base600,2,1.2834092477862717,3.107638888888889,0.39999999999999997,7,2039,9
163,base600,2,1.2810695443969977,3.1024305555555554,0.39999999999999997,6,2040,9
164,base600,2,1.2796364016226431,3.1024305555555554,0.39999999999999997,6,2041,9
165,base600,2,1.2754417737580062,3.0902777777777777,0.39999999999999997,6,2042,9
166,base600,2,1.2762028962722956,3.079861111111111,0.39999999999999997,6,2044,9
167,base600,2,1.2769659082111668,3.076388888888889,0.39999999999999997,6,2045,9
168,base600,2,1.2761157211286982,3.0694444444444446,0.39999999999999997,6,2048,9
169,base600,2,1.2767806258624452,3.076388888888889,0.39999999999999997,6,2049,9
170,base600,2,1.2796342371957128,3.079861111111111,0.39999999999999997,6,2049,9
171,base600,2,1.2813973981129798,3.0850694444444446,0.39999999999999997,6,2056,9
172,base600,2,1.2841106888971647,3.0972222222222223,0.39999999999999997,6,2056,9
173,base600,2,1.2847774477778915,3.1006944444444446,0.39999999999999997,6,2058,9
174,base600,2,1.28022114332362,3.09375,0.39999999999999997,5,2058,9
175,base600,2,1.2827962726764044,3.1006944444444446,0.39999999999999997,5,2061,9
176,base600,2,1.290524823590861,3.1145833333333335,0.39999999999999997,6,2064,10
177,base600,2,1.2929220656891616,3.1163194444444446,0.39999999999999997,6,2068,10
178,base600,2,1.2909399841197073,3.1163194444444446,0.39999999999999997,6,2068,10
179,base600,2,1.2928167245200461,3.1180555555555554,0.39999999999999997,6,2072,10
180,base600,2,1.2929220656891616,3.111111111111111,0.39999999999999997,6,2075,10
181,base600,2,1.2929220656891616,3.111111111111111,0.39999999999999997,6,2075,10
182,base600,2,1.2935896340727921,3.111111111111111,0.39999999999999997,6,2076,10
183,base600,2,1.2954075631103035,3.109375,0.39999999999999997,6,2079,10
184,base600,2,1.2954075631103035,3.109375,0.39999999999999997,6,2079,10
185,base600,2,1.2960736539224433,3.109375,0.39999999999999997,6,2081,10
186,base600,2,1.298730361489918,3.1059027777777777,0.39999999999999997,7,2083,10
187,base600,2,1.3004149085234682,3.107638888888889,0.39999999999999997,7,2086,10
188,base600,2,1.3066906208579476,3.1041666666666665,0.39999999999999997,7,2087,10
189,base600,2,1.3106222828223768,3.1145833333333335,0.39999999999999997,7,2089,10
190,base600,2,1.3179323587893976,3.1197916666666665,0.39999999999999997,7,2091,10
191,base600,2,1.3179323587893976,3.123263888888889,0.39999999999999997,7,2092,10
192,base600,2,1.3177695196499215,3.123263888888889,0.39999999999999997,7,2097,10
193,base600,2,1.3199782739205772,3.1371527777777777,0.39999999999999997,7,2099,10
194,base600,2,1.3178568279878053,3.1336805555555554,0.39999999999999997,8,2101,10
195,base600,2,1.3186960385864224,3.1336805555555554,0.39999999999999997,8,2103,10
196,base600,2,1.3178717858488158,3.1284722222222223,0.39999999999999997,8,2106,10
197,base600,2,1.3122531365140542,3.1145833333333335,0.39999999999999997,8,2107,10
198,base600,2,1.3122531365140542,3.1145833333333335,0.39999999999999997,9,2110,10
199,base600,2,1.3100206443352875,3.107638888888889,0.39999999999999997,9,2117,10
200,base600,2,1.3075532908956464,3.1024305555555554,0.39999999999999997,9,2120,10
201,base600,2,1.3060970295386305,3.0972222222222223,0.39999999999999997,9,2122,10
202,base600,2,1.3054567440289744,3.095486111111111,0.39999999999999997,10,2124,10
203,base600,2,1.301898282260638,3.0833333333333335,0.39999999999999997,10,2124,10
204,base600,2,1.3029497589519556,3.09375,0.39999999999999997,10,2125,10
205,base600,2,1.3008870895054554,3.0868055555555554,0.39999999999999997,10,2128,10
206,base600,2,1.295344497888339,3.078125,0.39999999999999997,10,2129,10
207,base600,2,1.2986349498972711,3.0902777777777777,0.39999999999999997,11,2132,10
208,base600,2,1.3001863335581414,3.1006944444444446,0.39999999999999997,11,2141,10
209,base600,2,1.3027633173766135,3.107638888888889,0.39999999999999997,11,2143,10
210,base600,2,1.301991023204306,3.111111111111111,0.39999999999999997,10,2144,10
211,base600,2,1.300980886211455,3.1145833333333335,0.39999999999999997,10,2148,10
212,base600,2,1.2972164352879423,3.111111111111111,0.39999999999999997,9,2150,10
213,base600,2,1.2963674611827452,3.111111111111111,0.39999999999999997,8,2153,10
214,base600,2,1.2923717924696658,3.0850694444444446,0.39999999999999997,8,2154,10
215,base600,2,1.2930138654563927,3.0850694444444446,0.39999999999999997,8,2154,10
216,base600,2,1.288608386254458,3.076388888888889,0.39999999999999997,8,2155,10
217,base600,2,1.2862064655410588,3.076388888888889,0.39999999999999997,8,2156,10
218,base600,2,1.2853599783880354,3.0815972222222223,0.39999999999999997,8,2157,10
219,base600,2,1.2795690452629878,3.0659722222222223,0.39999999999999997,8,2158,10
220,base600,2,1.2750316885719952,3.048611111111111,0.39999999999999997,9,2158,10
221,base600,2,1.267947879676776,3.032986111111111,0.39999999999999997,9,2160,10
222,base600,2,1.2664589215324222,3.032986111111111,0.39999999999999997,9,2164,10
223,base600,2,1.261841570762509,3.0225694444444446,0.39999999999999997,9,2165,10
224,base600,2,1.2645051286286968,3.032986111111111,0.39999999999999997,9,2167,10
225,base600,2,1.2639537898922988,3.0260416666666665,0.39999999999999997,9,2168,10
226,base600,2,1.260564137252887,3.0190972222222223,0.39999999999999997,9,2169,10
227,base600,2,1.2535450205280043,2.998263888888889,0.39999999999999997,9,2169,10
228,base600,2,1.2525083347506378,3.0,0.39999999999999997,9,2170,10
229,base600,2,1.2494153187578176,2.9947916666666665,0.39999999999999997,8,2172,10
230,base600,2,1.2511552002903839,3.0,0.39999999999999997,8,2176,10
231,base600,2,1.2460230149112048,2.9878472222222223,0.39999999999999997,8,2177,10
232,base600,2,1.2399188272995967,2.9756944444444446,0.39999999999999997,8,2177,10
233,base600,2,1.246009593733753,2.9791666666666665,0.39999999999999997,9,2181,10
234,base600,2,1.2447089666372508,2.9722222222222223,0.39999999999999997,9,2184,10
235,base600,2,1.2450834357967866,2.9756944444444446,0.39999999999999997,9,2185,10
236,base600,2,1.238299772853591,2.9479166666666665,0.39999999999999997,9,2185,10
237,base600,2,1.2363360206449283,2.9479166666666665,0.39999999999999997,9,2185,10
238,base600,2,1.2289842803134057,2.9322916666666665,0.39999999999999997,9,2187,10
239,base600,2,1.2317057603883017,2.9340277777777777,0.39999999999999997,9,2188,10
240,base600,2,1.2287051082250684,2.935763888888889,0.39999999999999997,9,2189,10
241,base600,2,1.2243689665766149,2.920138888888889,0.39999999999999997,9,2195,10
242,base600,2,1.2267788121753789,2.9288194444444446,0.39999999999999997,9,2199,10
243,base600,2,1.2205669603885398,2.907986111111111,0.39999999999999997,9,2200,9
244,base600,2,1.2129314863130505,2.904513888888889,0.39999999999999997,9,2201,9
245,base600,2,1.20958437455701,2.888888888888889,0.39999999999999997,9,2201,9
246,base600,2,1.2084012058040492,2.888888888888889,0.39999999999999997,9,2202,9
247,base600,2,1.20900094123535,2.8958333333333335,0.39999999999999997,9,2202,9
248,base600,2,1.2084973983414389,2.892361111111111,0.39999999999999997,9,2203,9
249,base600,2,1.2101689050208788,2.8871527777777777,0.39999999999999997,9,2204,9
250,base600,2,1.2091427778676114,2.892361111111111,0.39999999999999997,9,2204,9
251,base600,2,1.2056297234425903,2.8975694444444446,0.39999999999999997,10,2206,9
252,base600,2,1.2086616218370012,2.9114583333333335,0.39999999999999997,10,2209,9
253,base600,2,1.2039015667161175,2.9010416666666665,0.39999999999999997,10,2210,9
254,base600,2,1.2027698035906835,2.892361111111111,0.39999999999999997,10,2211,9
255,base600,2,1.2045949924093076,2.9010416666666665,0.39999999999999997,10,2213,9
256,base600,2,1.2015616979212362,2.904513888888889,0.39999999999999997,10,2214,9
257,base600,2,1.2031597501773914,2.892361111111111,0.39999999999999997,10,2219,9
258,base600,2,1.20532107499009,2.890625,0.39999999999999997,10,2220,9
259,base600,2,1.2053436525166108,2.8940972222222223,0.39999999999999997,10,2223,9
260,base600,2,1.2084516853607314,2.888888888888889,0.39999999999999997,10,2224,9
261,base600,2,1.2039945542767752,2.876736111111111,0.39999999999999997,10,2227,9
262,base600,2,1.2076246862791287,2.8854166666666665,0.39999999999999997,10,2229,9
263,base600,2,1.2116544895883425,2.8975694444444446,0.39999999999999997,11,2231,9
264,base600,2,1.21113862517672,2.892361111111111,0.39999999999999997,11,2233,9
265,base600,2,1.2123058116239616,2.8993055555555554,0.39999999999999997,11,2235,9
266,base600,2,1.212690531725839,2.9131944444444446,0.39999999999999997,11,2237,9
267,base600,2,1.2116907137744823,2.90625,0.39999999999999997,11,2238,9
268,base600,2,1.2109671351639908,2.8993055555555554,0.39999999999999997,11,2240,9
269,base600,2,1.2098431818292616,2.8975694444444446,0.39999999999999997,11,2242,9
270,base600,2,1.2077166286529373,2.8871527777777777,0.39999999999999997,11,2242,9
271,base600,2,1.2044285421010568,2.873263888888889,0.39999999999999997,11,2243,9
272,base600,2,1.1982952454896258,2.859375,0.39999999999999997,11,2245,9
273,base600,2,1.1888154268163784,2.845486111111111,0.39999999999999997,11,2246,8
274,base600,2,1.1871807797004443,2.8350694444444446,0.39999999999999997,11,2248,8
275,base600,2,1.1872223059711835,2.8368055555555554,0.39999999999999997,11,2248,8
276,base600,2,1.1872223059711835,2.8368055555555554,0.39999999999999997,11,2248,8
277,base600,2,1.1907415317534409,2.859375,0.39999999999999997,11,2249,8
278,base600,2,1.1917204425915824,2.859375,0.39999999999999997,11,2250,8
279,base600,2,1.1914499671816097,2.8559027777777777,0.39999999999999997,11,2251,8
280,base600,2,1.1886608672073726,2.8315972222222223,0.39999999999999997,11,2251,8
281,base600,2,1.191445680608691,2.8385416666666665,0.39999999999999997,11,2252,8
282,base600,2,1.193016192939976,2.8385416666666665,0.39999999999999997,11,2252,8
283,base600,2,1.1915711931311261,2.8315972222222223,0.39999999999999997,11,2253,8
284,base600,2,1.1893198800715266,2.8368055555555554,0.39999999999999997,11,2253,8
285,base600,2,1.1934896206778165,2.8368055555555554,0.39999999999999997,11,2256,8
286,base600,2,1.1980806068383112,2.8333333333333335,0.39999999999999997,11,2258,8
287,base600,2,1.1983686275821392,2.8211805555555554,0.39999999999999997,11,2259,8
288,base600,2,1.1979749246420972,2.8333333333333335,0.39999999999999997,11,2263,8
289,base600,2,1.1981247355917122,2.8246527777777777,0.39999999999999997,11,2263,8
290,base600,2,1.196752789478256,2.8211805555555554,0.39999999999999997,11,2264,8
291,base600,2,1.1981247355917122,2.8177083333333335,0.39999999999999997,10,2264,8
292,base600,2,1.2021798667888859,2.828125,0.39999999999999997,10,2264,8
293,base600,2,1.2018891122560844,2.8368055555555554,0.39999999999999997,10,2264,8
294,base600,2,1.201593510383524,2.828125,0.39999999999999997,10,2265,8
295,base600,2,1.1993175000456138,2.826388888888889,0.39999999999999997,10,2265,8
296,base600,2,1.19698582691776,2.829861111111111,0.39999999999999997,10,2265,8
297,base600,2,1.1995914681844368,2.8385416666666665,0.39999999999999997,10,2266,8
298,base600,2,1.1977687763057465,2.8350694444444446,0.39999999999999997,10,2266,8
299,base600,2,1.1971271160909052,2.8350694444444446,0.39999999999999997,10,2266,8
300,base600,2,1.1954606967121255,2.8333333333333335,0.39999999999999997,10,2266,8
301,base600,2,1.1968285466669495,2.8333333333333335,0.39999999999999997,11,2266,8
302,base600,2,1.1956507715460771,2.8211805555555554,0.39999999999999997,11,2266,8
303,base600,2,1.1961072380326658,2.8055555555555554,0.39999999999999997,11,2266,8
304,base600,2,1.1942582211100312,2.8038194444444446,0.39999999999999997,12,2266,8
305,base600,2,1.1941885488652615,2.7934027777777777,0.39999999999999997,12,2268,8
306,base600,2,1.1936242378720843,2.795138888888889,0.39999999999999997,12,2269,8
307,base600,2,1.1926117275980646,2.779513888888889,0.39999999999999997,12,2270,8
308,base600,2,1.1927642356937025,2.779513888888889,0.39999999999999997,12,2271,8
309,base600,2,1.191580110172065,2.7760416666666665,0.39999999999999997,12,2272,8
310,base600,2,1.1899350804882318,2.767361111111111,0.39999999999999997,12,2274,8
311,base600,2,1.1890342114759105,2.763888888888889,0.39999999999999997,12,2274,8
312,base600,2,1.1852024215059587,2.7534722222222223,0.39999999999999997,12,2274,8
313,base600,2,1.193272947103484,2.765625,0.39999999999999997,12,2274,9
314,base600,2,1.1945079179834426,2.7586805555555554,0.39999999999999997,12,2274,9
315,base600,2,1.1936064831041053,2.7586805555555554,0.39999999999999997,12,2275,9
316,base600,2,1.197381356362313,2.7604166666666665,0.39999999999999997,12,2276,9
317,base600,2,1.1938004359881893,2.7413194444444446,0.39999999999999997,12,2276,9
318,base600,2,1.1942552228514205,2.7378472222222223,0.39999999999999997,12,2279,9
319,base600,2,1.194832581081867,2.7395833333333335,0.39999999999999997,12,2279,9
320,base600,2,1.1911837169467197,2.732638888888889,0.39999999999999997,12,2280,9
321,base600,2,1.1890937428410397,2.734375,0.39999999999999997,12,2280,9
322,base600,2,1.1915115125660012,2.7413194444444446,0.39999999999999997,13,2280,9
323,base600,2,1.1876755926863913,2.7395833333333335,0.39999999999999997,13,2281,9
324,base600,2,1.1858402149476064,2.7447916666666665,0.39999999999999997,13,2281,9
325,base600,2,1.1790974963400702,2.7274305555555554,0.39999999999999997,13,2281,9
326,base600,2,1.179227293127343,2.7291666666666665,0.39999999999999997,13,2281,9
327,base600,2,1.1818955896619112,2.720486111111111,0.39999999999999997,13,2281,9
328,base600,2,1.1768949840890062,2.704861111111111,0.39999999999999997,13,2284,9
329,base600,2,1.1793362321810235,2.703125,0.39999999999999997,13,2284,9
330,base600,2,1.183069118373253,2.7118055555555554,0.39999999999999997,12,2285,9
331,base600,2,1.1696766205895335,2.6788194444444446,0.39999999999999997,12,2285,9
332,base600,2,1.1674895913933425,2.6788194444444446,0.39999999999999997,12,2285,9
333,base600,2,1.1668817204809634,2.685763888888889,0.39999999999999997,12,2285,9
334,base600,2,1.1708550155153448,2.685763888888889,0.39999999999999997,12,2285,9
335,base600,2,1.1694813996877744,2.6788194444444446,0.39999999999999997,12,2285,9
336,base600,2,1.1687031189520103,2.673611111111111,0.39999999999999997,12,2285,9
337,base600,2,1.172553148895233,2.6805555555555554,0.39999999999999997,12,2285,9
338,base600,2,1.170150328390603,2.685763888888889,0.39999999999999997,11,2285,9
339,base600,2,1.1711788011499338,2.7083333333333335,0.39999999999999997,11,2286,9
340,base600,2,1.1721861588944542,2.7135416666666665,0.39999999999999997,11,2286,9
341,base600,2,1.1759138496418173,2.7135416666666665,0.39999999999999997,11,2286,9
342,base600,2,1.179085416035982,2.717013888888889,0.39999999999999997,10,2287,9
343,base600,2,1.1746757431087147,2.7152777777777777,0.39999999999999997,10,2288,9
344,base600,2,1.1763752478633491,2.71875,0.39999999999999997,10,2288,9
345,base600,2,1.1728954344213327,2.71875,0.39999999999999997,10,2288,9
346,base600,2,1.1729545735331035,2.7118055555555554,0.39999999999999997,9,2288,9
347,base600,2,1.1767863001630838,2.7239583333333335,0.39999999999999997,10,2288,9
348,base600,2,1.171302379742551,2.7118055555555554,0.39999999999999997,10,2289,8
349,base600,2,1.1717050216105622,2.7083333333333335,0.39999999999999997,10,2290,8
350,base600,2,1.1723468721180474,2.703125,0.39999999999999997,10,2290,8
351,base600,2,1.1753262293910476,2.689236111111111,0.39999999999999997,10,2291,8
352,base600,2,1.173197240239415,2.6805555555555554,0.39999999999999997,10,2292,8
353,base600,2,1.171065123836347,2.6909722222222223,0.39999999999999997,10,2292,8
354,base600,2,1.1703661628800621,2.6770833333333335,0.39999999999999997,10,2292,8
355,base600,2,1.1699565874972995,2.6753472222222223,0.39999999999999997,10,2292,8
356,base600,2,1.165662883774547,2.685763888888889,0.39999999999999997,10,2292,8
357,base600,2,1.167865331932497,2.6944444444444446,0.39999999999999997,10,2292,8
358,base600,2,1.1674574182680146,2.6996527777777777,0.39999999999999997,11,2292,8
359,base600,2,1.1674574182680146,2.6996527777777777,0.39999999999999997,12,2292,8
360,base600,2,1.1669891637918386,2.7118055555555554,0.39999999999999997,12,2292,8
361,base600,2,1.1680303082768237,2.7065972222222223,0.39999999999999997,12,2292,8
362,base600,2,1.1695068113966325,2.7065972222222223,0.39999999999999997,12,2292,8
363,base600,2,1.170549254014316,2.7118055555555554,0.39999999999999997,12,2292,8
364,base600,2,1.1681142760016086,2.685763888888889,0.39999999999999997,11,2292,8
365,base600,2,1.1691449605104458,2.6875,0.39999999999999997,11,2292,8
366,base600,2,1.1666144619446275,2.689236111111111,0.39999999999999997,11,2292,8
367,base600,2,1.16620361942117,2.689236111111111,0.39999999999999997,11,2292,8
368,base600,2,1.163127254076267,2.6840277777777777,0.39999999999999997,11,2292,8
369,base600,2,1.1602637700393315,2.6788194444444446,0.39999999999999997,11,2293,8
370,base600,2,1.1605672443302328,2.673611111111111,0.39999999999999997,11,2293,8
371,base600,2,1.1588033707219803,2.671875,0.39999999999999997,11,2293,8
372,base600,2,1.156562633401835,2.670138888888889,0.39999999999999997,11,2293,8
373,base600,2,1.1551242267479866,2.6666666666666665,0.39999999999999997,11,2294,8
374,base600,2,1.1554252033535053,2.6666666666666665,0.39999999999999997,11,2294,8
375,base600,2,1.1551863082165748,2.6614583333333335,0.39999999999999997,11,2296,8
376,base600,2,1.1537437041588703,2.6597222222222223,0.39999999999999997,11,2296,8
377,base600,2,1.1537855515013533,2.65625,0.39999999999999997,10,2296,8
378,base600,2,1.146292661738273,2.6458333333333335,0.39999999999999997,10,2296,8
379,base600,2,1.1444228355793324,2.6371527777777777,0.39999999999999997,11,2297,8
380,base600,2,1.1444228355793324,2.6371527777777777,0.39999999999999997,11,2297,8
381,base600,2,1.1432399016443247,2.623263888888889,0.39999999999999997,11,2297,8
382,base600,2,1.1420098948362662,2.6163194444444446,0.39999999999999997,11,2297,8
383,base600,2,1.14003956307231,2.611111111111111,0.39999999999999997,11,2297,8
384,base600,2,1.1318038503539367,2.578125,0.39999999999999997,11,2297,8
385,base600,2,1.12573179910949,2.576388888888889,0.39999999999999997,11,2297,8
386,base600,2,1.1237333854054743,2.5746527777777777,0.39999999999999997,11,2297,8
387,base600,2,1.121802628488477,2.5694444444444446,0.39999999999999997,11,2297,8
388,base600,2,1.1217283011167205,2.5625,0.39999999999999997,11,2297,8
389,base600,2,1.115349346271616,2.548611111111111,0.39999999999999997,11,2297,8
390,base600,2,1.1181467856575924,2.5694444444444446,0.39999999999999997,11,2297,8
391,base600,2,1.118587299355557,2.546875,0.39999999999999997,11,2297,8
392,base600,2,1.1161382192847606,2.546875,0.39999999999999997,11,2297,8
393,base600,2,1.1178035183499662,2.5538194444444446,0.39999999999999997,11,2297,8
394,base600,2,1.1190688838983789,2.5590277777777777,0.39999999999999997,11,2297,8
395,base600,2,1.1185423029202046,2.5677083333333335,0.39999999999999997,10,2297,8
396,base600,2,1.1134649365151075,2.5590277777777777,0.39999999999999997,10,2297,8
397,base600,2,1.1112154489487462,2.5572916666666665,0.39999999999999997,10,2297,8
398,base600,2,1.1110950075422215,2.560763888888889,0.39999999999999997,10,2299,8
399,base600,2,1.1114837273195743,2.560763888888889,0.39999999999999997,10,2299,8
400,base600,2,1.1134462749069576,2.5659722222222223,0.39999999999999997,10,2299,8
401,base600,2,1.1075315319567736,2.5555555555555554,0.39999999999999997,10,2299,7
402,base600,2,1.109453803847433,2.564236111111111,0.39999999999999997,11,2299,7
403,base600,2,1.1102098257537572,2.5590277777777777,0.39999999999999997,11,2299,7
404,base600,2,1.1087370492422377,2.5416666666666665,0.39999999999999997,11,2299,7
405,base600,2,1.1110233186041911,2.5434027777777777,0.39999999999999997,11,2300,7
406,base600,2,1.1065690460846245,2.529513888888889,0.39999999999999997,11,2300,7
407,base600,2,1.105902726454816,2.5260416666666665,0.39999999999999997,10,2300,7
408,base600,2,1.1035150241549236,2.513888888888889,0.39999999999999997,10,2300,7
409,base600,2,1.1034749760186517,2.5121527777777777,0.39999999999999997,10,2300,7
410,base600,2,1.1057467506319367,2.5121527777777777,0.39999999999999997,10,2300,7
411,base600,2,1.104410348307462,2.5034722222222223,0.39999999999999997,10,2300,7
412,base600,2,1.102149451633716,2.4930555555555554,0.39999999999999997,11,2300,7
413,base600,2,1.104043044129818,2.4965277777777777,0.39999999999999997,11,2300,7
414,base600,2,1.1002403222651629,2.4809027777777777,0.39999999999999997,11,2300,7
415,base600,2,1.0945043768687084,2.4652777777777777,0.39999999999999997,11,2301,7
416,base600,2,1.0928848484983515,2.4635416666666665,0.39999999999999997,12,2301,7
417,base600,2,1.0928848484983515,2.4635416666666665,0.39999999999999997,12,2301,7
418,base600,2,1.09491447214678,2.4722222222222223,0.39999999999999997,12,2301,7
419,base600,2,1.099181562656692,2.482638888888889,0.39999999999999997,12,2302,7
420,base600,2,1.0994342222154565,2.4913194444444446,0.39999999999999997,12,2302,7
421,base600,2,1.1026915840075135,2.486111111111111,0.39999999999999997,12,2302,7
422,base600,2,1.0985514427003464,2.482638888888889,0.39999999999999997,12,2302,7
423,base600,2,1.094439149651508,2.4791666666666665,0.39999999999999997,12,2302,7
424,base600,2,1.0927537952997244,2.4479166666666665,0.39999999999999997,12,2302,7
425,base600,2,1.088512545875474,2.439236111111111,0.39999999999999997,12,2302,7
426,base600,2,1.0912152147442653,2.4322916666666665,0.39999999999999997,12,2302,7
427,base600,2,1.0933791970308242,2.4340277777777777,0.39999999999999997,12,2302,7
428,base600,2,1.093484284154562,2.4409722222222223,0.39999999999999997,12,2302,7
429,base600,2,1.0893430725908737,2.4340277777777777,0.39999999999999997,12,2302,7
430,base600,2,1.0944203040315992,2.4253472222222223,0.39999999999999997,12,2302,7
431,base600,2,1.0890142592311667,2.4010416666666665,0.39999999999999997,12,2302,7
432,base600,2,1.0914448722713894,2.3993055555555554,0.39999999999999997,12,2302,7
433,base600,2,1.0948457168384238,2.3975694444444446,0.39999999999999997,12,2302,7
434,base600,2,1.0977841476356334,2.4027777777777777,0.39999999999999997,12,2302,7
435,base600,2,1.0977841476356334,2.4027777777777777,0.39999999999999997,12,2302,7
436,base600,2,1.0957267898575276,2.390625,0.39999999999999997,12,2302,7
437,base600,2,1.0981989227946298,2.3958333333333335,0.39999999999999997,12,2302,7
438,base600,2,1.0943569757309148,2.3836805555555554,0.39999999999999997,12,2302,7
439,base600,2,1.0897783675402781,2.3993055555555554,0.39999999999999997,12,2302,7
440,base600,2,1.0894770605804418,2.392361111111111,0.39999999999999997,12,2302,7
441,base600,2,1.0903946950237295,2.3958333333333335,0.39999999999999997,12,2302,7
442,base600,2,1.0877442481731963,2.3975694444444446,0.39999999999999997,12,2302,7
443,base600,2,1.0867121204005894,2.4097222222222223,0.39999999999999997,12,2302,7
444,base600,2,1.0883899388791907,2.423611111111111,0.39999999999999997,12,2302,7
445,base600,2,1.0907581364711219,2.4305555555555554,0.39999999999999997,11,2302,7
446,base600,2,1.0808902303436774,2.4114583333333335,0.39999999999999997,11,2303,6
447,base600,2,1.0803430061407775,2.4131944444444446,0.39999999999999997,11,2303,6
448,base600,2,1.0817734801999461,2.4184027777777777,0.39999999999999997,10,2303,6
449,base600,2,1.0718286835447082,2.3836805555555554,0.39999999999999997,10,2303,5
450,base600,2,1.0721278661808882,2.3715277777777777,0.39999999999999997,10,2303,5
451,base600,2,1.0706251785048395,2.3645833333333335,0.39999999999999997,10,2303,5
452,base600,2,1.0684995809867952,2.3645833333333335,0.39999999999999997,10,2303,5
453,base600,2,1.065754764570014,2.375,0.39999999999999997,11,2303,5
454,base600,2,1.065754764570014,2.375,0.39999999999999997,11,2303,5
455,base600,2,1.0679079575219088,2.3802083333333335,0.39999999999999997,11,2303,5
456,base600,2,1.0658013527718977,2.3715277777777777,0.39999999999999997,11,2303,5
457,base600,2,1.0643095069696875,2.357638888888889,0.39999999999999997,11,2303,5
458,base600,2,1.0624387543872507,2.3697916666666665,0.39999999999999997,11,2303,5
459,base600,2,1.065216218002781,2.375,0.39999999999999997,11,2303,5
460,base600,2,1.0627026552776266,2.3628472222222223,0.39999999999999997,11,2303,5
461,base600,2,1.055498705359497,2.3524305555555554,0.39999999999999997,11,2303,5
462,base600,2,1.0551894042990437,2.3541666666666665,0.39999999999999997,11,2303,5
463,base600,2,1.0573698810624295,2.3680555555555554,0.39999999999999997,11,2303,5
464,base600,2,1.0570533148702688,2.373263888888889,0.39999999999999997,10,2303,5
465,base600,2,1.0570533148702688,2.373263888888889,0.39999999999999997,10,2303,5
466,base600,2,1.0541518617310999,2.375,0.39999999999999997,9,2303,5
467,base600,2,1.0541591030425814,2.376736111111111,0.39999999999999997,9,2303,5
468,base600,2,1.0515363349883298,2.3784722222222223,0.39999999999999997,9,2303,5
469,base600,2,1.0515254884574161,2.3854166666666665,0.39999999999999997,9,2303,5
470,base600,2,1.0541518617310999,2.3802083333333335,0.39999999999999997,10,2303,5
471,base600,2,1.0541373789902448,2.376736111111111,0.39999999999999997,10,2303,5
472,base600,2,1.0491635517836586,2.3680555555555554,0.39999999999999997,10,2303,5
473,base600,2,1.0519265636698794,2.375,0.39999999999999997,11,2303,5
474,base600,2,1.0429526769830086,2.373263888888889,0.39999999999999997,11,2303,5
475,base600,2,1.0429526769830086,2.373263888888889,0.39999999999999997,11,2303,5
476,base600,2,1.043265740642372,2.3680555555555554,0.39999999999999997,11,2303,5
477,base600,2,1.045939129081348,2.3715277777777777,0.39999999999999997,11,2303,5
478,base600,2,1.0487259208822133,2.3680555555555554,0.39999999999999997,11,2303,5
479,base600,2,1.0466081104890248,2.361111111111111,0.39999999999999997,11,2303,5
480,base600,2,1.0495716381303657,2.359375,0.39999999999999997,11,2303,5
481,base600,2,1.0473248983677796,2.34375,0.39999999999999997,12,2303,5
482,base600,2,1.0476153816823206,2.3315972222222223,0.39999999999999997,12,2303,5
483,base600,2,1.0476153816823206,2.329861111111111,0.39999999999999997,12,2303,5
484,base600,2,1.047718585849788,2.329861111111111,0.39999999999999997,12,2303,5
485,base600,2,1.045166736190523,2.329861111111111,0.39999999999999997,12,2303,5
486,base600,2,1.049976969016517,2.3315972222222223,0.39999999999999997,12,2303,5
487,base600,2,1.0569794444775364,2.3680555555555554,0.39999999999999997,12,2303,5
488,base600,2,1.057267040841118,2.3559027777777777,0.39999999999999997,12,2303,5
489,base600,2,1.0533407232230885,2.3524305555555554,0.39999999999999997,12,2303,5
490,base600,2,1.0530599057971521,2.3524305555555554,0.39999999999999997,12,2303,5
491,base600,2,1.0521212124249715,2.3680555555555554,0.39999999999999997,11,2303,5
492,base600,2,1.0577877187834266,2.376736111111111,0.39999999999999997,11,2303,5
493,base600,2,1.057590220824728,2.375,0.39999999999999997,11,2303,5
494,base600,2,1.0571765139108955,2.390625,0.39999999999999997,11,2303,5
495,base600,2,1.056138395950929,2.4027777777777777,0.39999999999999997,10,2303,5
496,base600,2,1.056222925893,2.3975694444444446,0.39999999999999997,10,2303,5
497,base600,2,1.0565701114547017,2.392361111111111,0.39999999999999997,10,2303,5
498,base600,2,1.056222925893,2.3975694444444446,0.39999999999999997,11,2303,5
499,base600,2,1.0541451455976723,2.388888888888889,0.39999999999999997,11,2303,5
500,base600,2,1.0518613381579576,2.4010416666666665,0.39999999999999997,11,2303,5
501,base600,2,1.050654263782727,2.40625,0.39999999999999997,11,2303,5
502,base600,2,1.0500544963141307,2.420138888888889,0.39999999999999997,10,2303,5
503,base600,2,1.055038998028994,2.423611111111111,0.39999999999999997,9,2303,5
504,base600,2,1.0595782483435014,2.4322916666666665,0.39999999999999997,9,2303,5
505,base600,2,1.0636710072445164,2.4427083333333335,0.39999999999999997,9,2303,5
506,base600,2,1.06297049118174,2.4479166666666665,0.39999999999999997,9,2303,5
507,base600,2,1.0543404934178309,2.439236111111111,0.39999999999999997,9,2303,4
508,base600,2,1.0570651615751299,2.423611111111111,0.39999999999999997,9,2303,4
509,base600,2,1.064086321177414,2.439236111111111,0.39999999999999997,9,2303,4
510,base600,2,1.0637298007480722,2.439236111111111,0.39999999999999997,9,2303,4
511,base600,2,1.0717386868125285,2.454861111111111,0.39999999999999997,9,2303,5
512,base600,2,1.0758857660040129,2.4600694444444446,0.39999999999999997,9,2303,5
513,base600,2,1.0756375721903102,2.4635416666666665,0.39999999999999997,9,2303,5
514,base600,2,1.0756375721903102,2.4635416666666665,0.39999999999999997,9,2303,5
515,base600,2,1.0766189377652102,2.453125,0.39999999999999997,9,2304,5
516,base600,2,1.0741472490820148,2.4479166666666665,0.39999999999999997,9,2304,5
517,base600,2,1.076027157497299,2.4618055555555554,0.39999999999999997,9,2304,5
518,base600,2,1.0760023111202224,2.4635416666666665,0.39999999999999997,9,2304,5
519,base600,2,1.0758857660040129,2.4618055555555554,0.39999999999999997,9,2304,5
520,base600,2,1.0755178093504019,2.4635416666666665,0.39999999999999997,9,2304,5
521,base600,2,1.0754433428324717,2.4479166666666665,0.39999999999999997,9,2304,5
522,base600,2,1.0735062164588358,2.4427083333333335,0.39999999999999997,10,2304,5
523,base600,2,1.0737480241631319,2.4427083333333335,0.39999999999999997,9,2304,5
524,base600,2,1.0758057742184153,2.4496527777777777,0.39999999999999997,10,2304,5
525,base600,2,1.0778365171148474,2.4600694444444446,0.39999999999999997,10,2304,5
526,base600,2,1.0760467058956167,2.4444444444444446,0.39999999999999997,10,2304,5
527,base600,2,1.08032370101463,2.4427083333333335,0.39999999999999997,10,2304,5
528,base600,2,1.0791846407047572,2.4479166666666665,0.39999999999999997,10,2304,5
529,base600,2,1.07520627259677,2.4288194444444446,0.39999999999999997,10,2304,5
530,base600,2,1.0755879237667452,2.423611111111111,0.39999999999999997,10,2304,5
531,base600,2,1.075130571085846,2.420138888888889,0.39999999999999997,10,2304,5
532,base600,2,1.075130571085846,2.420138888888889,0.39999999999999997,10,2304,5
533,base600,2,1.0726328605345956,2.4166666666666665,0.39999999999999997,10,2304,5
534,base600,2,1.0743864701410326,2.4305555555555554,0.39999999999999997,10,2304,5
535,base600,2,1.072161565677822,2.4375,0.39999999999999997,10,2304,5
536,base600,2,1.0723980140231748,2.435763888888889,0.39999999999999997,10,2304,5
537,base600,2,1.0743864701410326,2.4461805555555554,0.39999999999999997,10,2304,5
538,base600,2,1.0747515072267606,2.4461805555555554,0.39999999999999997,10,2304,5
539,base600,2,1.0777423327318887,2.453125,0.39999999999999997,10,2304,5
540,base600,2,1.0807016549568227,2.4496527777777777,0.39999999999999997,10,2304,5
541,base600,2,1.0761111800748226,2.4340277777777777,0.39999999999999997,10,2304,5
542,base600,2,1.0720123877420518,2.4322916666666665,0.39999999999999997,10,2304,5
543,base600,2,1.0717746806873771,2.4322916666666665,0.39999999999999997,10,2304,5
544,base600,2,1.0670160045325705,2.4288194444444446,0.39999999999999997,10,2304,5
545,base600,2,1.0633420468325512,2.4253472222222223,0.39999999999999997,11,2304,5
546,base600,2,1.0683659883884293,2.4270833333333335,0.39999999999999997,10,2304,5
547,base600,2,1.070645025939274,2.4253472222222223,0.39999999999999997,10,2304,5
548,base600,2,1.07039965909716,2.4305555555555554,0.39999999999999997,11,2304,5
549,base600,2,1.0719697986846497,2.451388888888889,0.39999999999999997,12,2304,5
550,base600,2,1.076127745511701,2.4652777777777777,0.39999999999999997,12,2304,5
551,base600,2,1.078136032454254,2.470486111111111,0.39999999999999997,12,2304,5
552,base600,2,1.082686349652369,2.486111111111111,0.39999999999999997,12,2304,5
553,base600,2,1.084639884644113,2.4809027777777777,0.39999999999999997,12,2304,5
554,base600,2,1.0944274982565183,2.4965277777777777,0.39999999999999997,12,2304,5
555,base600,2,1.0980569238657394,2.5086805555555554,0.39999999999999997,12,2304,5
556,base600,2,1.0967733475460484,2.5190972222222223,0.39999999999999997,11,2304,5
557,base600,2,1.098879436824292,2.529513888888889,0.39999999999999997,11,2304,5
558,base600,2,1.0984904146943792,2.53125,0.39999999999999997,11,2304,5
559,base600,2,1.0995486392559766,2.5364583333333335,0.39999999999999997,11,2304,5
560,base600,2,1.1012063208039315,2.5364583333333335,0.39999999999999997,11,2304,5
561,base600,2,1.0992251893777318,2.5399305555555554,0.39999999999999997,11,2304,5
562,base600,2,1.1027197671533304,2.5503472222222223,0.39999999999999997,11,2304,5
563,base600,2,1.0997116592795948,2.545138888888889,0.39999999999999997,11,2304,5
564,base600,2,1.1023880657555658,2.564236111111111,0.39999999999999997,11,2304,5
565,base600,2,1.1043454140118139,2.5659722222222223,0.39999999999999997,11,2304,5
566,base600,2,1.1030101507240733,2.5625,0.39999999999999997,11,2304,5
567,base600,2,1.106905079168907,2.5694444444444446,0.39999999999999997,11,2304,5
568,base600,2,1.1026756828411979,2.5590277777777777,0.39999999999999997,12,2304,5
569,base600,2,1.1032985299221754,2.5503472222222223,0.39999999999999997,12,2304,5
570,base600,2,1.1069279683554332,2.5416666666666665,0.39999999999999997,12,2304,5
571,base600,2,1.1043367301703837,2.529513888888889,0.39999999999999997,12,2304,5
572,base600,2,1.1037548128048986,2.529513888888889,0.39999999999999997,12,2304,5
573,base600,2,1.1043851223509107,2.517361111111111,0.39999999999999997,12,2304,5
574,base600,2,1.1005695621363067,2.513888888888889,0.39999999999999997,12,2304,5
575,base600,2,1.0988841328447545,2.5086805555555554,0.39999999999999997,12,2304,5
576,base600,2,1.0975724823693211,2.5069444444444446,0.39999999999999997,12,2304,5
577,base600,2,1.0932605280709118,2.5104166666666665,0.39999999999999997,12,2304,5
578,base600,2,1.0954567475253236,2.5086805555555554,0.39999999999999997,12,2304,5
579,base600,2,1.0860430691133938,2.4947916666666665,0.39999999999999997,12,2304,4
580,base600,2,1.0864522896046012,2.4913194444444446,0.39999999999999997,12,2304,4
581,base600,2,1.0864522896046012,2.4878472222222223,0.39999999999999997,12,2304,4
582,base600,2,1.0885818184348697,2.486111111111111,0.39999999999999997,14,2304,4
583,base600,2,1.0907369508999456,2.4947916666666665,0.39999999999999997,14,2304,4
584,base600,2,1.0896132993557612,2.4947916666666665,0.39999999999999997,14,2304,4
585,base600,2,1.0870715870440302,2.4791666666666665,0.39999999999999997,14,2304,4
586,base600,2,1.0891264628965558,2.467013888888889,0.39999999999999997,14,2304,4
587,base600,2,1.0887050520020685,2.4618055555555554,0.39999999999999997,14,2304,4
588,base600,2,1.090388627386052,2.454861111111111,0.39999999999999997,14,2304,4
589,base600,2,1.0908109442837537,2.4496527777777777,0.39999999999999997,14,2304,4
590,base600,2,1.0897471868283444,2.451388888888889,0.39999999999999997,14,2304,4
591,base600,2,1.089227175161602,2.4479166666666665,0.39999999999999997,14,2304,4
592,base600,2,1.0908438785023047,2.4461805555555554,0.39999999999999997,14,2304,4
593,base600,2,1.0908438785023047,2.4461805555555554,0.39999999999999997,14,2304,4
594,base600,2,1.0847264263010172,2.454861111111111,0.39999999999999997,14,2304,4
595,base600,2,1.0912085991657532,2.4739583333333335,0.39999999999999997,15,2304,4
596,base600,2,1.0971785291154819,2.4895833333333335,0.39999999999999997,15,2304,4
597,base600,2,1.097235901437958,2.501736111111111,0.39999999999999997,14,2304,4
598,base600,2,1.0948059032870803,2.5104166666666665,0.39999999999999997,14,2304,4
599,base600,2,1.0942473198630807,2.5208333333333335,0.39999999999999997,14,2304,4
600,base600,2,1.0944353873532666,2.513888888888889,0.39999999999999997,14,2304,4
