gen,arm,arm_kind,rep,H_pool,NBHD,C,n_split,n_frags,n_types,drops_rare,drops_common,extinctions
1,base600,regcap,0,-0.0,1.0,0.7524244337085488,0,576,1,0,0,0
2,base600,regcap,0,0.0758896701355042,1.0729166666666667,0.7437483867046253,7,590,7,0,0,0
3,base600,regcap,0,0.13765767492210082,1.1319444444444444,0.7350604140428918,7,604,8,0,0,0
4,base600,regcap,0,0.18701845791929625,1.1979166666666667,0.7263604331402063,6,615,8,0,1,0
5,base600,regcap,0,0.2244340158126916,1.2552083333333333,0.7176482508184936,6,625,8,0,2,0
6,base600,regcap,0,0.2663991236094085,1.328125,0.7089445108306385,7,638,8,0,1,0
7,base600,regcap,0,0.30339185994639606,1.3836805555555556,0.7002341269861049,7,652,8,0,0,0
8,base600,regcap,0,0.347191674279167,1.4270833333333333,0.6915143355677114,7,666,8,0,0,0
9,base600,regcap,0,0.38110477305983725,1.4565972222222223,0.6827870490262895,7,679,9,0,1,0
10,base600,regcap,0,0.4109585714397388,1.5052083333333333,0.6740488096097523,7,693,9,0,0,0
11,base600,regcap,0,0.4538693461999114,1.5746527777777777,0.6653140719678781,7,707,9,0,0,0
12,base600,regcap,0,0.48841722490884093,1.6197916666666667,0.6565618383955694,7,721,9,0,0,0
13,base600,regcap,0,0.5154568492341913,1.6736111111111112,0.6478105048611096,7,734,9,0,1,0
14,base600,regcap,0,0.5279814649714487,1.6979166666666667,0.6390578804299007,7,744,9,0,4,0
15,base600,regcap,0,0.5596980009608367,1.7430555555555556,0.6302959452250378,7,756,9,0,2,0
16,base600,regcap,0,0.5899516342179345,1.7934027777777777,0.621531404526438,7,770,9,0,0,0
17,base600,regcap,0,0.6117214032806155,1.8194444444444444,0.6127652809989286,7,781,9,0,3,0
18,base600,regcap,0,0.6392629773069161,1.8524305555555556,0.6039939584122128,7,792,9,0,3,0
19,base600,regcap,0,0.671051485060558,1.9045138888888888,0.5952188426087879,7,804,9,0,2,0
20,base600,regcap,0,0.6883492777980337,1.9340277777777777,0.5864527007140786,7,817,9,0,1,0
21,base600,regcap,0,0.7059323336256836,1.9652777777777777,0.5777124459832,7,829,9,0,2,0
22,base600,regcap,0,0.7239943347195795,1.984375,0.5690404292428588,8,844,9,0,1,0
23,base600,regcap,0,0.7387452219430457,2.0121527777777777,0.5604552093384347,7,858,9,0,0,0
24,base600,regcap,0,0.7573208230173635,2.046875,0.5520013193315298,7,872,9,0,0,0
25,base600,regcap,0,0.7780473000987395,2.09375,0.5437221789723046,7,883,9,0,3,0
26,base600,regcap,0,0.7921824136092914,2.111111111111111,0.5356261588701724,7,894,9,0,3,0
27,base600,regcap,0,0.8042003384856208,2.1371527777777777,0.5277654392510231,7,907,9,0,1,0
28,base600,regcap,0,0.8175924647406363,2.170138888888889,0.5201786257874328,7,918,9,0,3,0
29,base600,regcap,0,0.8281973528959792,2.2083333333333335,0.5128798771287335,7,928,9,0,4,0
30,base600,regcap,0,0.8357970967325853,2.2135416666666665,0.5058221442602351,7,939,9,0,3,0
31,base600,regcap,0,0.8562105107276362,2.2552083333333335,0.49902400569288424,7,950,9,0,3,0
32,base600,regcap,0,0.8629822822004536,2.2708333333333335,0.4924709904527834,7,960,9,0,4,0
33,base600,regcap,0,0.8716443085263648,2.2881944444444446,0.48617464922666387,7,968,9,0,6,0
34,base600,regcap,0,0.8839076616256978,2.3072916666666665,0.4801194301086824,8,984,9,0,0,0
35,base600,regcap,0,0.904644218816069,2.3628472222222223,0.47428734034351283,8,993,9,0,7,0
36,base600,regcap,0,0.910110799967609,2.3854166666666665,0.46864743032304906,8,1003,9,0,6,0
37,base600,regcap,0,0.9181937003151472,2.4027777777777777,0.4632007617690254,8,1015,9,0,4,0
38,base600,regcap,0,0.9278251385818063,2.421875,0.4579301929543684,8,1028,9,0,3,0
39,base600,regcap,0,0.9437087201588609,2.4809027777777777,0.45284423290656883,8,1043,9,0,1,0
40,base600,regcap,0,0.9553523498057527,2.501736111111111,0.44793893569103926,8,1057,9,0,2,0
41,base600,regcap,0,0.9603804854886534,2.5052083333333335,0.44320725772084596,8,1068,9,0,5,0
42,base600,regcap,0,0.9684521328695626,2.513888888888889,0.4386738346993686,8,1080,9,0,4,0
43,base600,regcap,0,0.9792565397634554,2.5399305555555554,0.4343042428553656,8,1092,9,0,4,0
44,base600,regcap,0,0.9865978596390178,2.5538194444444446,0.4301536214207006,8,1105,9,0,3,0
45,base600,regcap,0,0.992203881710297,2.5572916666666665,0.42621112871645705,8,1116,9,0,5,0
46,base600,regcap,0,0.9983066339638379,2.5711805555555554,0.4225282206114192,8,1126,9,0,6,0
47,base600,regcap,0,1.0104615507429733,2.595486111111111,0.41912163501944216,8,1137,9,0,5,0
48,base600,regcap,0,1.0212314105368352,2.6128472222222223,0.4160437942008535,7,1145,10,0,6,0
49,base600,regcap,0,1.0367043523995574,2.642361111111111,0.41324000232550395,8,1158,10,0,3,0
50,base600,regcap,0,1.0401925751201755,2.6458333333333335,0.410706769816324,8,1169,10,0,5,0
51,base600,regcap,0,1.0496875763783613,2.6684027777777777,0.4084328943393254,8,1183,10,0,2,0
52,base600,regcap,0,1.0604782740785978,2.6875,0.40642945714382467,8,1196,10,0,3,0
53,base600,regcap,0,1.067876055395155,2.701388888888889,0.4046834071617041,8,1205,10,0,7,0
54,base600,regcap,0,1.0724123891429866,2.7100694444444446,0.403220210077899,8,1219,10,0,2,0
55,base600,regcap,0,1.0826141650657473,2.7309027777777777,0.40201023125496826,8,1228,10,0,7,0
56,base600,regcap,0,1.0855145310495915,2.732638888888889,0.4011192472509629,8,1239,10,0,5,0
57,base600,regcap,0,1.0927804104125574,2.7465277777777777,0.40052334393081007,8,1249,10,0,6,0
58,base600,regcap,0,1.1021986162585464,2.7621527777777777,0.400178552357654,8,1259,10,0,6,0
59,base600,regcap,0,1.107136289127228,2.782986111111111,0.40001738707743917,8,1267,10,0,8,0
60,base600,regcap,0,1.1088411287505615,2.7847222222222223,0.39999999999999997,8,1275,10,0,8,0
61,base600,regcap,0,1.1118982026522,2.7847222222222223,0.39999999999999997,8,1283,10,0,8,0
62,base600,regcap,0,1.1189261993454314,2.8020833333333335,0.39999999999999997,8,1296,10,0,3,0
63,base600,regcap,0,1.1250730173135897,2.8177083333333335,0.39999999999999997,8,1308,10,0,4,0
64,base600,regcap,0,1.1322924599124073,2.826388888888889,0.39999999999999997,8,1318,10,0,6,0
65,base600,regcap,0,1.1339534171384182,2.828125,0.39999999999999997,8,1329,10,0,5,0
66,base600,regcap,0,1.1358894199139358,2.829861111111111,0.39999999999999997,8,1339,10,0,6,0
67,base600,regcap,0,1.1425704123296319,2.84375,0.39999999999999997,8,1347,10,0,8,0
68,base600,regcap,0,1.1511406826600936,2.861111111111111,0.39999999999999997,8,1355,10,0,8,0
69,base600,regcap,0,1.1530640346656342,2.8645833333333335,0.39999999999999997,8,1364,10,0,7,0
70,base600,regcap,0,1.158787808869998,2.8975694444444446,0.39999999999999997,8,1371,10,0,9,0
71,base600,regcap,0,1.16254455915152,2.9184027777777777,0.39999999999999997,8,1383,10,0,4,0
72,base600,regcap,0,1.1638774844928614,2.9253472222222223,0.39999999999999997,8,1394,10,0,5,0
73,base600,regcap,0,1.1600752671442043,2.9114583333333335,0.39999999999999997,8,1402,10,0,8,0
74,base600,regcap,0,1.170757279785402,2.939236111111111,0.39999999999999997,8,1413,10,0,5,0
75,base600,regcap,0,1.1709147550814523,2.939236111111111,0.39999999999999997,8,1421,10,0,8,0
76,base600,regcap,0,1.1715120436318798,2.9461805555555554,0.39999999999999997,8,1433,10,0,4,0
77,base600,regcap,0,1.1733912319726958,2.951388888888889,0.39999999999999997,8,1444,10,0,5,0
78,base600,regcap,0,1.1767211708459073,2.9583333333333335,0.39999999999999997,8,1454,10,0,6,0
79,base600,regcap,0,1.1795962987387614,2.9635416666666665,0.39999999999999997,8,1464,10,0,6,0
80,base600,regcap,0,1.183130260903705,2.9722222222222223,0.39999999999999997,8,1469,10,0,11,0
81,base600,regcap,0,1.1846519770375823,2.9809027777777777,0.39999999999999997,8,1478,10,0,7,0
82,base600,regcap,0,1.1856549511779901,2.9809027777777777,0.39999999999999997,8,1489,10,0,5,0
83,base600,regcap,0,1.1860206695482807,2.9878472222222223,0.39999999999999997,8,1498,10,0,7,0
84,base600,regcap,0,1.190754900302707,3.0,0.39999999999999997,8,1505,10,0,9,0
85,base600,regcap,0,1.196891319921961,3.0104166666666665,0.39999999999999997,8,1516,10,0,5,0
86,base600,regcap,0,1.1955632041820754,3.001736111111111,0.39999999999999997,8,1526,10,0,6,0
87,base600,regcap,0,1.19928587625697,3.0121527777777777,0.39999999999999997,8,1537,10,0,5,0
88,base600,regcap,0,1.1998931393825407,3.0121527777777777,0.39999999999999997,8,1543,10,0,10,0
89,base600,regcap,0,1.207090463930097,3.032986111111111,0.39999999999999997,8,1550,10,0,9,0
90,base600,regcap,0,1.2110469252624965,3.0434027777777777,0.39999999999999997,8,1559,10,0,7,0
91,base600,regcap,0,1.211586690431616,3.0434027777777777,0.39999999999999997,8,1567,10,0,8,0
92,base600,regcap,0,1.2069476544181632,3.0347222222222223,0.39999999999999997,8,1573,10,0,10,0
93,base600,regcap,0,1.2079678512264196,3.0399305555555554,0.39999999999999997,8,1582,10,0,7,0
94,base600,regcap,0,1.2084566104396923,3.0399305555555554,0.39999999999999997,8,1588,10,0,10,0
95,base600,regcap,0,1.2126858832813374,3.045138888888889,0.39999999999999997,8,1598,10,0,6,0
96,base600,regcap,0,1.212369229944306,3.045138888888889,0.39999999999999997,8,1609,10,0,5,0
97,base600,regcap,0,1.2131904125424025,3.045138888888889,0.39999999999999997,8,1617,10,0,8,0
98,base600,regcap,0,1.213580975005011,3.048611111111111,0.39999999999999997,8,1622,10,0,11,0
99,base600,regcap,0,1.217655966233141,3.060763888888889,0.39999999999999997,8,1628,10,0,10,0
100,base600,regcap,0,1.222850183357216,3.0746527777777777,0.39999999999999997,8,1637,10,0,7,0
101,base600,regcap,0,1.2202770459133003,3.0729166666666665,0.39999999999999997,7,1642,10,0,9,0
102,base600,regcap,0,1.2180965425541017,3.0677083333333335,0.39999999999999997,7,1648,10,0,8,0
103,base600,regcap,0,1.2187187946910123,3.064236111111111,0.39999999999999997,7,1653,10,0,9,0
104,base600,regcap,0,1.2214193466530219,3.078125,0.39999999999999997,7,1661,10,0,6,0
105,base600,regcap,0,1.2221201770398544,3.078125,0.39999999999999997,7,1669,10,0,6,0
106,base600,regcap,0,1.2219939064181513,3.078125,0.39999999999999997,7,1675,10,0,8,0
107,base600,regcap,0,1.221605785119397,3.078125,0.39999999999999997,7,1682,10,0,7,0
108,base600,regcap,0,1.2210669833391152,3.078125,0.39999999999999997,8,1694,10,0,4,0
109,base600,regcap,0,1.2199090389449379,3.079861111111111,0.39999999999999997,8,1701,10,0,9,0
110,base600,regcap,0,1.2259113509975468,3.092013888888889,0.39999999999999997,8,1708,10,0,9,0
111,base600,regcap,0,1.2275244454931338,3.0902777777777777,0.39999999999999997,8,1716,10,0,8,0
112,base600,regcap,0,1.2288916109270744,3.0902777777777777,0.39999999999999997,8,1718,10,0,14,0
113,base600,regcap,0,1.2283936532903665,3.092013888888889,0.39999999999999997,8,1727,10,0,7,0
114,base600,regcap,0,1.2340798968076618,3.1041666666666665,0.39999999999999997,8,1737,10,0,6,0
115,base600,regcap,0,1.235402395584109,3.1041666666666665,0.39999999999999997,8,1741,10,0,12,0
116,base600,regcap,0,1.235529683409258,3.1041666666666665,0.39999999999999997,8,1747,10,0,10,0
117,base600,regcap,0,1.2352595759745004,3.1041666666666665,0.39999999999999997,8,1753,10,0,10,0
118,base600,regcap,0,1.2402302189762693,3.1145833333333335,0.39999999999999997,8,1763,10,0,6,0
119,base600,regcap,0,1.2418055990953925,3.1302083333333335,0.39999999999999997,8,1774,10,0,5,0
120,base600,regcap,0,1.2420722125921488,3.1302083333333335,0.39999999999999997,8,1779,10,0,11,0
121,base600,regcap,0,1.244480649036709,3.1354166666666665,0.39999999999999997,8,1785,10,0,10,0
122,base600,regcap,0,1.2473051290449042,3.140625,0.39999999999999997,9,1793,10,0,10,0
123,base600,regcap,0,1.2530672602249255,3.157986111111111,0.39999999999999997,9,1798,10,0,13,0
124,base600,regcap,0,1.2575105458421376,3.1597222222222223,0.39999999999999997,9,1806,10,0,10,0
125,base600,regcap,0,1.2580869377592123,3.157986111111111,0.39999999999999997,10,1815,10,0,11,0
126,base600,regcap,0,1.259532064969967,3.1614583333333335,0.39999999999999997,11,1820,10,0,17,0
127,base600,regcap,0,1.260981904410267,3.1631944444444446,0.39999999999999997,11,1823,10,0,19,0
128,base600,regcap,0,1.2634522446932752,3.1684027777777777,0.39999999999999997,10,1830,10,0,13,0
129,base600,regcap,0,1.26762772092468,3.1805555555555554,0.39999999999999997,10,1839,10,0,11,0
130,base600,regcap,0,1.2680673391379425,3.1805555555555554,0.39999999999999997,10,1846,10,0,13,0
131,base600,regcap,0,1.2635437544531272,3.1788194444444446,0.39999999999999997,10,1852,10,0,14,0
132,base600,regcap,0,1.2680212589143638,3.1944444444444446,0.39999999999999997,10,1860,10,0,12,0
133,base600,regcap,0,1.272634855971081,3.2065972222222223,0.39999999999999997,10,1867,10,0,13,0
134,base600,regcap,0,1.2750774448628464,3.2256944444444446,0.39999999999999997,9,1873,10,0,12,0
135,base600,regcap,0,1.277149127444827,3.248263888888889,0.39999999999999997,9,1879,10,0,12,0
136,base600,regcap,0,1.2773485170593974,3.267361111111111,0.39999999999999997,9,1881,10,0,16,0
137,base600,regcap,0,1.2779225996597499,3.2708333333333335,0.39999999999999997,8,1883,10,0,14,0
138,base600,regcap,0,1.2794364461544498,3.2725694444444446,0.39999999999999997,8,1888,10,0,11,0
139,base600,regcap,0,1.2862565854417536,3.298611111111111,0.39999999999999997,9,1895,10,0,11,0
140,base600,regcap,0,1.2867844672323567,3.298611111111111,0.39999999999999997,9,1899,10,0,14,0
141,base600,regcap,0,1.2906656629494864,3.3125,0.39999999999999997,9,1905,10,0,12,0
142,base600,regcap,0,1.2893807392243755,3.3125,0.39999999999999997,10,1909,10,0,16,0
143,base600,regcap,0,1.2852555554123002,3.3125,0.39999999999999997,10,1915,9,1,13,1
144,base600,regcap,0,1.2819040915481852,3.298611111111111,0.39999999999999997,10,1918,9,0,17,0
145,base600,regcap,0,1.2845793280604563,3.3020833333333335,0.39999999999999997,10,1927,9,0,11,0
146,base600,regcap,0,1.2797195599722748,3.282986111111111,0.39999999999999997,10,1931,9,0,16,0
147,base600,regcap,0,1.2820704586990586,3.2864583333333335,0.39999999999999997,10,1934,9,0,17,0
148,base600,regcap,0,1.2778013196102498,3.2777777777777777,0.39999999999999997,10,1940,9,0,14,0
149,base600,regcap,0,1.2682315175470875,3.2690972222222223,0.39999999999999997,12,1942,9,0,22,0
150,base600,regcap,0,1.2664003358776355,3.2708333333333335,0.39999999999999997,11,1949,9,0,15,0
151,base600,regcap,0,1.2689359595311285,3.2777777777777777,0.39999999999999997,11,1954,10,0,17,0
152,base600,regcap,0,1.2695488245466813,3.2881944444444446,0.39999999999999997,11,1957,10,0,19,0
153,base600,regcap,0,1.2656672216561042,3.2847222222222223,0.39999999999999997,11,1961,10,0,18,0
154,base600,regcap,0,1.2627903994755316,3.2881944444444446,0.39999999999999997,12,1964,10,0,21,0
155,base600,regcap,0,1.2645926590218752,3.3072916666666665,0.39999999999999997,12,1967,10,0,21,0
156,base600,regcap,0,1.2670614778534355,3.3246527777777777,0.39999999999999997,12,1977,10,0,14,0
157,base600,regcap,0,1.2674016188079515,3.3246527777777777,0.39999999999999997,12,1984,10,0,17,0
158,base600,regcap,0,1.2592127992821818,3.296875,0.39999999999999997,12,1990,10,0,18,0
159,base600,regcap,0,1.2538853181053788,3.2743055555555554,0.39999999999999997,13,1998,10,0,18,0
160,base600,regcap,0,1.2498736286325927,3.2552083333333335,0.39999999999999997,13,2002,10,0,22,0
161,base600,regcap,0,1.253147501254307,3.263888888888889,0.39999999999999997,13,2013,10,0,15,0
162,base600,regcap,0,1.2508447035430454,3.2604166666666665,0.39999999999999997,13,2017,10,0,22,0
163,base600,regcap,0,1.2488358581578338,3.2552083333333335,0.39999999999999997,13,2020,10,0,23,0
164,base600,regcap,0,1.2386006214123488,3.236111111111111,0.39999999999999997,13,2024,10,0,22,0
165,base600,regcap,0,1.2387012356277032,3.2413194444444446,0.39999999999999997,13,2029,10,0,21,0
166,base600,regcap,0,1.2333128516530107,3.2256944444444446,0.39999999999999997,12,2032,10,0,21,0
167,base600,regcap,0,1.2257342159177302,3.2065972222222223,0.39999999999999997,12,2033,10,0,23,0
168,base600,regcap,0,1.2250517369736238,3.2065972222222223,0.39999999999999997,12,2039,10,0,18,0
169,base600,regcap,0,1.215533777829554,3.1909722222222223,0.39999999999999997,12,2046,10,0,17,0
170,base600,regcap,0,1.206823359700687,3.173611111111111,0.39999999999999997,12,2048,10,0,22,0
171,base600,regcap,0,1.2081449374117328,3.1631944444444446,0.39999999999999997,12,2050,10,0,22,0
172,base600,regcap,0,1.2016387628442022,3.1510416666666665,0.39999999999999997,12,2055,10,0,19,0
173,base600,regcap,0,1.188306406071081,3.140625,0.39999999999999997,12,2059,10,0,20,0
174,base600,regcap,0,1.1873881199317868,3.1371527777777777,0.39999999999999997,12,2061,10,0,22,0
175,base600,regcap,0,1.1829142585765473,3.1319444444444446,0.39999999999999997,12,2062,10,0,23,0
176,base600,regcap,0,1.1797653284580276,3.1336805555555554,0.39999999999999997,13,2067,10,0,21,0
177,base600,regcap,0,1.1697253179588427,3.109375,0.39999999999999997,13,2070,10,0,23,0
178,base600,regcap,0,1.16305741355955,3.0885416666666665,0.39999999999999997,12,2074,10,0,20,0
179,base600,regcap,0,1.163147763865161,3.0902777777777777,0.39999999999999997,12,2078,9,1,19,1
180,base600,regcap,0,1.160863567803178,3.076388888888889,0.39999999999999997,12,2083,9,0,19,0
181,base600,regcap,0,1.1619896225310182,3.0868055555555554,0.39999999999999997,12,2087,9,0,20,0
182,base600,regcap,0,1.1598627295898007,3.0833333333333335,0.39999999999999997,12,2090,9,0,21,0
183,base600,regcap,0,1.1569283289496828,3.0815972222222223,0.39999999999999997,12,2092,9,0,22,0
184,base600,regcap,0,1.1502009353295322,3.064236111111111,0.39999999999999997,12,2097,9,0,19,0
185,base600,regcap,0,1.1457048750030379,3.0555555555555554,0.39999999999999997,12,2098,9,0,23,0
186,base600,regcap,0,1.141995927925004,3.0503472222222223,0.39999999999999997,12,2106,9,0,16,0
187,base600,regcap,0,1.135178573907971,3.0277777777777777,0.39999999999999997,12,2110,9,0,20,0
188,base600,regcap,0,1.1330897923657328,3.015625,0.39999999999999997,12,2112,9,0,22,0
189,base600,regcap,0,1.1292366395959021,2.9965277777777777,0.39999999999999997,13,2116,9,0,22,0
190,base600,regcap,0,1.1218632021585768,2.9895833333333335,0.39999999999999997,13,2120,8,1,21,1
191,base600,regcap,0,1.1214843405152253,2.986111111111111,0.39999999999999997,13,2125,8,0,21,0
192,base600,regcap,0,1.1094034772238577,2.9583333333333335,0.39999999999999997,13,2129,8,0,22,0
193,base600,regcap,0,1.1094172021143724,2.953125,0.39999999999999997,12,2132,8,0,21,0
194,base600,regcap,0,1.1023313701490565,2.939236111111111,0.39999999999999997,12,2134,8,0,22,0
195,base600,regcap,0,1.100376992738768,2.9375,0.39999999999999997,12,2135,8,0,23,0
196,base600,regcap,0,1.0965652518221716,2.9253472222222223,0.39999999999999997,12,2138,8,0,21,0
197,base600,regcap,0,1.0947990206455014,2.9131944444444446,0.39999999999999997,13,2139,8,0,25,0
198,base600,regcap,0,1.0953204191614738,2.920138888888889,0.39999999999999997,13,2145,8,0,20,0
199,base600,regcap,0,1.088632274509856,2.888888888888889,0.39999999999999997,15,2148,8,0,27,0
200,base600,regcap,0,1.0830061730288836,2.8819444444444446,0.39999999999999997,15,2152,8,0,26,0
201,base600,regcap,0,1.0840770140835942,2.8871527777777777,0.39999999999999997,15,2154,8,0,28,0
202,base600,regcap,0,1.076390477821894,2.873263888888889,0.39999999999999997,15,2156,8,0,28,0
203,base600,regcap,0,1.0742953900175254,2.8697916666666665,0.39999999999999997,15,2159,8,0,27,0
204,base600,regcap,0,1.0722875979267201,2.873263888888889,0.39999999999999997,15,2160,8,0,29,0
205,base600,regcap,0,1.0717293522046272,2.8663194444444446,0.39999999999999997,15,2161,8,0,29,0
206,base600,regcap,0,1.0679661014773807,2.859375,0.39999999999999997,15,2163,8,0,28,0
207,base600,regcap,0,1.0638830428660582,2.8541666666666665,0.39999999999999997,15,2165,8,0,28,0
208,base600,regcap,0,1.0515003519706965,2.8246527777777777,0.39999999999999997,15,2165,8,0,30,0
209,base600,regcap,0,1.0510182099264709,2.8194444444444446,0.39999999999999997,15,2165,8,0,30,0
210,base600,regcap,0,1.0467040412098942,2.8055555555555554,0.39999999999999997,15,2166,8,0,29,0
211,base600,regcap,0,1.04021243718306,2.795138888888889,0.39999999999999997,15,2169,8,0,27,0
212,base600,regcap,0,1.0319589436237384,2.779513888888889,0.39999999999999997,15,2172,8,0,27,0
213,base600,regcap,0,1.033576752819964,2.7916666666666665,0.39999999999999997,15,2174,8,0,28,0
214,base600,regcap,0,1.03538197091347,2.7934027777777777,0.39999999999999997,15,2175,8,0,29,0
215,base600,regcap,0,1.0282139908595833,2.78125,0.39999999999999997,15,2177,8,0,28,0
216,base600,regcap,0,1.0234900119189951,2.7690972222222223,0.39999999999999997,15,2180,8,0,27,0
217,base600,regcap,0,1.0250788717932797,2.7777777777777777,0.39999999999999997,15,2181,8,0,29,0
218,base600,regcap,0,1.0179637762741578,2.7621527777777777,0.39999999999999997,15,2183,8,0,28,0
219,base600,regcap,0,1.0163020264851903,2.7586805555555554,0.39999999999999997,15,2188,8,0,25,0
220,base600,regcap,0,1.0151504835543794,2.7586805555555554,0.39999999999999997,15,2192,8,0,26,0
221,base600,regcap,0,1.018261060612771,2.7534722222222223,0.39999999999999997,15,2195,8,0,27,0
222,base600,regcap,0,1.0189283449647197,2.7534722222222223,0.39999999999999997,15,2197,8,0,28,0
223,base600,regcap,0,1.0195686493732636,2.75,0.39999999999999997,15,2199,8,0,28,0
224,base600,regcap,0,1.0113136458993846,2.7395833333333335,0.39999999999999997,15,2202,8,0,27,0
225,base600,regcap,0,1.0070312805526684,2.7465277777777777,0.39999999999999997,15,2206,8,0,26,0
226,base600,regcap,0,1.0041601546353143,2.7447916666666665,0.39999999999999997,15,2206,8,0,30,0
227,base600,regcap,0,1.0030348234482918,2.7447916666666665,0.39999999999999997,15,2207,8,0,29,0
228,base600,regcap,0,0.9986353225067434,2.732638888888889,0.39999999999999997,15,2211,8,0,26,0
229,base600,regcap,0,0.9945120785372753,2.7256944444444446,0.39999999999999997,15,2213,8,0,28,0
230,base600,regcap,0,0.9949261095886394,2.7291666666666665,0.39999999999999997,15,2214,8,0,29,0
231,base600,regcap,0,0.9954616602387365,2.736111111111111,0.39999999999999997,15,2216,8,0,28,0
232,base600,regcap,0,0.9926229710613365,2.7256944444444446,0.39999999999999997,15,2218,8,0,28,0
233,base600,regcap,0,0.9935442941099528,2.7291666666666665,0.39999999999999997,15,2218,8,0,30,0
234,base600,regcap,0,0.9931840492812,2.7291666666666665,0.39999999999999997,15,2222,8,0,26,0
235,base600,regcap,0,0.9884392560416493,2.717013888888889,0.39999999999999997,15,2223,8,0,29,0
236,base600,regcap,0,0.9843764306788927,2.7100694444444446,0.39999999999999997,15,2224,8,0,29,0
237,base600,regcap,0,0.9818094941031665,2.7083333333333335,0.39999999999999997,15,2227,8,0,27,0
238,base600,regcap,0,0.9839100271035037,2.7100694444444446,0.39999999999999997,15,2228,8,0,29,0
239,base600,regcap,0,0.9836107818703939,2.7118055555555554,0.39999999999999997,15,2230,8,0,28,0
240,base600,regcap,0,0.9776226605015318,2.685763888888889,0.39999999999999997,15,2231,8,0,29,0
241,base600,regcap,0,0.9799360944512768,2.685763888888889,0.39999999999999997,15,2231,8,0,30,0
242,base600,regcap,0,0.9781504721758625,2.685763888888889,0.39999999999999997,15,2232,8,0,29,0
243,base600,regcap,0,0.9750449847288092,2.685763888888889,0.39999999999999997,15,2234,8,0,28,0
244,base600,regcap,0,0.9738602825227773,2.6822916666666665,0.39999999999999997,15,2236,8,0,28,0
245,base600,regcap,0,0.9746375832940459,2.6805555555555554,0.39999999999999997,15,2238,8,0,28,0
246,base600,regcap,0,0.9753771863196343,2.689236111111111,0.39999999999999997,15,2241,8,0,27,0
247,base600,regcap,0,0.9802422244408723,2.703125,0.39999999999999997,15,2243,8,1,27,1
248,base600,regcap,0,0.9720507605317702,2.701388888888889,0.39999999999999997,15,2245,8,0,28,0
249,base600,regcap,0,0.9679331789455399,2.6909722222222223,0.39999999999999997,15,2247,8,0,28,0
250,base600,regcap,0,0.9679331789455399,2.6822916666666665,0.39999999999999997,15,2247,8,0,30,0
251,base600,regcap,0,0.9672900883882438,2.6840277777777777,0.39999999999999997,15,2248,8,0,29,0
252,base600,regcap,0,0.9678838510407026,2.6909722222222223,0.39999999999999997,14,2249,8,0,27,0
253,base600,regcap,0,0.9678838510407026,2.6927083333333335,0.39999999999999997,14,2249,8,0,28,0
254,base600,regcap,0,0.9636951586348806,2.6770833333333335,0.39999999999999997,14,2251,8,0,26,0
255,base600,regcap,0,0.9567534501929432,2.6614583333333335,0.39999999999999997,14,2255,8,0,24,0
256,base600,regcap,0,0.9507532544700261,2.6597222222222223,0.39999999999999997,14,2255,8,0,28,0
257,base600,regcap,0,0.9501022745631136,2.6649305555555554,0.39999999999999997,14,2256,8,0,27,0
258,base600,regcap,0,0.9430175714346619,2.6597222222222223,0.39999999999999997,14,2259,8,0,25,0
259,base600,regcap,0,0.9366080678883086,2.6440972222222223,0.39999999999999997,15,2259,8,0,30,0
260,base600,regcap,0,0.9321384133855098,2.6354166666666665,0.39999999999999997,15,2262,8,0,27,0
261,base600,regcap,0,0.9242090792530537,2.6302083333333335,0.39999999999999997,15,2262,8,0,30,0
262,base600,regcap,0,0.9164570332373442,2.6197916666666665,0.39999999999999997,15,2263,7,1,28,1
263,base600,regcap,0,0.9127525977644296,2.6163194444444446,0.39999999999999997,15,2265,7,0,28,0
264,base600,regcap,0,0.9111754925383231,2.6059027777777777,0.39999999999999997,15,2266,7,0,29,0
265,base600,regcap,0,0.90924408096625,2.6128472222222223,0.39999999999999997,16,2266,7,0,32,0
266,base600,regcap,0,0.9058415837644727,2.6024305555555554,0.39999999999999997,15,2268,7,0,28,0
267,base600,regcap,0,0.9012849285196027,2.607638888888889,0.39999999999999997,15,2271,7,0,27,0
268,base600,regcap,0,0.908367837592522,2.6145833333333335,0.39999999999999997,15,2271,8,0,30,0
269,base600,regcap,0,0.9091919139634321,2.6163194444444446,0.39999999999999997,14,2272,8,0,27,0
270,base600,regcap,0,0.9111038644798357,2.6197916666666665,0.39999999999999997,13,2274,8,0,24,0
271,base600,regcap,0,0.9094516642602963,2.6145833333333335,0.39999999999999997,13,2276,8,0,24,0
272,base600,regcap,0,0.9115867847194135,2.625,0.39999999999999997,13,2277,8,0,25,0
273,base600,regcap,0,0.9115867847194135,2.6319444444444446,0.39999999999999997,13,2279,8,0,24,0
274,base600,regcap,0,0.9029448522703559,2.6197916666666665,0.39999999999999997,13,2279,8,0,26,0
275,base600,regcap,0,0.9020717471909728,2.6163194444444446,0.39999999999999997,14,2279,8,0,28,0
276,base600,regcap,0,0.9003008967498154,2.6197916666666665,0.39999999999999997,14,2280,8,0,27,0
277,base600,regcap,0,0.8983671944361811,2.6163194444444446,0.39999999999999997,14,2281,8,0,27,0
278,base600,regcap,0,0.8891005213092134,2.6024305555555554,0.39999999999999997,14,2281,8,0,28,0
279,base600,regcap,0,0.8893747970398134,2.6024305555555554,0.39999999999999997,15,2283,8,0,28,0
280,base600,regcap,0,0.8874998867272494,2.5972222222222223,0.39999999999999997,15,2284,8,0,29,0
281,base600,regcap,0,0.8819799738843961,2.5885416666666665,0.39999999999999997,15,2286,8,0,28,0
282,base600,regcap,0,0.8789962139068492,2.5694444444444446,0.39999999999999997,15,2286,8,0,30,0
283,base600,regcap,0,0.8769708393801854,2.564236111111111,0.39999999999999997,14,2286,8,0,28,0
284,base600,regcap,0,0.8660830112590026,2.5538194444444446,0.39999999999999997,14,2286,8,0,28,0
285,base600,regcap,0,0.8582658300974172,2.545138888888889,0.39999999999999997,14,2286,8,0,28,0
286,base600,regcap,0,0.8551150649925674,2.5364583333333335,0.39999999999999997,13,2286,8,0,26,0
287,base600,regcap,0,0.8486416790261682,2.5277777777777777,0.39999999999999997,13,2286,8,0,26,0
288,base600,regcap,0,0.8453675455084787,2.5347222222222223,0.39999999999999997,13,2286,8,0,26,0
289,base600,regcap,0,0.8334901134437436,2.5121527777777777,0.39999999999999997,13,2288,8,0,24,0
290,base600,regcap,0,0.8350327133604262,2.5121527777777777,0.39999999999999997,13,2290,8,0,24,0
291,base600,regcap,0,0.8383633356566397,2.5208333333333335,0.39999999999999997,13,2290,8,0,26,0
292,base600,regcap,0,0.8325365051973418,2.501736111111111,0.39999999999999997,13,2290,8,0,26,0
293,base600,regcap,0,0.8313770629403644,2.5,0.39999999999999997,11,2290,8,0,22,0
294,base600,regcap,0,0.8368324410933246,2.517361111111111,0.39999999999999997,11,2290,8,0,22,0
295,base600,regcap,0,0.837793058485512,2.517361111111111,0.39999999999999997,11,2290,8,0,22,0
296,base600,regcap,0,0.8389447917778559,2.5190972222222223,0.39999999999999997,11,2291,8,0,21,0
297,base600,regcap,0,0.8400860409191199,2.5208333333333335,0.39999999999999997,11,2292,8,0,21,0
298,base600,regcap,0,0.8348600303097393,2.515625,0.39999999999999997,10,2292,8,0,20,0
299,base600,regcap,0,0.836656960222219,2.5347222222222223,0.39999999999999997,10,2293,8,0,19,0
300,base600,regcap,0,0.8330766237122006,2.517361111111111,0.39999999999999997,10,2294,8,0,19,0
301,base600,regcap,0,0.8324191569922924,2.517361111111111,0.39999999999999997,10,2296,8,0,18,0
302,base600,regcap,0,0.8287361087179177,2.515625,0.39999999999999997,10,2296,8,0,20,0
303,base600,regcap,0,0.8205107361487708,2.4965277777777777,0.39999999999999997,9,2296,8,0,18,0
304,base600,regcap,0,0.817150872779151,2.4895833333333335,0.39999999999999997,9,2296,8,0,18,0
305,base600,regcap,0,0.8132591838518557,2.4809027777777777,0.39999999999999997,9,2296,8,0,18,0
306,base600,regcap,0,0.811139111330525,2.4756944444444446,0.39999999999999997,9,2296,8,0,18,0
307,base600,regcap,0,0.8132591838518557,2.4756944444444446,0.39999999999999997,9,2296,8,0,18,0
308,base600,regcap,0,0.809258387687915,2.4722222222222223,0.39999999999999997,9,2296,8,0,18,0
309,base600,regcap,0,0.8065288268209363,2.467013888888889,0.39999999999999997,9,2296,8,0,18,0
310,base600,regcap,0,0.8051449297242729,2.4583333333333335,0.39999999999999997,9,2296,8,0,18,0
311,base600,regcap,0,0.8030078641485426,2.4461805555555554,0.39999999999999997,9,2296,8,0,18,0
312,base600,regcap,0,0.8037481018470606,2.4444444444444446,0.39999999999999997,9,2296,8,0,18,0
313,base600,regcap,0,0.7955135765725899,2.4270833333333335,0.39999999999999997,9,2296,8,0,18,0
314,base600,regcap,0,0.8026322554379095,2.4409722222222223,0.39999999999999997,9,2296,8,0,18,0
315,base600,regcap,0,0.8089670426868519,2.4479166666666665,0.39999999999999997,9,2296,8,0,18,0
316,base600,regcap,0,0.8061051315738899,2.439236111111111,0.39999999999999997,9,2296,8,0,18,0
317,base600,regcap,0,0.8082370925694161,2.4427083333333335,0.39999999999999997,9,2296,8,0,18,0
318,base600,regcap,0,0.8096059864238945,2.4427083333333335,0.39999999999999997,9,2296,8,0,18,0
319,base600,regcap,0,0.8151458147710798,2.453125,0.39999999999999997,9,2296,8,0,18,0
320,base600,regcap,0,0.8095599265873814,2.4427083333333335,0.39999999999999997,8,2296,8,0,16,0
321,base600,regcap,0,0.8061140004583461,2.4375,0.39999999999999997,8,2297,8,0,15,0
322,base600,regcap,0,0.8061140004583461,2.4375,0.39999999999999997,8,2297,8,0,16,0
323,base600,regcap,0,0.8061140004583461,2.4375,0.39999999999999997,9,2297,8,0,18,0
324,base600,regcap,0,0.8067654711153123,2.4322916666666665,0.39999999999999997,9,2297,8,0,18,0
325,base600,regcap,0,0.8026272044410162,2.4253472222222223,0.39999999999999997,9,2297,8,0,18,0
326,base600,regcap,0,0.7923154990521832,2.3993055555555554,0.39999999999999997,10,2298,8,0,19,0
327,base600,regcap,0,0.7916554013564416,2.3940972222222223,0.39999999999999997,10,2298,8,0,20,0
328,base600,regcap,0,0.7901949734110963,2.3854166666666665,0.39999999999999997,10,2298,8,0,20,0
329,base600,regcap,0,0.7916554013564416,2.388888888888889,0.39999999999999997,10,2298,8,0,20,0
330,base600,regcap,0,0.793772958637644,2.3975694444444446,0.39999999999999997,11,2298,8,0,22,0
331,base600,regcap,0,0.793102270935861,2.3958333333333335,0.39999999999999997,12,2298,8,0,24,0
332,base600,regcap,0,0.793102270935861,2.4027777777777777,0.39999999999999997,12,2298,8,0,24,0
333,base600,regcap,0,0.7916554013564416,2.3993055555555554,0.39999999999999997,12,2298,8,0,24,0
334,base600,regcap,0,0.7880630259236074,2.3940972222222223,0.39999999999999997,12,2298,8,0,24,0
335,base600,regcap,0,0.7872011103998746,2.404513888888889,0.39999999999999997,12,2299,8,0,23,0
336,base600,regcap,0,0.7877969202923318,2.3958333333333335,0.39999999999999997,12,2299,8,0,24,0
337,base600,regcap,0,0.7862719086349002,2.390625,0.39999999999999997,12,2299,8,0,24,0
338,base600,regcap,0,0.7862719086349002,2.390625,0.39999999999999997,12,2299,8,0,24,0
339,base600,regcap,0,0.7802041625216126,2.3854166666666665,0.39999999999999997,12,2299,8,0,24,0
340,base600,regcap,0,0.7760152622724099,2.373263888888889,0.39999999999999997,12,2299,8,0,24,0
341,base600,regcap,0,0.781761511096645,2.3993055555555554,0.39999999999999997,11,2299,8,0,22,0
342,base600,regcap,0,0.7853596105847463,2.4131944444444446,0.39999999999999997,11,2299,8,0,22,0
343,base600,regcap,0,0.783304265416138,2.4097222222222223,0.39999999999999997,9,2299,8,0,18,0
344,base600,regcap,0,0.77473645025202,2.3940972222222223,0.39999999999999997,9,2299,8,0,18,0
345,base600,regcap,0,0.7704958307955573,2.3715277777777777,0.39999999999999997,9,2299,8,0,18,0
346,base600,regcap,0,0.7704958307955573,2.3715277777777777,0.39999999999999997,9,2299,8,0,18,0
347,base600,regcap,0,0.760125135902698,2.34375,0.39999999999999997,9,2299,8,0,18,0
348,base600,regcap,0,0.760125135902698,2.34375,0.39999999999999997,9,2299,8,0,18,0
349,base600,regcap,0,0.7688079491941345,2.357638888888889,0.39999999999999997,9,2299,8,0,18,0
350,base600,regcap,0,0.7703812531271139,2.3628472222222223,0.39999999999999997,9,2299,8,0,18,0
351,base600,regcap,0,0.7688079491941345,2.359375,0.39999999999999997,9,2299,8,0,18,0
352,base600,regcap,0,0.766502819167546,2.3524305555555554,0.39999999999999997,9,2300,8,0,17,0
353,base600,regcap,0,0.7669964093973652,2.3506944444444446,0.39999999999999997,9,2300,8,0,18,0
354,base600,regcap,0,0.7616850387247344,2.3333333333333335,0.39999999999999997,9,2300,8,0,18,0
355,base600,regcap,0,0.7628054565959473,2.342013888888889,0.39999999999999997,9,2300,8,0,18,0
356,base600,regcap,0,0.766502819167546,2.345486111111111,0.39999999999999997,9,2300,8,0,18,0
357,base600,regcap,0,0.7643994355951967,2.329861111111111,0.39999999999999997,9,2300,8,0,18,0
358,base600,regcap,0,0.7574368023459467,2.3177083333333335,0.39999999999999997,9,2300,8,0,18,0
359,base600,regcap,0,0.7519705218236505,2.3003472222222223,0.39999999999999997,9,2300,8,0,18,0
360,base600,regcap,0,0.7563499043493803,2.3072916666666665,0.39999999999999997,9,2300,8,0,18,0
361,base600,regcap,0,0.7629127182375808,2.3194444444444446,0.39999999999999997,9,2300,8,0,18,0
362,base600,regcap,0,0.7613030709069336,2.310763888888889,0.39999999999999997,9,2300,8,0,18,0
363,base600,regcap,0,0.7613030709069336,2.3072916666666665,0.39999999999999997,9,2301,8,0,17,0
364,base600,regcap,0,0.766669140947529,2.326388888888889,0.39999999999999997,9,2301,8,0,18,0
365,base600,regcap,0,0.7650777973352669,2.329861111111111,0.39999999999999997,9,2301,8,0,18,0
366,base600,regcap,0,0.7618497501888073,2.328125,0.39999999999999997,9,2301,8,0,18,0
367,base600,regcap,0,0.7590642827471598,2.3159722222222223,0.39999999999999997,9,2301,8,0,18,0
368,base600,regcap,0,0.7669964093973652,2.3385416666666665,0.39999999999999997,9,2301,8,0,18,0
369,base600,regcap,0,0.768584152394632,2.342013888888889,0.39999999999999997,9,2301,8,0,18,0
370,base600,regcap,0,0.7758011367999276,2.359375,0.39999999999999997,9,2301,8,0,18,0
371,base600,regcap,0,0.7843564473034191,2.3663194444444446,0.39999999999999997,9,2301,8,0,18,0
372,base600,regcap,0,0.785846281152823,2.376736111111111,0.39999999999999997,10,2301,8,0,20,0
373,base600,regcap,0,0.7887848664652714,2.3802083333333335,0.39999999999999997,10,2301,8,0,20,0
374,base600,regcap,0,0.7921845191284719,2.3836805555555554,0.39999999999999997,10,2301,8,0,20,0
375,base600,regcap,0,0.7921845191284719,2.3871527777777777,0.39999999999999997,10,2301,8,0,20,0
376,base600,regcap,0,0.7895974635113076,2.3836805555555554,0.39999999999999997,10,2302,8,0,19,0
377,base600,regcap,0,0.7876267445114221,2.3819444444444446,0.39999999999999997,10,2302,8,0,20,0
378,base600,regcap,0,0.787077465364101,2.375,0.39999999999999997,10,2302,8,0,20,0
379,base600,regcap,0,0.7885061775215613,2.376736111111111,0.39999999999999997,10,2302,8,0,20,0
380,base600,regcap,0,0.7899218558981094,2.3819444444444446,0.39999999999999997,10,2302,8,0,20,0
381,base600,regcap,0,0.7885061775215613,2.3819444444444446,0.39999999999999997,10,2302,8,1,19,1
382,base600,regcap,0,0.7864998211975835,2.375,0.39999999999999997,10,2302,8,0,20,0
383,base600,regcap,0,0.787077465364101,2.375,0.39999999999999997,10,2302,8,0,20,0
384,base600,regcap,0,0.7924571211049136,2.3854166666666665,0.39999999999999997,10,2302,8,0,20,0
385,base600,regcap,0,0.7972047075744921,2.390625,0.39999999999999997,10,2302,8,0,20,0
386,base600,regcap,0,0.8037669437251663,2.4097222222222223,0.39999999999999997,10,2302,8,0,20,0
387,base600,regcap,0,0.8037669437251663,2.4010416666666665,0.39999999999999997,10,2302,8,0,20,0
388,base600,regcap,0,0.8018713452306837,2.3975694444444446,0.39999999999999997,10,2303,8,1,18,1
389,base600,regcap,0,0.8037669437251663,2.404513888888889,0.39999999999999997,10,2303,8,0,20,0
390,base600,regcap,0,0.8170365942711431,2.4253472222222223,0.39999999999999997,10,2303,9,0,20,0
391,base600,regcap,0,0.8214891223548478,2.4270833333333335,0.39999999999999997,10,2303,9,0,20,0
392,base600,regcap,0,0.8253184066621825,2.4305555555555554,0.39999999999999997,10,2303,9,0,20,0
393,base600,regcap,0,0.8253184066621825,2.4305555555555554,0.39999999999999997,10,2303,9,0,20,0
394,base600,regcap,0,0.8271292272179774,2.4322916666666665,0.39999999999999997,10,2303,9,0,20,0
395,base600,regcap,0,0.8245925885880926,2.4270833333333335,0.39999999999999997,10,2303,9,0,20,0
396,base600,regcap,0,0.8196529454935629,2.4149305555555554,0.39999999999999997,10,2303,9,0,20,0
397,base600,regcap,0,0.8196529454935629,2.4131944444444446,0.39999999999999997,10,2303,9,0,20,0
398,base600,regcap,0,0.8201892825575654,2.4166666666666665,0.39999999999999997,10,2303,9,0,20,0
399,base600,regcap,0,0.8206999740167658,2.4131944444444446,0.39999999999999997,10,2303,9,0,20,0
400,base600,regcap,0,0.818045008960168,2.4010416666666665,0.39999999999999997,10,2303,9,0,20,0
401,base600,regcap,0,0.8189503058921151,2.407986111111111,0.39999999999999997,10,2304,9,0,19,0
402,base600,regcap,0,0.8193645182235857,2.4114583333333335,0.39999999999999997,10,2304,9,0,20,0
403,base600,regcap,0,0.8179883257589379,2.4097222222222223,0.39999999999999997,9,2304,9,0,18,0
404,base600,regcap,0,0.8197532193282353,2.4184027777777777,0.39999999999999997,9,2304,9,0,18,0
405,base600,regcap,0,0.8197532193282353,2.423611111111111,0.39999999999999997,9,2304,9,0,18,0
406,base600,regcap,0,0.8215006791114093,2.435763888888889,0.39999999999999997,9,2304,9,0,18,0
407,base600,regcap,0,0.8228721522406827,2.435763888888889,0.39999999999999997,9,2304,9,0,18,0
408,base600,regcap,0,0.8263110669410099,2.4427083333333335,0.39999999999999997,9,2304,9,0,18,0
409,base600,regcap,0,0.8263110669410099,2.4427083333333335,0.39999999999999997,8,2304,9,0,16,0
410,base600,regcap,0,0.8293573755338127,2.4444444444444446,0.39999999999999997,8,2304,9,0,16,0
411,base600,regcap,0,0.8293573755338127,2.4444444444444446,0.39999999999999997,8,2304,9,0,16,0
412,base600,regcap,0,0.8306970511198012,2.454861111111111,0.39999999999999997,8,2304,9,0,16,0
413,base600,regcap,0,0.8276653814166021,2.453125,0.39999999999999997,8,2304,9,0,16,0
414,base600,regcap,0,0.8299843371694741,2.4600694444444446,0.39999999999999997,8,2304,9,0,16,0
415,base600,regcap,0,0.8216280476313274,2.4444444444444446,0.39999999999999997,8,2304,8,1,15,1
416,base600,regcap,0,0.8246524840172729,2.4565972222222223,0.39999999999999997,9,2304,8,0,18,0
417,base600,regcap,0,0.8246524840172729,2.4565972222222223,0.39999999999999997,9,2304,8,0,18,0
418,base600,regcap,0,0.8278911699204048,2.467013888888889,0.39999999999999997,9,2304,8,0,18,0
419,base600,regcap,0,0.8265162356355393,2.4496527777777777,0.39999999999999997,8,2304,8,0,16,0
420,base600,regcap,0,0.8204761277966266,2.4322916666666665,0.39999999999999997,8,2304,8,0,16,0
421,base600,regcap,0,0.8257315581091912,2.4409722222222223,0.39999999999999997,8,2304,8,0,16,0
422,base600,regcap,0,0.8257315581091912,2.439236111111111,0.39999999999999997,8,2304,8,0,16,0
423,base600,regcap,0,0.8257315581091912,2.439236111111111,0.39999999999999997,7,2304,8,0,14,0
424,base600,regcap,0,0.8257315581091912,2.439236111111111,0.39999999999999997,7,2304,8,0,14,0
425,base600,regcap,0,0.8240751212133955,2.4375,0.39999999999999997,7,2304,8,0,14,0
426,base600,regcap,0,0.8240751212133955,2.4375,0.39999999999999997,7,2304,8,0,14,0
427,base600,regcap,0,0.8240751212133955,2.4375,0.39999999999999997,7,2304,8,0,14,0
428,base600,regcap,0,0.823805376750614,2.4444444444444446,0.39999999999999997,7,2304,8,0,14,0
429,base600,regcap,0,0.8221186347028392,2.439236111111111,0.39999999999999997,7,2304,8,0,14,0
430,base600,regcap,0,0.8248903550611887,2.4409722222222223,0.39999999999999997,7,2304,8,0,14,0
431,base600,regcap,0,0.8251953477474523,2.439236111111111,0.39999999999999997,7,2304,8,0,14,0
432,base600,regcap,0,0.823805376750614,2.4461805555555554,0.39999999999999997,7,2304,8,0,14,0
433,base600,regcap,0,0.823805376750614,2.4461805555555554,0.39999999999999997,7,2304,8,0,14,0
434,base600,regcap,0,0.823805376750614,2.4461805555555554,0.39999999999999997,7,2304,8,0,14,0
435,base600,regcap,0,0.8235108970905809,2.4496527777777777,0.39999999999999997,7,2304,8,0,14,0
436,base600,regcap,0,0.8235108970905809,2.4496527777777777,0.39999999999999997,8,2304,8,0,16,0
437,base600,regcap,0,0.8221186347028392,2.4479166666666665,0.39999999999999997,8,2304,8,0,16,0
438,base600,regcap,0,0.8186951364160934,2.4375,0.39999999999999997,8,2304,8,0,16,0
439,base600,regcap,0,0.8204152932974704,2.4375,0.39999999999999997,8,2304,8,0,16,0
440,base600,regcap,0,0.8221186347028392,2.4409722222222223,0.39999999999999997,8,2304,8,0,16,0
441,base600,regcap,0,0.8200920563101433,2.439236111111111,0.39999999999999997,8,2304,8,0,16,0
442,base600,regcap,0,0.8231916259910997,2.4461805555555554,0.39999999999999997,9,2304,8,0,18,0
443,base600,regcap,0,0.8218098718632758,2.4461805555555554,0.39999999999999997,10,2304,8,0,20,0
444,base600,regcap,0,0.8235108970905809,2.4479166666666665,0.39999999999999997,11,2304,8,0,22,0
445,base600,regcap,0,0.8251953477474523,2.451388888888889,0.39999999999999997,11,2304,8,0,22,0
446,base600,regcap,0,0.8154060193542085,2.4409722222222223,0.39999999999999997,11,2304,7,1,21,1
447,base600,regcap,0,0.8156513901546522,2.4461805555555554,0.39999999999999997,11,2304,7,0,22,0
448,base600,regcap,0,0.8139811852033643,2.4444444444444446,0.39999999999999997,11,2304,7,0,22,0
449,base600,regcap,0,0.8125431125831375,2.4427083333333335,0.39999999999999997,11,2304,7,0,22,0
450,base600,regcap,0,0.8146102216541491,2.4496527777777777,0.39999999999999997,11,2304,7,0,22,0
451,base600,regcap,0,0.8146102216541491,2.4496527777777777,0.39999999999999997,11,2304,7,0,22,0
452,base600,regcap,0,0.8131386467257955,2.4618055555555554,0.39999999999999997,12,2304,7,0,24,0
453,base600,regcap,0,0.8134165823728166,2.467013888888889,0.39999999999999997,12,2304,7,0,24,0
454,base600,regcap,0,0.8132897218244365,2.4739583333333335,0.39999999999999997,12,2304,7,0,24,0
455,base600,regcap,0,0.8101033416498098,2.4618055555555554,0.39999999999999997,12,2304,7,0,24,0
456,base600,regcap,0,0.8117679749197078,2.4618055555555554,0.39999999999999997,12,2304,7,0,24,0
457,base600,regcap,0,0.8101033416498098,2.451388888888889,0.39999999999999997,12,2304,7,0,24,0
458,base600,regcap,0,0.8085647134440827,2.4461805555555554,0.39999999999999997,12,2304,7,0,24,0
459,base600,regcap,0,0.8084224799585205,2.4461805555555554,0.39999999999999997,12,2304,7,0,24,0
460,base600,regcap,0,0.8005435324808828,2.4305555555555554,0.39999999999999997,12,2304,7,0,24,0
461,base600,regcap,0,0.8006738030615529,2.421875,0.39999999999999997,13,2304,7,0,26,0
462,base600,regcap,0,0.7956865901518168,2.407986111111111,0.39999999999999997,13,2304,7,0,26,0
463,base600,regcap,0,0.7972399939973294,2.40625,0.39999999999999997,13,2304,7,0,26,0
464,base600,regcap,0,0.8032577463423404,2.4131944444444446,0.39999999999999997,13,2304,7,0,26,0
465,base600,regcap,0,0.8080820294499874,2.4166666666666665,0.39999999999999997,14,2304,7,0,28,0
466,base600,regcap,0,0.8079628369220191,2.4131944444444446,0.39999999999999997,15,2304,7,0,30,0
467,base600,regcap,0,0.8112222466662442,2.420138888888889,0.39999999999999997,14,2304,7,0,28,0
468,base600,regcap,0,0.812770104865633,2.4184027777777777,0.39999999999999997,14,2304,7,0,28,0
469,base600,regcap,0,0.814445414034691,2.4253472222222223,0.39999999999999997,14,2304,7,0,28,0
470,base600,regcap,0,0.8176328640293588,2.4322916666666665,0.39999999999999997,13,2304,7,0,26,0
471,base600,regcap,0,0.8176328640293588,2.4340277777777777,0.39999999999999997,13,2304,7,0,26,0
472,base600,regcap,0,0.8126141208744615,2.4149305555555554,0.39999999999999997,13,2304,7,0,26,0
473,base600,regcap,0,0.8158221892704529,2.4131944444444446,0.39999999999999997,13,2304,7,0,26,0
474,base600,regcap,0,0.8174925939138579,2.4010416666666665,0.39999999999999997,12,2304,7,0,24,0
475,base600,regcap,0,0.8159762078153656,2.3958333333333335,0.39999999999999997,11,2304,7,0,22,0
476,base600,regcap,0,0.8143033622010899,2.3958333333333335,0.39999999999999997,11,2304,7,0,22,0
477,base600,regcap,0,0.8143033622010899,2.4027777777777777,0.39999999999999997,10,2304,7,0,20,0
478,base600,regcap,0,0.8074610737799454,2.4027777777777777,0.39999999999999997,10,2304,7,0,20,0
479,base600,regcap,0,0.8004604852437883,2.390625,0.39999999999999997,10,2304,7,0,20,0
480,base600,regcap,0,0.8053446668392278,2.404513888888889,0.39999999999999997,11,2304,7,0,22,0
481,base600,regcap,0,0.8053446668392278,2.4010416666666665,0.39999999999999997,11,2304,7,0,22,0
482,base600,regcap,0,0.8068745963020209,2.4010416666666665,0.39999999999999997,11,2304,7,0,22,0
483,base600,regcap,0,0.8116520388395378,2.4114583333333335,0.39999999999999997,11,2304,7,0,22,0
484,base600,regcap,0,0.8177016753929574,2.4270833333333335,0.39999999999999997,11,2304,7,0,22,0
485,base600,regcap,0,0.8221759735358758,2.435763888888889,0.39999999999999997,11,2304,7,0,22,0
486,base600,regcap,0,0.8220215125371849,2.4375,0.39999999999999997,11,2304,7,0,22,0
487,base600,regcap,0,0.8232459224313142,2.439236111111111,0.39999999999999997,11,2304,7,0,22,0
488,base600,regcap,0,0.817238622188918,2.4322916666666665,0.39999999999999997,11,2304,7,0,22,0
489,base600,regcap,0,0.8186253608280473,2.4322916666666665,0.39999999999999997,11,2304,7,0,22,0
490,base600,regcap,0,0.8097483266106862,2.423611111111111,0.39999999999999997,11,2304,6,2,20,2
491,base600,regcap,0,0.8097483266106862,2.423611111111111,0.39999999999999997,11,2304,6,0,22,0
492,base600,regcap,0,0.8083610101399727,2.423611111111111,0.39999999999999997,12,2304,6,0,24,0
493,base600,regcap,0,0.8083610101399727,2.4253472222222223,0.39999999999999997,12,2304,6,0,24,0
494,base600,regcap,0,0.8055481713983605,2.4184027777777777,0.39999999999999997,12,2304,6,0,24,0
495,base600,regcap,0,0.801231277255506,2.4131944444444446,0.39999999999999997,12,2304,6,0,24,0
496,base600,regcap,0,0.7982865507745625,2.407986111111111,0.39999999999999997,12,2304,6,0,24,0
497,base600,regcap,0,0.7984471385004497,2.40625,0.39999999999999997,12,2304,6,0,24,0
498,base600,regcap,0,0.7938919816800699,2.3836805555555554,0.39999999999999997,12,2304,6,0,24,0
499,base600,regcap,0,0.795536958148736,2.3854166666666665,0.39999999999999997,12,2304,6,0,24,0
500,base600,regcap,0,0.7971663871288996,2.390625,0.39999999999999997,12,2304,6,0,24,0
501,base600,regcap,0,0.795536958148736,2.3802083333333335,0.39999999999999997,12,2304,6,0,24,0
502,base600,regcap,0,0.795536958148736,2.3680555555555554,0.39999999999999997,12,2304,6,0,24,0
503,base600,regcap,0,0.7938919816800699,2.3628472222222223,0.39999999999999997,12,2304,6,0,24,0
504,base600,regcap,0,0.789207800122249,2.3524305555555554,0.39999999999999997,12,2304,6,0,24,0
505,base600,regcap,0,0.7907838097878065,2.3559027777777777,0.39999999999999997,12,2304,6,0,24,0
506,base600,regcap,0,0.7819868427303792,2.345486111111111,0.39999999999999997,12,2304,5,1,23,1
507,base600,regcap,0,0.7818848648533991,2.345486111111111,0.39999999999999997,12,2304,5,0,24,0
508,base600,regcap,0,0.77690619966564,2.345486111111111,0.39999999999999997,12,2304,5,0,24,0
509,base600,regcap,0,0.776763234902517,2.342013888888889,0.39999999999999997,12,2304,5,0,24,0
510,base600,regcap,0,0.7750230591425646,2.3506944444444446,0.39999999999999997,12,2304,5,0,24,0
511,base600,regcap,0,0.7783317823714292,2.3506944444444446,0.39999999999999997,12,2304,5,0,24,0
512,base600,regcap,0,0.7833063525449108,2.3645833333333335,0.39999999999999997,12,2304,5,0,24,0
513,base600,regcap,0,0.783445763839903,2.3784722222222223,0.39999999999999997,12,2304,5,0,24,0
514,base600,regcap,0,0.7883163959684241,2.3975694444444446,0.39999999999999997,12,2304,5,0,24,0
515,base600,regcap,0,0.7931862790517511,2.421875,0.39999999999999997,12,2304,5,0,24,0
516,base600,regcap,0,0.7915159162966044,2.423611111111111,0.39999999999999997,11,2304,5,0,22,0
517,base600,regcap,0,0.7916359255622317,2.4270833333333335,0.39999999999999997,11,2304,5,0,22,0
518,base600,regcap,0,0.7947362198633446,2.4444444444444446,0.39999999999999997,11,2304,5,0,22,0
519,base600,regcap,0,0.7962532047026308,2.4496527777777777,0.39999999999999997,11,2304,5,0,22,0
520,base600,regcap,0,0.797779727319185,2.453125,0.39999999999999997,11,2304,5,0,22,0
521,base600,regcap,0,0.8022758586038478,2.4635416666666665,0.39999999999999997,11,2304,5,0,22,0
522,base600,regcap,0,0.796811301834998,2.4618055555555554,0.39999999999999997,11,2304,5,0,22,0
523,base600,regcap,0,0.7937437210537988,2.454861111111111,0.39999999999999997,11,2304,5,0,22,0
524,base600,regcap,0,0.7938132984500784,2.4565972222222223,0.39999999999999997,11,2304,5,0,22,0
525,base600,regcap,0,0.7920835596564805,2.4496527777777777,0.39999999999999997,11,2304,5,0,22,0
526,base600,regcap,0,0.7935349178424347,2.454861111111111,0.39999999999999997,11,2304,5,0,22,0
527,base600,regcap,0,0.7948231787034692,2.4618055555555554,0.39999999999999997,11,2304,5,0,22,0
528,base600,regcap,0,0.7905015784692445,2.454861111111111,0.39999999999999997,11,2304,5,0,22,0
529,base600,regcap,0,0.7905015784692445,2.454861111111111,0.39999999999999997,11,2304,5,0,22,0
530,base600,regcap,0,0.7903606644106701,2.454861111111111,0.39999999999999997,11,2304,5,0,22,0
531,base600,regcap,0,0.7933956564435108,2.4565972222222223,0.39999999999999997,11,2304,5,1,21,1
532,base600,regcap,0,0.7903606644106701,2.4496527777777777,0.39999999999999997,11,2304,5,0,22,0
533,base600,regcap,0,0.7948231787034692,2.4600694444444446,0.39999999999999997,11,2304,5,0,22,0
534,base600,regcap,0,0.7948231787034692,2.4600694444444446,0.39999999999999997,11,2304,5,0,22,0
535,base600,regcap,0,0.7978110426630628,2.46875,0.39999999999999997,11,2304,5,0,22,0
536,base600,regcap,0,0.7990293622918053,2.4756944444444446,0.39999999999999997,11,2304,5,0,22,0
537,base600,regcap,0,0.7988250335063923,2.4635416666666665,0.39999999999999997,11,2304,5,0,22,0
538,base600,regcap,0,0.8031238111417186,2.4791666666666665,0.39999999999999997,11,2304,5,0,22,0
539,base600,regcap,0,0.8044644085586715,2.484375,0.39999999999999997,11,2304,5,0,22,0
540,base600,regcap,0,0.8044644085586715,2.484375,0.39999999999999997,11,2304,5,0,22,0
541,base600,regcap,0,0.8001919266941696,2.4791666666666665,0.39999999999999997,11,2304,5,0,22,0
542,base600,regcap,0,0.7953647396587782,2.46875,0.39999999999999997,11,2304,5,0,22,0
543,base600,regcap,0,0.7953647396587782,2.46875,0.39999999999999997,11,2304,5,0,22,0
544,base600,regcap,0,0.794234143879019,2.4635416666666665,0.39999999999999997,11,2304,5,0,22,0
545,base600,regcap,0,0.792838135520865,2.4652777777777777,0.39999999999999997,11,2304,5,0,22,0
546,base600,regcap,0,0.794234143879019,2.467013888888889,0.39999999999999997,11,2304,5,0,22,0
547,base600,regcap,0,0.796054213986264,2.4756944444444446,0.39999999999999997,12,2304,5,0,24,0
548,base600,regcap,0,0.796054213986264,2.4756944444444446,0.39999999999999997,12,2304,5,0,24,0
549,base600,regcap,0,0.7978110426630628,2.4774305555555554,0.39999999999999997,12,2304,5,0,24,0
550,base600,regcap,0,0.7962378784299058,2.4635416666666665,0.39999999999999997,12,2304,5,0,24,0
551,base600,regcap,0,0.796054213986264,2.4618055555555554,0.39999999999999997,12,2304,5,0,24,0
552,base600,regcap,0,0.7930472951185081,2.4461805555555554,0.39999999999999997,12,2304,5,0,24,0
553,base600,regcap,0,0.794234143879019,2.435763888888889,0.39999999999999997,12,2304,5,0,24,0
554,base600,regcap,0,0.7990293622918053,2.4427083333333335,0.39999999999999997,12,2304,5,0,24,0
555,base600,regcap,0,0.7988250335063923,2.4427083333333335,0.39999999999999997,12,2304,5,0,24,0
556,base600,regcap,0,0.7999547293965525,2.4479166666666665,0.39999999999999997,13,2304,5,0,26,0
557,base600,regcap,0,0.80102974624541,2.4496527777777777,0.39999999999999997,13,2304,5,0,26,0
558,base600,regcap,0,0.803352739537309,2.439236111111111,0.39999999999999997,13,2304,5,0,26,0
559,base600,regcap,0,0.8017261422107755,2.4288194444444446,0.39999999999999997,13,2304,5,0,26,0
560,base600,regcap,0,0.7974602497656073,2.4114583333333335,0.39999999999999997,12,2304,5,0,24,0
561,base600,regcap,0,0.7987780286458875,2.4166666666666665,0.39999999999999997,12,2304,5,0,24,0
562,base600,regcap,0,0.7971183455925939,2.4166666666666665,0.39999999999999997,12,2304,5,0,24,0
563,base600,regcap,0,0.7914409853398401,2.4010416666666665,0.39999999999999997,12,2304,5,0,24,0
564,base600,regcap,0,0.7914409853398401,2.4166666666666665,0.39999999999999997,12,2304,5,0,24,0
565,base600,regcap,0,0.7927868287724755,2.420138888888889,0.39999999999999997,12,2304,5,0,24,0
566,base600,regcap,0,0.7931230640181367,2.421875,0.39999999999999997,12,2304,5,0,24,0
567,base600,regcap,0,0.7944666845644819,2.4166666666666665,0.39999999999999997,12,2304,5,0,24,0
568,base600,regcap,0,0.7961307113886932,2.4131944444444446,0.39999999999999997,12,2304,5,0,24,0
569,base600,regcap,0,0.7964398591209004,2.4097222222222223,0.39999999999999997,12,2304,5,0,24,0
570,base600,regcap,0,0.7893022448101095,2.3802083333333335,0.39999999999999997,12,2304,5,0,24,0
571,base600,regcap,0,0.7906924687086079,2.3854166666666665,0.39999999999999997,12,2304,5,0,24,0
572,base600,regcap,0,0.7806079390088481,2.3697916666666665,0.39999999999999997,12,2304,4,1,23,1
573,base600,regcap,0,0.7909617066426855,2.3836805555555554,0.39999999999999997,12,2304,5,0,24,0
574,base600,regcap,0,0.7926056100621038,2.392361111111111,0.39999999999999997,12,2304,5,0,24,0
575,base600,regcap,0,0.7916281799776386,2.390625,0.39999999999999997,12,2304,5,0,24,0
576,base600,regcap,0,0.7903606644106701,2.4010416666666665,0.39999999999999997,12,2304,5,0,24,0
577,base600,regcap,0,0.7935349178424347,2.4184027777777777,0.39999999999999997,12,2304,5,0,24,0
578,base600,regcap,0,0.7949731894747101,2.4184027777777777,0.39999999999999997,13,2304,5,0,26,0
579,base600,regcap,0,0.7965361582967271,2.4375,0.39999999999999997,13,2304,5,0,26,0
580,base600,regcap,0,0.7951000788236435,2.4375,0.39999999999999997,12,2304,5,0,24,0
581,base600,regcap,0,0.7996190793100967,2.439236111111111,0.39999999999999997,12,2304,5,0,24,0
582,base600,regcap,0,0.802556128071361,2.4444444444444446,0.39999999999999997,12,2304,5,0,24,0
583,base600,regcap,0,0.8011393619053885,2.4444444444444446,0.39999999999999997,12,2304,5,0,24,0
584,base600,regcap,0,0.7952038682038455,2.4375,0.39999999999999997,12,2304,5,0,24,0
585,base600,regcap,0,0.793650932785111,2.4340277777777777,0.39999999999999997,12,2304,5,0,24,0
586,base600,regcap,0,0.793650932785111,2.4322916666666665,0.39999999999999997,12,2304,5,0,24,0
587,base600,regcap,0,0.7967425331801686,2.4340277777777777,0.39999999999999997,11,2304,5,0,22,0
588,base600,regcap,0,0.7951000788236435,2.4253472222222223,0.39999999999999997,10,2304,5,0,20,0
589,base600,regcap,0,0.7965361582967271,2.4375,0.39999999999999997,10,2304,5,0,20,0
590,base600,regcap,0,0.7935349178424347,2.4340277777777777,0.39999999999999997,11,2304,5,0,22,0
591,base600,regcap,0,0.7949731894747101,2.4375,0.39999999999999997,11,2304,5,0,22,0
592,base600,regcap,0,0.7948231787034692,2.4305555555555554,0.39999999999999997,11,2304,5,0,22,0
593,base600,regcap,0,0.7861638735421719,2.421875,0.39999999999999997,11,2304,4,1,21,1
594,base600,regcap,0,0.7905849332450039,2.423611111111111,0.39999999999999997,11,2304,4,0,22,0
595,base600,regcap,0,0.7921526206617885,2.4253472222222223,0.39999999999999997,11,2304,4,1,21,1
596,base600,regcap,0,0.7935487754781672,2.4288194444444446,0.39999999999999997,10,2304,4,0,20,0
597,base600,regcap,0,0.7890027023751869,2.423611111111111,0.39999999999999997,10,2304,4,0,20,0
598,base600,regcap,0,0.7877504917277697,2.4184027777777777,0.39999999999999997,12,2304,4,0,24,0
599,base600,regcap,0,0.786441121964384,2.4114583333333335,0.39999999999999997,12,2304,4,0,24,0
600,base600,regcap,0,0.7803306945680589,2.4097222222222223,0.39999999999999997,12,2304,4,0,24,0
1,base600,regcap,1,-0.0,1.0,0.7522885505233786,0,576,1,0,0,0
2,base600,regcap,1,0.13582771391149043,1.140625,0.7436910999367032,16,607,5,0,1,0
3,base600,regcap,1,0.2304896575258392,1.2604166666666667,0.7350783220389054,16,638,6,0,1,0
4,base600,regcap,1,0.3184193313888343,1.3923611111111112,0.7264556871508514,16,670,6,0,0,0
5,base600,regcap,1,0.3853182935386076,1.5069444444444444,0.7178369039942242,17,703,6,0,1,0
6,base600,regcap,1,0.4291201825230738,1.5763888888888888,0.7092010360776099,17,734,6,0,3,0
7,base600,regcap,1,0.48957567173160305,1.6753472222222223,0.700539440386307,16,765,6,0,1,0
8,base600,regcap,1,0.5353206766360454,1.7204861111111112,0.691839159895681,16,795,6,0,2,0
9,base600,regcap,1,0.5749383155104762,1.7725694444444444,0.6831431511035815,17,824,6,0,5,0
10,base600,regcap,1,0.6141129829209252,1.8350694444444444,0.6744396045894985,17,852,6,0,6,0
11,base600,regcap,1,0.6477656478198084,1.8697916666666667,0.66572470978686,17,881,6,0,5,0
12,base600,regcap,1,0.6914923549838712,1.9479166666666667,0.656994692611466,16,911,6,0,2,0
13,base600,regcap,1,0.7245112638187776,1.9861111111111112,0.6482585162384216,16,939,7,0,4,0
14,base600,regcap,1,0.7542429134209577,2.0243055555555554,0.6395041874554679,16,961,7,0,10,0
15,base600,regcap,1,0.7810186254363359,2.0555555555555554,0.6307445810775034,16,988,7,0,5,0
16,base600,regcap,1,0.8012442369743035,2.0833333333333335,0.6219802926388314,16,1013,7,0,7,0
17,base600,regcap,1,0.823437697777867,2.107638888888889,0.6132102963228374,16,1037,7,0,8,0
18,base600,regcap,1,0.8492820154212884,2.1440972222222223,0.6044369703286643,16,1058,8,0,11,0
19,base600,regcap,1,0.8785439078210069,2.1875,0.5956547082513117,15,1078,9,0,10,0
20,base600,regcap,1,0.9021624573261916,2.2413194444444446,0.5868685786294188,14,1102,9,0,4,0
21,base600,regcap,1,0.9230414811021346,2.279513888888889,0.5781132781112238,14,1125,9,0,5,0
22,base600,regcap,1,0.9455945430180835,2.3211805555555554,0.5694224147619394,14,1147,9,0,6,0
23,base600,regcap,1,0.9626030538001166,2.3541666666666665,0.5608272838284192,14,1169,9,0,6,0
24,base600,regcap,1,0.9703119862430958,2.3645833333333335,0.5523725703420356,14,1186,9,0,11,0
25,base600,regcap,1,0.9940690657411467,2.4027777777777777,0.5440905968493925,14,1207,9,0,7,0
26,base600,regcap,1,1.005397652554639,2.4305555555555554,0.535994997650097,13,1221,9,0,12,0
27,base600,regcap,1,1.013850607157271,2.453125,0.5281365068245467,13,1240,9,0,7,0
28,base600,regcap,1,1.0273981674809132,2.4791666666666665,0.5205566857356132,13,1260,9,0,6,0
29,base600,regcap,1,1.0437248317901704,2.5190972222222223,0.5132613397173824,13,1278,9,0,8,0
30,base600,regcap,1,1.0574335407302613,2.5677083333333335,0.5062100009942352,13,1291,9,0,13,0
31,base600,regcap,1,1.0734973475299274,2.6024305555555554,0.49939592083101036,13,1309,9,0,8,0
32,base600,regcap,1,1.0834826860819635,2.6336805555555554,0.49283626034604056,13,1328,9,0,7,0
33,base600,regcap,1,1.087188675552312,2.6354166666666665,0.4865068047151859,13,1342,9,0,12,0
34,base600,regcap,1,1.0936590741018322,2.6440972222222223,0.48044206176137294,12,1356,9,0,10,0
35,base600,regcap,1,1.1075847067135118,2.6527777777777777,0.4745916124055267,12,1372,9,0,8,0
36,base600,regcap,1,1.107685374822349,2.6440972222222223,0.4689556494567181,12,1389,9,0,7,0
37,base600,regcap,1,1.111625317746022,2.6458333333333335,0.4634901870042796,12,1403,9,0,10,0
38,base600,regcap,1,1.1146587100027476,2.6440972222222223,0.45821701257311037,12,1420,9,0,7,0
39,base600,regcap,1,1.1175968024464609,2.6458333333333335,0.4531078954103465,12,1432,9,0,12,0
40,base600,regcap,1,1.1239502521663578,2.6493055555555554,0.44818631311591356,12,1447,9,0,9,0
41,base600,regcap,1,1.1302961865719559,2.6631944444444446,0.44343375297249976,12,1455,9,0,16,0
42,base600,regcap,1,1.1343639696977401,2.6666666666666665,0.43888006927418743,12,1466,9,0,13,0
43,base600,regcap,1,1.136872381932837,2.671875,0.43449634589329295,12,1482,9,0,8,0
44,base600,regcap,1,1.14152346155553,2.6805555555555554,0.43033864776657565,12,1488,9,0,18,0
45,base600,regcap,1,1.1470441985065898,2.6944444444444446,0.426374678460277,12,1499,9,0,13,0
46,base600,regcap,1,1.1487260591900448,2.6909722222222223,0.42267399719095416,12,1508,9,0,15,0
47,base600,regcap,1,1.1495585134490867,2.6805555555555554,0.4192682654739835,12,1519,9,0,13,0
48,base600,regcap,1,1.1533777224270905,2.6927083333333335,0.41617236241702354,12,1532,9,0,11,0
49,base600,regcap,1,1.1555050143361398,2.6927083333333335,0.41336948235360693,12,1542,9,0,14,0
50,base600,regcap,1,1.165160622606281,2.7152777777777777,0.41084939105258783,12,1554,9,0,12,0
51,base600,regcap,1,1.1766581129513816,2.7413194444444446,0.40859279776523794,11,1564,9,0,12,0
52,base600,regcap,1,1.182826959691718,2.7586805555555554,0.40660323210695243,10,1575,9,0,9,0
53,base600,regcap,1,1.1948515879417438,2.7847222222222223,0.4048636187017872,10,1585,9,0,10,0
54,base600,regcap,1,1.2026367724516347,2.8003472222222223,0.40339875671173675,10,1600,9,0,5,0
55,base600,regcap,1,1.2055034385801517,2.8003472222222223,0.40217524710870306,10,1609,9,0,11,0
56,base600,regcap,1,1.2038550130429808,2.7899305555555554,0.40124836707965006,10,1621,9,0,8,0
57,base600,regcap,1,1.2106681512962238,2.814236111111111,0.40061327857616824,10,1629,9,0,12,0
58,base600,regcap,1,1.216686338860579,2.845486111111111,0.4002422210285734,10,1637,9,0,12,0
59,base600,regcap,1,1.2209581764295547,2.845486111111111,0.4000438512229877,10,1645,10,0,12,0
60,base600,regcap,1,1.2229440261141138,2.8506944444444446,0.39999999999999997,10,1650,10,0,15,0
61,base600,regcap,1,1.2264086275562938,2.859375,0.39999999999999997,10,1661,10,0,9,0
62,base600,regcap,1,1.230224807614195,2.8628472222222223,0.39999999999999997,10,1670,10,0,11,0
63,base600,regcap,1,1.230668822732112,2.8559027777777777,0.39999999999999997,11,1677,10,0,15,0
64,base600,regcap,1,1.2341005264855225,2.8697916666666665,0.39999999999999997,11,1686,10,0,13,0
65,base600,regcap,1,1.2418092997950143,2.8871527777777777,0.39999999999999997,11,1697,10,0,11,0
66,base600,regcap,1,1.2428367138482708,2.8940972222222223,0.39999999999999997,11,1702,10,0,17,0
67,base600,regcap,1,1.2478343980674242,2.9149305555555554,0.39999999999999997,11,1711,10,0,13,0
68,base600,regcap,1,1.2527430674103908,2.9270833333333335,0.39999999999999997,11,1718,10,0,15,0
69,base600,regcap,1,1.252167632550785,2.921875,0.39999999999999997,11,1725,10,0,15,0
70,base600,regcap,1,1.2534447340307402,2.9184027777777777,0.39999999999999997,11,1735,10,0,12,0
71,base600,regcap,1,1.2599440156046349,2.9270833333333335,0.39999999999999997,11,1745,10,0,12,0
72,base600,regcap,1,1.2649921469065635,2.9305555555555554,0.39999999999999997,11,1751,10,0,16,0
73,base600,regcap,1,1.2693790632175574,2.939236111111111,0.39999999999999997,11,1755,10,0,18,0
74,base600,regcap,1,1.2768930007490338,2.9375,0.39999999999999997,11,1761,11,0,16,0
75,base600,regcap,1,1.2813950176767086,2.9496527777777777,0.39999999999999997,11,1771,11,0,12,0
76,base600,regcap,1,1.2776652970714661,2.9461805555555554,0.39999999999999997,11,1774,11,0,19,0
77,base600,regcap,1,1.2842039211674376,2.9583333333333335,0.39999999999999997,12,1782,11,0,16,0
78,base600,regcap,1,1.2880173380032118,2.9652777777777777,0.39999999999999997,12,1791,11,0,15,0
79,base600,regcap,1,1.289740218208872,2.9722222222222223,0.39999999999999997,12,1797,11,0,18,0
80,base600,regcap,1,1.2925619256293488,2.9809027777777777,0.39999999999999997,12,1805,11,0,16,0
81,base600,regcap,1,1.2891586126408963,2.96875,0.39999999999999997,12,1812,11,0,17,0
82,base600,regcap,1,1.2921374725220738,2.9722222222222223,0.39999999999999997,12,1822,11,0,14,0
83,base600,regcap,1,1.2980896081369908,2.9774305555555554,0.39999999999999997,11,1825,11,0,19,0
84,base600,regcap,1,1.2970774698632304,2.9756944444444446,0.39999999999999997,11,1832,11,0,15,0
85,base600,regcap,1,1.3017576797367485,2.982638888888889,0.39999999999999997,11,1837,11,0,17,0
86,base600,regcap,1,1.30528048010253,2.9913194444444446,0.39999999999999997,11,1847,11,0,12,0
87,base600,regcap,1,1.3070572222376742,3.001736111111111,0.39999999999999997,10,1853,11,0,14,0
88,base600,regcap,1,1.3092052534611807,2.9895833333333335,0.39999999999999997,10,1860,11,0,13,0
89,base600,regcap,1,1.3091899319226636,2.96875,0.39999999999999997,10,1865,11,0,15,0
90,base600,regcap,1,1.3107803758449437,2.967013888888889,0.39999999999999997,10,1869,11,0,16,0
91,base600,regcap,1,1.3103827048960637,2.967013888888889,0.39999999999999997,10,1875,11,0,14,0
92,base600,regcap,1,1.3108718506008719,2.967013888888889,0.39999999999999997,9,1878,11,0,15,0
93,base600,regcap,1,1.3093915994729575,2.954861111111111,0.39999999999999997,9,1884,11,0,12,0
94,base600,regcap,1,1.3119074864635336,2.967013888888889,0.39999999999999997,9,1890,11,0,12,0
95,base600,regcap,1,1.3133722473523475,2.967013888888889,0.39999999999999997,9,1892,11,0,16,0
96,base600,regcap,1,1.3173201055885773,2.9809027777777777,0.39999999999999997,10,1902,11,0,10,0
97,base600,regcap,1,1.3159682736950813,2.9809027777777777,0.39999999999999997,10,1907,11,0,15,0
98,base600,regcap,1,1.3139180247899396,2.967013888888889,0.39999999999999997,10,1914,11,0,13,0
99,base600,regcap,1,1.3128614016487288,2.954861111111111,0.39999999999999997,10,1925,11,0,9,0
100,base600,regcap,1,1.3177424543554868,2.9583333333333335,0.39999999999999997,10,1932,11,0,13,0
101,base600,regcap,1,1.316361098399884,2.9461805555555554,0.39999999999999997,10,1937,11,0,15,0
102,base600,regcap,1,1.3070619431915664,2.9305555555555554,0.39999999999999997,10,1940,11,0,17,0
103,base600,regcap,1,1.310664024976645,2.9322916666666665,0.39999999999999997,10,1943,11,0,17,0
104,base600,regcap,1,1.3123845579319051,2.9322916666666665,0.39999999999999997,10,1950,11,0,13,0
105,base600,regcap,1,1.3233516977829833,2.953125,0.39999999999999997,10,1955,11,0,15,0
106,base600,regcap,1,1.3248586537699687,2.9635416666666665,0.39999999999999997,10,1959,11,0,16,0
107,base600,regcap,1,1.3225792086400774,2.9618055555555554,0.39999999999999997,11,1963,11,0,18,0
108,base600,regcap,1,1.3233034100660175,2.9618055555555554,0.39999999999999997,11,1966,11,0,19,0
109,base600,regcap,1,1.3239818791237423,2.9618055555555554,0.39999999999999997,11,1969,11,0,19,0
110,base600,regcap,1,1.3261207508440322,2.9496527777777777,0.39999999999999997,11,1975,11,0,16,0
111,base600,regcap,1,1.3282437014126198,2.954861111111111,0.39999999999999997,10,1981,11,0,14,0
112,base600,regcap,1,1.3240935549259258,2.9427083333333335,0.39999999999999997,10,1984,11,0,17,0
113,base600,regcap,1,1.3194337276518677,2.9305555555555554,0.39999999999999997,10,1993,11,0,11,0
114,base600,regcap,1,1.3151672640682714,2.9270833333333335,0.39999999999999997,10,1993,11,0,20,0
115,base600,regcap,1,1.3158768544637773,2.923611111111111,0.39999999999999997,10,1997,11,0,16,0
116,base600,regcap,1,1.318598839616829,2.9322916666666665,0.39999999999999997,10,2001,11,0,16,0
117,base600,regcap,1,1.3229813765699352,2.9461805555555554,0.39999999999999997,10,2008,11,0,13,0
118,base600,regcap,1,1.328405133913213,2.9600694444444446,0.39999999999999997,10,2013,11,0,15,0
119,base600,regcap,1,1.3313031729138576,2.967013888888889,0.39999999999999997,10,2017,11,0,16,0
120,base600,regcap,1,1.3299370927891665,2.953125,0.39999999999999997,10,2019,11,0,18,0
121,base600,regcap,1,1.3357274929760323,2.9756944444444446,0.39999999999999997,10,2026,11,0,13,0
122,base600,regcap,1,1.3370617480874982,2.9774305555555554,0.39999999999999997,9,2029,11,0,15,0
123,base600,regcap,1,1.3393036710731407,2.96875,0.39999999999999997,9,2033,11,0,14,0
124,base600,regcap,1,1.336670872987196,2.954861111111111,0.39999999999999997,9,2037,11,0,14,0
125,base600,regcap,1,1.3351360373901213,2.9496527777777777,0.39999999999999997,9,2038,11,0,17,0
126,base600,regcap,1,1.338025768124575,2.951388888888889,0.39999999999999997,9,2041,11,0,15,0
127,base600,regcap,1,1.3343764415338788,2.9375,0.39999999999999997,8,2044,11,0,13,0
128,base600,regcap,1,1.341144328258632,2.9479166666666665,0.39999999999999997,7,2048,11,0,10,0
129,base600,regcap,1,1.3410512337692615,2.9479166666666665,0.39999999999999997,7,2053,11,0,9,0
130,base600,regcap,1,1.3434470921990254,2.9565972222222223,0.39999999999999997,8,2057,11,0,12,0
131,base600,regcap,1,1.3430514106531826,2.9444444444444446,0.39999999999999997,8,2058,11,0,15,0
132,base600,regcap,1,1.3443908412387797,2.9409722222222223,0.39999999999999997,8,2059,11,0,15,0
133,base600,regcap,1,1.3452203099042574,2.9427083333333335,0.39999999999999997,8,2064,11,0,11,0
134,base600,regcap,1,1.3452203099042574,2.9427083333333335,0.39999999999999997,8,2067,11,0,13,0
135,base600,regcap,1,1.3501915898878918,2.9600694444444446,0.39999999999999997,9,2070,11,0,15,0
136,base600,regcap,1,1.3494825560162975,2.951388888888889,0.39999999999999997,9,2073,11,0,15,0
137,base600,regcap,1,1.3474822556558446,2.954861111111111,0.39999999999999997,9,2075,10,1,15,1
138,base600,regcap,1,1.346380255462245,2.951388888888889,0.39999999999999997,9,2076,10,0,17,0
139,base600,regcap,1,1.3422190453902743,2.9461805555555554,0.39999999999999997,9,2078,10,0,16,0
140,base600,regcap,1,1.3459800679688736,2.954861111111111,0.39999999999999997,10,2083,10,0,15,0
141,base600,regcap,1,1.3468300730705083,2.954861111111111,0.39999999999999997,10,2085,10,0,18,0
142,base600,regcap,1,1.3459377353803337,2.9409722222222223,0.39999999999999997,10,2091,10,0,14,0
143,base600,regcap,1,1.3428554813551075,2.935763888888889,0.39999999999999997,10,2096,10,0,15,0
144,base600,regcap,1,1.3396100347261621,2.9253472222222223,0.39999999999999997,10,2099,10,0,17,0
145,base600,regcap,1,1.3419150623589196,2.9409722222222223,0.39999999999999997,10,2099,10,0,20,0
146,base600,regcap,1,1.3367102131274908,2.9184027777777777,0.39999999999999997,10,2101,10,0,18,0
147,base600,regcap,1,1.3379868512820632,2.921875,0.39999999999999997,10,2105,10,0,16,0
148,base600,regcap,1,1.3388183578910735,2.923611111111111,0.39999999999999997,10,2110,10,0,15,0
149,base600,regcap,1,1.3365295320843962,2.9166666666666665,0.39999999999999997,9,2113,10,0,15,0
150,base600,regcap,1,1.337588672683797,2.9027777777777777,0.39999999999999997,9,2115,10,0,16,0
151,base600,regcap,1,1.3410080143377916,2.9340277777777777,0.39999999999999997,9,2116,10,0,17,0
152,base600,regcap,1,1.3396175402779935,2.9340277777777777,0.39999999999999997,9,2117,10,0,17,0
153,base600,regcap,1,1.3380295895529213,2.9340277777777777,0.39999999999999997,8,2119,10,0,14,0
154,base600,regcap,1,1.3322946092299413,2.921875,0.39999999999999997,8,2121,10,0,14,0
155,base600,regcap,1,1.3300822674892632,2.9166666666666665,0.39999999999999997,8,2124,10,0,13,0
156,base600,regcap,1,1.3313380842777558,2.9166666666666665,0.39999999999999997,8,2126,10,0,14,0
157,base600,regcap,1,1.3236942175918314,2.8993055555555554,0.39999999999999997,8,2126,10,0,16,0
158,base600,regcap,1,1.3227192524862166,2.890625,0.39999999999999997,8,2128,10,0,14,0
159,base600,regcap,1,1.3132520126049945,2.873263888888889,0.39999999999999997,8,2130,9,1,13,1
160,base600,regcap,1,1.3117618521357193,2.8559027777777777,0.39999999999999997,8,2130,9,0,16,0
161,base600,regcap,1,1.3096574540277068,2.8472222222222223,0.39999999999999997,8,2132,9,0,14,0
162,base600,regcap,1,1.3062667170501716,2.829861111111111,0.39999999999999997,8,2133,9,0,15,0
163,base600,regcap,1,1.298790806849552,2.8229166666666665,0.39999999999999997,8,2134,9,0,15,0
164,base600,regcap,1,1.2976393171733867,2.8211805555555554,0.39999999999999997,8,2134,9,0,16,0
165,base600,regcap,1,1.2983280615389876,2.8211805555555554,0.39999999999999997,8,2134,9,0,16,0
166,base600,regcap,1,1.2970161951831367,2.8194444444444446,0.39999999999999997,8,2136,9,0,14,0
167,base600,regcap,1,1.2968796532387832,2.8194444444444446,0.39999999999999997,8,2140,9,0,12,0
168,base600,regcap,1,1.2933651475203136,2.8159722222222223,0.39999999999999997,8,2141,9,0,15,0
169,base600,regcap,1,1.2916186606186524,2.8125,0.39999999999999997,8,2141,9,0,16,0
170,base600,regcap,1,1.2935589482790317,2.8246527777777777,0.39999999999999997,8,2142,9,0,15,0
171,base600,regcap,1,1.2945019008345877,2.826388888888889,0.39999999999999997,8,2143,9,0,15,0
172,base600,regcap,1,1.2913652866131249,2.8211805555555554,0.39999999999999997,8,2143,9,0,16,0
173,base600,regcap,1,1.2832811245854987,2.8125,0.39999999999999997,8,2143,9,0,16,0
174,base600,regcap,1,1.2831060622906116,2.8125,0.39999999999999997,8,2145,9,0,14,0
175,base600,regcap,1,1.2904341924958536,2.8159722222222223,0.39999999999999997,8,2147,9,1,13,1
176,base600,regcap,1,1.2843983525615499,2.8055555555555554,0.39999999999999997,8,2151,9,0,12,0
177,base600,regcap,1,1.2833617816647047,2.8125,0.39999999999999997,8,2151,9,0,16,0
178,base600,regcap,1,1.2813356610280928,2.8090277777777777,0.39999999999999997,8,2154,9,0,13,0
179,base600,regcap,1,1.2822540620794254,2.7899305555555554,0.39999999999999997,8,2155,9,0,15,0
180,base600,regcap,1,1.27688270566095,2.7916666666666665,0.39999999999999997,8,2159,9,0,12,0
181,base600,regcap,1,1.2734174298123715,2.7934027777777777,0.39999999999999997,8,2161,9,0,14,0
182,base600,regcap,1,1.2773638901586246,2.8246527777777777,0.39999999999999997,8,2163,9,0,14,0
183,base600,regcap,1,1.2780292508510869,2.828125,0.39999999999999997,8,2166,9,0,13,0
184,base600,regcap,1,1.276774021106644,2.8159722222222223,0.39999999999999997,8,2168,9,0,14,0
185,base600,regcap,1,1.2727405335666138,2.7916666666666665,0.39999999999999997,8,2168,9,0,16,0
186,base600,regcap,1,1.2747376899904679,2.7916666666666665,0.39999999999999997,8,2168,9,0,16,0
187,base600,regcap,1,1.2776432296918425,2.8003472222222223,0.39999999999999997,8,2168,9,0,16,0
188,base600,regcap,1,1.2771404650449705,2.8003472222222223,0.39999999999999997,8,2168,9,0,16,0
189,base600,regcap,1,1.27317145028907,2.798611111111111,0.39999999999999997,8,2168,9,0,16,0
190,base600,regcap,1,1.2704848712466714,2.798611111111111,0.39999999999999997,8,2169,9,0,15,0
191,base600,regcap,1,1.2704848712466714,2.798611111111111,0.39999999999999997,8,2170,9,0,15,0
192,base600,regcap,1,1.2733625528688222,2.810763888888889,0.39999999999999997,8,2172,9,0,14,0
193,base600,regcap,1,1.2740289365925443,2.810763888888889,0.39999999999999997,8,2175,9,0,13,0
194,base600,regcap,1,1.2704170707949698,2.7916666666666665,0.39999999999999997,8,2176,9,0,15,0
195,base600,regcap,1,1.2702556444737572,2.7916666666666665,0.39999999999999997,8,2177,9,0,15,0
196,base600,regcap,1,1.2702556444737572,2.7934027777777777,0.39999999999999997,8,2177,9,0,16,0
197,base600,regcap,1,1.2704170707949698,2.7899305555555554,0.39999999999999997,8,2179,9,0,14,0
198,base600,regcap,1,1.2688295308540305,2.7881944444444446,0.39999999999999997,9,2181,9,0,16,0
199,base600,regcap,1,1.2740635756690666,2.796875,0.39999999999999997,10,2183,9,0,18,0
200,base600,regcap,1,1.2727753369213934,2.795138888888889,0.39999999999999997,10,2184,9,0,19,0
201,base600,regcap,1,1.2751242101871445,2.8072916666666665,0.39999999999999997,11,2184,9,0,22,0
202,base600,regcap,1,1.2759675479152848,2.8055555555555554,0.39999999999999997,11,2186,9,0,20,0
203,base600,regcap,1,1.27168305396296,2.8020833333333335,0.39999999999999997,11,2189,9,0,19,0
204,base600,regcap,1,1.2743176135955667,2.8125,0.39999999999999997,11,2190,9,0,21,0
205,base600,regcap,1,1.2679568683761189,2.814236111111111,0.39999999999999997,11,2191,9,0,21,0
206,base600,regcap,1,1.2628541261834445,2.814236111111111,0.39999999999999997,11,2196,9,0,17,0
207,base600,regcap,1,1.2591075998841683,2.8020833333333335,0.39999999999999997,10,2196,9,0,20,0
208,base600,regcap,1,1.2604957351315427,2.798611111111111,0.39999999999999997,10,2196,9,0,20,0
209,base600,regcap,1,1.261717446396989,2.795138888888889,0.39999999999999997,10,2196,9,0,20,0
210,base600,regcap,1,1.2586563221136733,2.7864583333333335,0.39999999999999997,10,2196,9,0,20,0
211,base600,regcap,1,1.259284130415378,2.795138888888889,0.39999999999999997,10,2199,9,0,17,0
212,base600,regcap,1,1.260544364153568,2.8055555555555554,0.39999999999999997,10,2201,9,0,18,0
213,base600,regcap,1,1.262360935983955,2.8159722222222223,0.39999999999999997,10,2203,9,0,18,0
214,base600,regcap,1,1.262109335197172,2.814236111111111,0.39999999999999997,11,2204,9,0,21,0
215,base600,regcap,1,1.2639347477998353,2.8229166666666665,0.39999999999999997,11,2206,9,0,20,0
216,base600,regcap,1,1.2643601377388212,2.828125,0.39999999999999997,11,2207,9,0,21,0
217,base600,regcap,1,1.2634203847466097,2.8315972222222223,0.39999999999999997,11,2208,9,0,21,0
218,base600,regcap,1,1.2646869739786641,2.8385416666666665,0.39999999999999997,11,2211,9,0,19,0
219,base600,regcap,1,1.2625608653351457,2.8350694444444446,0.39999999999999997,11,2211,9,0,22,0
220,base600,regcap,1,1.2574620709114084,2.8229166666666665,0.39999999999999997,11,2211,9,0,22,0
221,base600,regcap,1,1.257124876594388,2.8159722222222223,0.39999999999999997,10,2211,9,0,20,0
222,base600,regcap,1,1.2546854812623716,2.8125,0.39999999999999997,10,2214,9,0,17,0
223,base600,regcap,1,1.2516363663382908,2.8125,0.39999999999999997,10,2217,9,0,17,0
224,base600,regcap,1,1.250828783559612,2.814236111111111,0.39999999999999997,10,2222,9,0,15,0
225,base600,regcap,1,1.249492749605151,2.8177083333333335,0.39999999999999997,10,2225,9,0,17,0
226,base600,regcap,1,1.249492749605151,2.8159722222222223,0.39999999999999997,10,2226,9,0,19,0
227,base600,regcap,1,1.244296004205265,2.814236111111111,0.39999999999999997,10,2226,9,0,20,0
228,base600,regcap,1,1.2373185126038928,2.8003472222222223,0.39999999999999997,10,2228,9,0,18,0
229,base600,regcap,1,1.2322797923426132,2.798611111111111,0.39999999999999997,10,2228,9,0,20,0
230,base600,regcap,1,1.2263547119694644,2.8055555555555554,0.39999999999999997,10,2230,9,0,18,0
231,base600,regcap,1,1.2289344078211073,2.8125,0.39999999999999997,10,2232,9,0,18,0
232,base600,regcap,1,1.2248104871176972,2.7934027777777777,0.39999999999999997,10,2232,9,0,20,0
233,base600,regcap,1,1.2190148986039653,2.7899305555555554,0.39999999999999997,10,2234,9,0,18,0
234,base600,regcap,1,1.2177260381353323,2.8003472222222223,0.39999999999999997,10,2234,9,0,20,0
235,base600,regcap,1,1.2043856724163642,2.779513888888889,0.39999999999999997,10,2237,9,0,17,0
236,base600,regcap,1,1.1957295641224344,2.7777777777777777,0.39999999999999997,10,2238,9,0,19,0
237,base600,regcap,1,1.1884277291293592,2.7395833333333335,0.39999999999999997,10,2238,9,0,20,0
238,base600,regcap,1,1.1912630300629832,2.7413194444444446,0.39999999999999997,10,2238,9,0,20,0
239,base600,regcap,1,1.1934431266932626,2.7604166666666665,0.39999999999999997,10,2238,9,0,20,0
240,base600,regcap,1,1.1921841981444854,2.7604166666666665,0.39999999999999997,9,2238,9,0,18,0
241,base600,regcap,1,1.1886779132609533,2.7604166666666665,0.39999999999999997,9,2238,9,0,18,0
242,base600,regcap,1,1.1846906040083387,2.7552083333333335,0.39999999999999997,9,2238,8,1,17,1
243,base600,regcap,1,1.1893693989122696,2.7690972222222223,0.39999999999999997,9,2240,8,0,16,0
244,base600,regcap,1,1.187539883415344,2.767361111111111,0.39999999999999997,9,2240,8,0,18,0
245,base600,regcap,1,1.1862876388788763,2.767361111111111,0.39999999999999997,9,2240,8,0,18,0
246,base600,regcap,1,1.1877172875195834,2.7760416666666665,0.39999999999999997,9,2244,8,0,14,0
247,base600,regcap,1,1.189823979694163,2.7760416666666665,0.39999999999999997,9,2244,8,0,18,0
248,base600,regcap,1,1.1934072177908717,2.7760416666666665,0.39999999999999997,9,2246,8,0,16,0
249,base600,regcap,1,1.195506170095252,2.798611111111111,0.39999999999999997,9,2248,8,0,16,0
250,base600,regcap,1,1.1938719492033696,2.795138888888889,0.39999999999999997,9,2248,8,0,18,0
251,base600,regcap,1,1.1898946900952945,2.798611111111111,0.39999999999999997,8,2248,8,0,16,0
252,base600,regcap,1,1.1916612821482977,2.8038194444444446,0.39999999999999997,8,2248,8,0,16,0
253,base600,regcap,1,1.1927756999798707,2.8072916666666665,0.39999999999999997,8,2248,8,0,16,0
254,base600,regcap,1,1.1892342804589515,2.796875,0.39999999999999997,8,2249,8,0,15,0
255,base600,regcap,1,1.1886065893346018,2.796875,0.39999999999999997,8,2250,8,0,15,0
256,base600,regcap,1,1.1910215930591794,2.8038194444444446,0.39999999999999997,9,2250,8,0,18,0
257,base600,regcap,1,1.1910804829528763,2.814236111111111,0.39999999999999997,9,2252,8,0,16,0
258,base600,regcap,1,1.1894333391648801,2.814236111111111,0.39999999999999997,10,2253,8,0,19,0
259,base600,regcap,1,1.1893750086749701,2.8194444444444446,0.39999999999999997,10,2254,8,0,19,0
260,base600,regcap,1,1.190999945246786,2.8211805555555554,0.39999999999999997,10,2255,8,0,19,0
261,base600,regcap,1,1.188306413172975,2.810763888888889,0.39999999999999997,10,2256,8,0,19,0
262,base600,regcap,1,1.1849696172223878,2.810763888888889,0.39999999999999997,10,2256,8,0,20,0
263,base600,regcap,1,1.1894531875061396,2.8177083333333335,0.39999999999999997,10,2256,8,0,20,0
264,base600,regcap,1,1.1899622649030777,2.8194444444444446,0.39999999999999997,10,2256,8,0,20,0
265,base600,regcap,1,1.1916101143554154,2.8402777777777777,0.39999999999999997,10,2257,8,0,19,0
266,base600,regcap,1,1.1893316532430804,2.828125,0.39999999999999997,10,2259,8,0,18,0
267,base600,regcap,1,1.1852325655467846,2.8350694444444446,0.39999999999999997,11,2261,8,0,20,0
268,base600,regcap,1,1.1793575654934625,2.8211805555555554,0.39999999999999997,11,2261,8,0,22,0
269,base600,regcap,1,1.1804075917254948,2.8177083333333335,0.39999999999999997,11,2261,8,0,22,0
270,base600,regcap,1,1.1722315317334373,2.8177083333333335,0.39999999999999997,11,2261,8,0,22,0
271,base600,regcap,1,1.1782829927806093,2.8333333333333335,0.39999999999999997,11,2261,8,0,22,0
272,base600,regcap,1,1.1771658270711267,2.84375,0.39999999999999997,11,2262,8,1,20,1
273,base600,regcap,1,1.179328316481024,2.8368055555555554,0.39999999999999997,11,2263,8,0,21,0
274,base600,regcap,1,1.1725463887253922,2.8315972222222223,0.39999999999999997,10,2265,8,0,18,0
275,base600,regcap,1,1.1758964517218777,2.8368055555555554,0.39999999999999997,10,2265,8,0,20,0
276,base600,regcap,1,1.1774057913315223,2.8472222222222223,0.39999999999999997,10,2268,8,0,17,0
277,base600,regcap,1,1.1713532197979206,2.8229166666666665,0.39999999999999997,10,2268,8,0,20,0
278,base600,regcap,1,1.175610685629485,2.829861111111111,0.39999999999999997,10,2271,8,0,17,0
279,base600,regcap,1,1.1696972661718108,2.814236111111111,0.39999999999999997,9,2271,7,1,17,1
280,base600,regcap,1,1.1639157962674334,2.810763888888889,0.39999999999999997,9,2271,7,0,18,0
281,base600,regcap,1,1.1666302984716688,2.810763888888889,0.39999999999999997,9,2271,7,0,18,0
282,base600,regcap,1,1.1666302984716688,2.810763888888889,0.39999999999999997,8,2271,7,0,16,0
283,base600,regcap,1,1.1666695355456804,2.8125,0.39999999999999997,8,2271,7,0,16,0
284,base600,regcap,1,1.1602014416680941,2.798611111111111,0.39999999999999997,7,2271,7,0,14,0
285,base600,regcap,1,1.1572367560845171,2.782986111111111,0.39999999999999997,7,2272,7,0,13,0
286,base600,regcap,1,1.157835976863078,2.782986111111111,0.39999999999999997,7,2272,7,0,14,0
287,base600,regcap,1,1.1540132256371103,2.78125,0.39999999999999997,7,2272,7,0,14,0
288,base600,regcap,1,1.148581809332243,2.767361111111111,0.39999999999999997,7,2272,7,0,14,0
289,base600,regcap,1,1.1495419308032508,2.7777777777777777,0.39999999999999997,7,2272,7,0,14,0
290,base600,regcap,1,1.1516562469407075,2.779513888888889,0.39999999999999997,7,2272,7,0,14,0
291,base600,regcap,1,1.1510591621609407,2.779513888888889,0.39999999999999997,7,2272,7,0,14,0
292,base600,regcap,1,1.1498656447407847,2.779513888888889,0.39999999999999997,7,2272,7,0,14,0
293,base600,regcap,1,1.1498482903239584,2.7847222222222223,0.39999999999999997,7,2272,7,0,14,0
294,base600,regcap,1,1.1507354527009017,2.7899305555555554,0.39999999999999997,7,2272,7,0,14,0
295,base600,regcap,1,1.1507539010238528,2.7899305555555554,0.39999999999999997,7,2273,7,0,13,0
296,base600,regcap,1,1.1479520187572316,2.7847222222222223,0.39999999999999997,7,2273,7,0,14,0
297,base600,regcap,1,1.1501737142469952,2.798611111111111,0.39999999999999997,7,2273,7,0,14,0
298,base600,regcap,1,1.1501847404823564,2.798611111111111,0.39999999999999997,7,2275,7,0,12,0
299,base600,regcap,1,1.1462192698920435,2.7864583333333335,0.39999999999999997,7,2275,7,0,14,0
300,base600,regcap,1,1.1456254340749683,2.7864583333333335,0.39999999999999997,7,2275,7,0,14,0
301,base600,regcap,1,1.1456236683664536,2.7899305555555554,0.39999999999999997,7,2275,7,0,14,0
302,base600,regcap,1,1.1455424909574028,2.779513888888889,0.39999999999999997,7,2275,7,0,14,0
303,base600,regcap,1,1.1482717183036475,2.7760416666666665,0.39999999999999997,7,2275,7,0,14,0
304,base600,regcap,1,1.1452467359359781,2.7708333333333335,0.39999999999999997,7,2275,7,0,14,0
305,base600,regcap,1,1.143707580489984,2.7708333333333335,0.39999999999999997,7,2275,7,0,14,0
306,base600,regcap,1,1.1452406045892212,2.7725694444444446,0.39999999999999997,7,2275,7,0,14,0
307,base600,regcap,1,1.1467460981469881,2.7743055555555554,0.39999999999999997,8,2275,7,0,16,0
308,base600,regcap,1,1.1427278278435604,2.7690972222222223,0.39999999999999997,8,2275,7,0,16,0
309,base600,regcap,1,1.1448284517091765,2.7690972222222223,0.39999999999999997,8,2275,7,0,16,0
310,base600,regcap,1,1.1448148858148894,2.763888888888889,0.39999999999999997,8,2275,7,0,16,0
311,base600,regcap,1,1.1475870772528969,2.7743055555555554,0.39999999999999997,8,2277,7,0,14,0
312,base600,regcap,1,1.1475490429628852,2.7708333333333335,0.39999999999999997,8,2277,7,0,16,0
313,base600,regcap,1,1.1420027611677732,2.7690972222222223,0.39999999999999997,8,2277,7,0,16,0
314,base600,regcap,1,1.1432870428360877,2.767361111111111,0.39999999999999997,8,2277,7,0,16,0
315,base600,regcap,1,1.1444795207392673,2.7708333333333335,0.39999999999999997,8,2277,7,0,16,0
316,base600,regcap,1,1.1429354315101519,2.7708333333333335,0.39999999999999997,8,2277,7,0,16,0
317,base600,regcap,1,1.1429018979920145,2.7708333333333335,0.39999999999999997,8,2277,7,0,16,0
318,base600,regcap,1,1.1368731324961592,2.7760416666666665,0.39999999999999997,8,2278,7,0,15,0
319,base600,regcap,1,1.133182958292302,2.763888888888889,0.39999999999999997,8,2278,7,0,16,0
320,base600,regcap,1,1.1304107426422658,2.7534722222222223,0.39999999999999997,8,2278,7,0,16,0
321,base600,regcap,1,1.1282199997672056,2.7569444444444446,0.39999999999999997,8,2278,7,0,16,0
322,base600,regcap,1,1.126622686705421,2.7534722222222223,0.39999999999999997,8,2278,7,0,16,0
323,base600,regcap,1,1.1213487100871216,2.7291666666666665,0.39999999999999997,8,2278,7,0,16,0
324,base600,regcap,1,1.1212948176876538,2.7309027777777777,0.39999999999999997,8,2281,7,0,13,0
325,base600,regcap,1,1.122272297331119,2.732638888888889,0.39999999999999997,8,2281,7,0,16,0
326,base600,regcap,1,1.1210499758316748,2.7430555555555554,0.39999999999999997,9,2281,7,0,18,0
327,base600,regcap,1,1.1193971391279973,2.7447916666666665,0.39999999999999997,9,2282,7,0,17,0
328,base600,regcap,1,1.1209217910586486,2.748263888888889,0.39999999999999997,9,2282,7,0,18,0
329,base600,regcap,1,1.124048346270456,2.7569444444444446,0.39999999999999997,9,2282,7,0,18,0
330,base600,regcap,1,1.1215824422675749,2.763888888888889,0.39999999999999997,9,2282,7,0,18,0
331,base600,regcap,1,1.1238473051480204,2.7743055555555554,0.39999999999999997,9,2282,7,0,18,0
332,base600,regcap,1,1.1279548318516657,2.78125,0.39999999999999997,9,2282,7,0,18,0
333,base600,regcap,1,1.1349468029320724,2.7899305555555554,0.39999999999999997,9,2282,8,0,18,0
334,base600,regcap,1,1.132883453208472,2.7881944444444446,0.39999999999999997,9,2282,8,0,18,0
335,base600,regcap,1,1.1304814527537737,2.7777777777777777,0.39999999999999997,9,2282,8,0,18,0
336,base600,regcap,1,1.1303922909821085,2.7777777777777777,0.39999999999999997,9,2284,8,0,16,0
337,base600,regcap,1,1.1347096035570845,2.7899305555555554,0.39999999999999997,9,2286,8,0,16,0
338,base600,regcap,1,1.1355148841833433,2.7916666666666665,0.39999999999999997,9,2286,8,0,18,0
339,base600,regcap,1,1.1378763657466282,2.8038194444444446,0.39999999999999997,9,2287,8,0,17,0
340,base600,regcap,1,1.1394171395185528,2.814236111111111,0.39999999999999997,9,2287,8,0,18,0
341,base600,regcap,1,1.1339325742572743,2.8072916666666665,0.39999999999999997,9,2289,8,0,16,0
342,base600,regcap,1,1.132695862902029,2.8072916666666665,0.39999999999999997,8,2289,8,0,16,0
343,base600,regcap,1,1.1290001147129103,2.8003472222222223,0.39999999999999997,7,2290,8,0,13,0
344,base600,regcap,1,1.1288236159511715,2.798611111111111,0.39999999999999997,7,2290,8,0,14,0
345,base600,regcap,1,1.1274115532880529,2.7899305555555554,0.39999999999999997,6,2290,8,0,12,0
346,base600,regcap,1,1.1281109877589015,2.795138888888889,0.39999999999999997,6,2290,8,0,12,0
347,base600,regcap,1,1.1293083958436434,2.7847222222222223,0.39999999999999997,6,2291,8,0,11,0
348,base600,regcap,1,1.1293083958436434,2.7725694444444446,0.39999999999999997,6,2291,8,0,12,0
349,base600,regcap,1,1.1280638424092748,2.7777777777777777,0.39999999999999997,6,2292,8,0,11,0
350,base600,regcap,1,1.1295519853910714,2.7864583333333335,0.39999999999999997,6,2292,8,0,12,0
351,base600,regcap,1,1.132271629912022,2.798611111111111,0.39999999999999997,6,2293,8,0,11,0
352,base600,regcap,1,1.1329909815385057,2.8072916666666665,0.39999999999999997,6,2293,8,0,12,0
353,base600,regcap,1,1.1328790329323892,2.8003472222222223,0.39999999999999997,7,2293,8,0,14,0
354,base600,regcap,1,1.1281547912541492,2.7916666666666665,0.39999999999999997,7,2293,8,0,14,0
355,base600,regcap,1,1.1266246900395231,2.7934027777777777,0.39999999999999997,7,2293,8,0,14,0
356,base600,regcap,1,1.1292200315902927,2.8038194444444446,0.39999999999999997,8,2294,8,0,15,0
357,base600,regcap,1,1.1223492169522697,2.7847222222222223,0.39999999999999997,8,2294,8,0,16,0
358,base600,regcap,1,1.1187431988049719,2.779513888888889,0.39999999999999997,7,2294,7,1,13,1
359,base600,regcap,1,1.1186120823290613,2.782986111111111,0.39999999999999997,7,2294,7,0,14,0
360,base600,regcap,1,1.112538779173136,2.782986111111111,0.39999999999999997,7,2294,7,0,14,0
361,base600,regcap,1,1.1093743029201701,2.7743055555555554,0.39999999999999997,7,2294,7,0,14,0
362,base600,regcap,1,1.1072458270691163,2.7760416666666665,0.39999999999999997,7,2294,7,0,14,0
363,base600,regcap,1,1.1072458270691163,2.779513888888889,0.39999999999999997,7,2294,7,0,14,0
364,base600,regcap,1,1.1059661063752824,2.7725694444444446,0.39999999999999997,8,2294,7,0,16,0
365,base600,regcap,1,1.1073955529956026,2.7777777777777777,0.39999999999999997,8,2294,7,0,16,0
366,base600,regcap,1,1.1037150844042047,2.7725694444444446,0.39999999999999997,8,2294,7,0,16,0
367,base600,regcap,1,1.1066449576847222,2.7690972222222223,0.39999999999999997,8,2294,7,0,16,0
368,base600,regcap,1,1.1067965176127401,2.7690972222222223,0.39999999999999997,8,2294,7,0,16,0
369,base600,regcap,1,1.1086612623743224,2.7743055555555554,0.39999999999999997,8,2295,7,0,15,0
370,base600,regcap,1,1.101394115425578,2.782986111111111,0.39999999999999997,8,2295,7,0,16,0
371,base600,regcap,1,1.1015404451603268,2.782986111111111,0.39999999999999997,8,2295,7,0,16,0
372,base600,regcap,1,1.101394115425578,2.7725694444444446,0.39999999999999997,8,2295,7,0,16,0
373,base600,regcap,1,1.098370416651835,2.751736111111111,0.39999999999999997,8,2295,7,0,16,0
374,base600,regcap,1,1.098370416651835,2.7552083333333335,0.39999999999999997,8,2295,7,0,16,0
375,base600,regcap,1,1.0994981207556713,2.7534722222222223,0.39999999999999997,8,2295,7,0,16,0
376,base600,regcap,1,1.0994981207556713,2.7534722222222223,0.39999999999999997,8,2295,7,0,16,0
377,base600,regcap,1,1.0993335774117472,2.7465277777777777,0.39999999999999997,8,2295,7,0,16,0
378,base600,regcap,1,1.112051007410762,2.763888888888889,0.39999999999999997,8,2296,8,0,15,0
379,base600,regcap,1,1.1059911266412457,2.748263888888889,0.39999999999999997,8,2296,8,0,16,0
380,base600,regcap,1,1.1034803138241418,2.748263888888889,0.39999999999999997,8,2296,8,0,16,0
381,base600,regcap,1,1.102945518442979,2.7430555555555554,0.39999999999999997,8,2296,8,0,16,0
382,base600,regcap,1,1.1042534795905714,2.7430555555555554,0.39999999999999997,8,2296,8,0,16,0
383,base600,regcap,1,1.102780337713842,2.7447916666666665,0.39999999999999997,8,2296,8,0,16,0
384,base600,regcap,1,1.10156295995379,2.7447916666666665,0.39999999999999997,8,2296,8,0,16,0
385,base600,regcap,1,1.1013904226269566,2.7413194444444446,0.39999999999999997,8,2296,8,0,16,0
386,base600,regcap,1,1.1035605830758706,2.7552083333333335,0.39999999999999997,8,2296,8,0,16,0
387,base600,regcap,1,1.0984890392773066,2.7430555555555554,0.39999999999999997,8,2296,8,0,16,0
388,base600,regcap,1,1.0997770342339028,2.7552083333333335,0.39999999999999997,9,2298,8,0,16,0
389,base600,regcap,1,1.1002700975671655,2.7604166666666665,0.39999999999999997,9,2298,8,0,18,0
390,base600,regcap,1,1.099174655995647,2.7586805555555554,0.39999999999999997,9,2298,8,0,18,0
391,base600,regcap,1,1.1001172539423927,2.7552083333333335,0.39999999999999997,9,2298,8,0,18,0
392,base600,regcap,1,1.0979667439366296,2.7569444444444446,0.39999999999999997,9,2298,8,0,18,0
393,base600,regcap,1,1.0992664631703013,2.7690972222222223,0.39999999999999997,9,2298,8,0,18,0
394,base600,regcap,1,1.0997764123105183,2.7708333333333335,0.39999999999999997,9,2298,8,0,18,0
395,base600,regcap,1,1.0968811217657977,2.7604166666666665,0.39999999999999997,9,2298,8,0,18,0
396,base600,regcap,1,1.0962844048045306,2.7586805555555554,0.39999999999999997,9,2298,8,0,18,0
397,base600,regcap,1,1.0928124865076294,2.751736111111111,0.39999999999999997,9,2298,8,0,18,0
398,base600,regcap,1,1.0912464498845755,2.7413194444444446,0.39999999999999997,9,2298,8,0,18,0
399,base600,regcap,1,1.0923047333345843,2.7430555555555554,0.39999999999999997,9,2298,8,0,18,0
400,base600,regcap,1,1.0919053881182619,2.7430555555555554,0.39999999999999997,8,2298,8,0,16,0
401,base600,regcap,1,1.092949850585492,2.7552083333333335,0.39999999999999997,8,2298,8,0,16,0
402,base600,regcap,1,1.0941723579387093,2.7604166666666665,0.39999999999999997,7,2298,8,0,14,0
403,base600,regcap,1,1.093780887308814,2.7569444444444446,0.39999999999999997,7,2298,8,0,14,0
404,base600,regcap,1,1.0929856466187993,2.7534722222222223,0.39999999999999997,8,2298,8,0,16,0
405,base600,regcap,1,1.086810326866191,2.7395833333333335,0.39999999999999997,8,2298,8,0,16,0
406,base600,regcap,1,1.086591430607814,2.7395833333333335,0.39999999999999997,8,2299,8,0,15,0
407,base600,regcap,1,1.0849362727032834,2.7309027777777777,0.39999999999999997,8,2299,8,0,16,0
408,base600,regcap,1,1.0827378919471833,2.736111111111111,0.39999999999999997,8,2299,8,0,16,0
409,base600,regcap,1,1.077714037446868,2.7291666666666665,0.39999999999999997,8,2299,8,0,16,0
410,base600,regcap,1,1.0754150255596981,2.7256944444444446,0.39999999999999997,8,2299,8,0,16,0
411,base600,regcap,1,1.070638817910901,2.7100694444444446,0.39999999999999997,7,2299,8,0,14,0
412,base600,regcap,1,1.0708779058159683,2.7118055555555554,0.39999999999999997,8,2299,8,0,16,0
413,base600,regcap,1,1.0702964765260736,2.7135416666666665,0.39999999999999997,8,2299,8,0,16,0
414,base600,regcap,1,1.0657150404766582,2.7152777777777777,0.39999999999999997,8,2299,8,0,16,0
415,base600,regcap,1,1.0672242086589863,2.7152777777777777,0.39999999999999997,8,2299,8,0,16,0
416,base600,regcap,1,1.0666424360720073,2.7152777777777777,0.39999999999999997,8,2300,8,0,15,0
417,base600,regcap,1,1.0708390180933842,2.7222222222222223,0.39999999999999997,8,2300,8,0,16,0
418,base600,regcap,1,1.0678949419577113,2.7222222222222223,0.39999999999999997,8,2300,8,0,16,0
419,base600,regcap,1,1.0686425749558148,2.7256944444444446,0.39999999999999997,8,2300,8,0,16,0
420,base600,regcap,1,1.0664857217143324,2.7378472222222223,0.39999999999999997,8,2300,8,0,16,0
421,base600,regcap,1,1.0677269442957993,2.7395833333333335,0.39999999999999997,8,2300,8,0,16,0
422,base600,regcap,1,1.0675402665339524,2.7430555555555554,0.39999999999999997,8,2300,8,0,16,0
423,base600,regcap,1,1.0710599480280178,2.7447916666666665,0.39999999999999997,8,2300,8,0,16,0
424,base600,regcap,1,1.0710599480280178,2.7447916666666665,0.39999999999999997,8,2300,8,0,16,0
425,base600,regcap,1,1.0710599480280178,2.751736111111111,0.39999999999999997,8,2300,8,0,16,0
426,base600,regcap,1,1.0716908422534783,2.751736111111111,0.39999999999999997,8,2300,8,0,16,0
427,base600,regcap,1,1.0702676081360782,2.7465277777777777,0.39999999999999997,8,2300,8,0,16,0
428,base600,regcap,1,1.0728855225143816,2.7465277777777777,0.39999999999999997,8,2300,8,0,16,0
429,base600,regcap,1,1.070356546339059,2.7413194444444446,0.39999999999999997,8,2300,8,0,16,0
430,base600,regcap,1,1.069419988908348,2.751736111111111,0.39999999999999997,8,2300,8,0,16,0
431,base600,regcap,1,1.0682032602891294,2.748263888888889,0.39999999999999997,8,2300,8,0,16,0
432,base600,regcap,1,1.0676181600602368,2.75,0.39999999999999997,8,2300,8,0,16,0
433,base600,regcap,1,1.06135679369402,2.732638888888889,0.39999999999999997,9,2300,7,1,17,1
434,base600,regcap,1,1.0598546218154021,2.7291666666666665,0.39999999999999997,9,2300,7,0,18,0
435,base600,regcap,1,1.0615242645643548,2.732638888888889,0.39999999999999997,9,2300,7,0,18,0
436,base600,regcap,1,1.0612348425586042,2.732638888888889,0.39999999999999997,9,2300,7,0,18,0
437,base600,regcap,1,1.0571902297010274,2.7274305555555554,0.39999999999999997,9,2300,7,0,18,0
438,base600,regcap,1,1.0524106772741426,2.7222222222222223,0.39999999999999997,9,2300,7,0,18,0
439,base600,regcap,1,1.0514870254019455,2.7239583333333335,0.39999999999999997,10,2300,7,0,20,0
440,base600,regcap,1,1.046922569700988,2.7135416666666665,0.39999999999999997,10,2300,7,0,20,0
441,base600,regcap,1,1.0468650595674402,2.7118055555555554,0.39999999999999997,10,2300,7,0,20,0
442,base600,regcap,1,1.044508291710501,2.701388888888889,0.39999999999999997,10,2300,7,0,20,0
443,base600,regcap,1,1.0441774427478345,2.7135416666666665,0.39999999999999997,10,2300,7,0,20,0
444,base600,regcap,1,1.0435759090737684,2.717013888888889,0.39999999999999997,10,2301,7,0,19,0
445,base600,regcap,1,1.0415310047801278,2.7135416666666665,0.39999999999999997,10,2301,7,0,20,0
446,base600,regcap,1,1.0419455929653052,2.7256944444444446,0.39999999999999997,10,2301,7,0,20,0
447,base600,regcap,1,1.0401866257550927,2.7256944444444446,0.39999999999999997,10,2301,7,0,20,0
448,base600,regcap,1,1.0408038138770896,2.7291666666666665,0.39999999999999997,10,2301,7,0,20,0
449,base600,regcap,1,1.0359756915289438,2.720486111111111,0.39999999999999997,10,2302,7,0,19,0
450,base600,regcap,1,1.040378157594133,2.7291666666666665,0.39999999999999997,10,2302,7,0,20,0
451,base600,regcap,1,1.035160410091763,2.717013888888889,0.39999999999999997,9,2302,7,0,18,0
452,base600,regcap,1,1.0345464882295152,2.717013888888889,0.39999999999999997,9,2302,7,0,18,0
453,base600,regcap,1,1.0334000098194693,2.7083333333333335,0.39999999999999997,9,2302,7,0,18,0
454,base600,regcap,1,1.0365114338669403,2.7135416666666665,0.39999999999999997,10,2302,7,0,20,0
455,base600,regcap,1,1.0369005039645829,2.717013888888889,0.39999999999999997,11,2302,7,0,22,0
456,base600,regcap,1,1.0349378378464589,2.7135416666666665,0.39999999999999997,11,2302,7,0,22,0
457,base600,regcap,1,1.033960162441546,2.7135416666666665,0.39999999999999997,11,2302,7,0,22,0
458,base600,regcap,1,1.0329648722237081,2.7118055555555554,0.39999999999999997,11,2302,7,0,22,0
459,base600,regcap,1,1.033349511542709,2.7135416666666665,0.39999999999999997,11,2302,7,0,22,0
460,base600,regcap,1,1.027538602612339,2.703125,0.39999999999999997,12,2302,7,0,24,0
461,base600,regcap,1,1.0285434253948562,2.703125,0.39999999999999997,12,2302,7,0,24,0
462,base600,regcap,1,1.0287153320414957,2.7100694444444446,0.39999999999999997,12,2302,7,0,24,0
463,base600,regcap,1,1.0232255234984802,2.685763888888889,0.39999999999999997,12,2302,7,0,24,0
464,base600,regcap,1,1.0200697533650271,2.6979166666666665,0.39999999999999997,12,2302,7,0,24,0
465,base600,regcap,1,1.0186532582116223,2.6961805555555554,0.39999999999999997,12,2302,7,0,24,0
466,base600,regcap,1,1.0184309235446425,2.6996527777777777,0.39999999999999997,12,2302,7,0,24,0
467,base600,regcap,1,1.0174010044030248,2.6979166666666665,0.39999999999999997,12,2302,7,0,24,0
468,base600,regcap,1,1.01513017069842,2.689236111111111,0.39999999999999997,12,2302,7,0,24,0
469,base600,regcap,1,1.0132204623359442,2.689236111111111,0.39999999999999997,12,2302,7,0,24,0
470,base600,regcap,1,1.0100994843000959,2.6875,0.39999999999999997,11,2302,7,0,22,0
471,base600,regcap,1,1.0087293715851102,2.6875,0.39999999999999997,11,2302,7,0,22,0
472,base600,regcap,1,1.0126413156092149,2.685763888888889,0.39999999999999997,11,2302,7,0,22,0
473,base600,regcap,1,1.0082138278869135,2.6927083333333335,0.39999999999999997,11,2302,7,0,22,0
474,base600,regcap,1,1.0066509234880205,2.6927083333333335,0.39999999999999997,11,2303,7,0,21,0
475,base600,regcap,1,1.0038151716227761,2.6822916666666665,0.39999999999999997,11,2303,7,0,22,0
476,base600,regcap,1,1.005680287429713,2.689236111111111,0.39999999999999997,11,2303,7,0,22,0
477,base600,regcap,1,1.006478002861214,2.6927083333333335,0.39999999999999997,11,2303,7,0,22,0
478,base600,regcap,1,1.0091844383635353,2.701388888888889,0.39999999999999997,11,2303,7,0,22,0
479,base600,regcap,1,1.0090713546639205,2.704861111111111,0.39999999999999997,11,2303,7,0,22,0
480,base600,regcap,1,1.010171490765692,2.7118055555555554,0.39999999999999997,11,2303,7,0,22,0
481,base600,regcap,1,1.006629564495187,2.7083333333333335,0.39999999999999997,11,2303,7,0,22,0
482,base600,regcap,1,1.003124976890821,2.701388888888889,0.39999999999999997,11,2303,7,0,22,0
483,base600,regcap,1,1.0017855988941649,2.7065972222222223,0.39999999999999997,11,2303,7,0,22,0
484,base600,regcap,1,1.004362389418989,2.7118055555555554,0.39999999999999997,11,2304,7,0,21,0
485,base600,regcap,1,0.9984387127377138,2.703125,0.39999999999999997,12,2304,7,0,24,0
486,base600,regcap,1,0.9954610663605948,2.6909722222222223,0.39999999999999997,12,2304,7,0,24,0
487,base600,regcap,1,0.9949255290342334,2.6909722222222223,0.39999999999999997,12,2304,7,0,24,0
488,base600,regcap,1,0.9943844096340375,2.6875,0.39999999999999997,12,2304,7,0,24,0
489,base600,regcap,1,0.9938982315467698,2.6805555555555554,0.39999999999999997,12,2304,7,0,24,0
490,base600,regcap,1,0.9927012170948203,2.6805555555555554,0.39999999999999997,12,2304,7,0,24,0
491,base600,regcap,1,0.9848384906520611,2.670138888888889,0.39999999999999997,12,2304,7,0,24,0
492,base600,regcap,1,0.9811014142691065,2.670138888888889,0.39999999999999997,12,2304,7,0,24,0
493,base600,regcap,1,0.979078583863989,2.6753472222222223,0.39999999999999997,13,2304,7,0,26,0
494,base600,regcap,1,0.9773045446259062,2.6822916666666665,0.39999999999999997,13,2304,7,0,26,0
495,base600,regcap,1,0.976097902572844,2.6927083333333335,0.39999999999999997,13,2304,7,0,26,0
496,base600,regcap,1,0.9729364873568197,2.6927083333333335,0.39999999999999997,14,2304,7,0,28,0
497,base600,regcap,1,0.9716103467690332,2.6944444444444446,0.39999999999999997,13,2304,7,0,26,0
498,base600,regcap,1,0.9703840722605579,2.701388888888889,0.39999999999999997,13,2304,7,0,26,0
499,base600,regcap,1,0.9710065892095968,2.7100694444444446,0.39999999999999997,13,2304,7,0,26,0
500,base600,regcap,1,0.970269215620564,2.7222222222222223,0.39999999999999997,12,2304,7,0,24,0
501,base600,regcap,1,0.9704200257264537,2.7274305555555554,0.39999999999999997,12,2304,7,0,24,0
502,base600,regcap,1,0.9691758781663676,2.7152777777777777,0.39999999999999997,12,2304,7,0,24,0
503,base600,regcap,1,0.967215685283461,2.720486111111111,0.39999999999999997,12,2304,7,0,24,0
504,base600,regcap,1,0.9617310061730753,2.6996527777777777,0.39999999999999997,12,2304,7,0,24,0
505,base600,regcap,1,0.9562450888412364,2.6788194444444446,0.39999999999999997,12,2304,7,0,24,0
506,base600,regcap,1,0.9549499655200664,2.6770833333333335,0.39999999999999997,12,2304,7,0,24,0
507,base600,regcap,1,0.957283867762317,2.6805555555555554,0.39999999999999997,12,2304,7,0,24,0
508,base600,regcap,1,0.9551259092451835,2.6822916666666665,0.39999999999999997,11,2304,7,0,22,0
509,base600,regcap,1,0.9559011544673252,2.6805555555555554,0.39999999999999997,11,2304,7,0,22,0
510,base600,regcap,1,0.9579394035196052,2.6805555555555554,0.39999999999999997,11,2304,7,0,22,0
511,base600,regcap,1,0.9500788066782752,2.657986111111111,0.39999999999999997,11,2304,7,0,22,0
512,base600,regcap,1,0.9507417359349196,2.657986111111111,0.39999999999999997,11,2304,7,0,22,0
513,base600,regcap,1,0.9494070804594693,2.6597222222222223,0.39999999999999997,11,2304,7,0,22,0
514,base600,regcap,1,0.9428541614110204,2.6371527777777777,0.39999999999999997,11,2304,7,0,22,0
515,base600,regcap,1,0.9428541614110204,2.6371527777777777,0.39999999999999997,11,2304,7,0,22,0
516,base600,regcap,1,0.9429831376088634,2.640625,0.39999999999999997,11,2304,7,0,22,0
517,base600,regcap,1,0.9401681445093718,2.638888888888889,0.39999999999999997,11,2304,7,0,22,0
518,base600,regcap,1,0.94149912561384,2.642361111111111,0.39999999999999997,11,2304,7,0,22,0
519,base600,regcap,1,0.9312278325227954,2.623263888888889,0.39999999999999997,12,2304,7,0,24,0
520,base600,regcap,1,0.9226335972176034,2.6128472222222223,0.39999999999999997,12,2304,6,1,23,1
521,base600,regcap,1,0.9240347948966875,2.623263888888889,0.39999999999999997,12,2304,6,0,24,0
522,base600,regcap,1,0.9240347948966875,2.625,0.39999999999999997,12,2304,6,0,24,0
523,base600,regcap,1,0.9218282298414139,2.6215277777777777,0.39999999999999997,12,2304,6,0,24,0
524,base600,regcap,1,0.9196085680245395,2.6180555555555554,0.39999999999999997,12,2304,6,0,24,0
525,base600,regcap,1,0.9165335679376846,2.6215277777777777,0.39999999999999997,12,2304,6,0,24,0
526,base600,regcap,1,0.9159278186802351,2.6215277777777777,0.39999999999999997,12,2304,6,0,24,0
527,base600,regcap,1,0.9153268442520099,2.6215277777777777,0.39999999999999997,12,2304,6,0,24,0
528,base600,regcap,1,0.9072828854309006,2.6128472222222223,0.39999999999999997,12,2304,5,1,23,1
529,base600,regcap,1,0.9066624132910098,2.611111111111111,0.39999999999999997,12,2304,5,0,24,0
530,base600,regcap,1,0.909561168136348,2.6128472222222223,0.39999999999999997,12,2304,5,0,24,0
531,base600,regcap,1,0.9058252985135841,2.6059027777777777,0.39999999999999997,12,2304,5,0,24,0
532,base600,regcap,1,0.898281195711934,2.5885416666666665,0.39999999999999997,11,2304,5,0,22,0
533,base600,regcap,1,0.8956005860377916,2.578125,0.39999999999999997,11,2304,5,0,22,0
534,base600,regcap,1,0.8937812949833832,2.5694444444444446,0.39999999999999997,11,2304,5,0,22,0
535,base600,regcap,1,0.9033470627346519,2.576388888888889,0.39999999999999997,11,2304,6,0,22,0
536,base600,regcap,1,0.9009938430627602,2.5729166666666665,0.39999999999999997,11,2304,6,0,22,0
537,base600,regcap,1,0.8929759577725106,2.5659722222222223,0.39999999999999997,11,2304,6,0,22,0
538,base600,regcap,1,0.8905478298885101,2.5625,0.39999999999999997,11,2304,6,0,22,0
539,base600,regcap,1,0.8905478298885101,2.5711805555555554,0.39999999999999997,11,2304,6,0,22,0
540,base600,regcap,1,0.8909820180794383,2.560763888888889,0.39999999999999997,11,2304,6,0,22,0
541,base600,regcap,1,0.8787965667509324,2.5520833333333335,0.39999999999999997,11,2304,5,1,21,1
542,base600,regcap,1,0.8826836712927646,2.564236111111111,0.39999999999999997,11,2304,5,0,22,0
543,base600,regcap,1,0.8791812272940681,2.5503472222222223,0.39999999999999997,11,2304,5,0,22,0
544,base600,regcap,1,0.8791812272940681,2.548611111111111,0.39999999999999997,11,2304,5,0,22,0
545,base600,regcap,1,0.8821453863234255,2.560763888888889,0.39999999999999997,11,2304,5,0,22,0
546,base600,regcap,1,0.8855903776172127,2.5625,0.39999999999999997,11,2304,5,0,22,0
547,base600,regcap,1,0.8859752781960619,2.5694444444444446,0.39999999999999997,11,2304,5,0,22,0
548,base600,regcap,1,0.8807310649993892,2.5625,0.39999999999999997,10,2304,5,0,20,0
549,base600,regcap,1,0.8849239881997415,2.5677083333333335,0.39999999999999997,10,2304,5,1,19,1
550,base600,regcap,1,0.8814598454984494,2.5572916666666665,0.39999999999999997,10,2304,5,0,20,0
551,base600,regcap,1,0.8756504384115869,2.545138888888889,0.39999999999999997,10,2304,5,0,20,0
552,base600,regcap,1,0.8730689381039719,2.5381944444444446,0.39999999999999997,10,2304,5,0,20,0
553,base600,regcap,1,0.8707509579622567,2.5347222222222223,0.39999999999999997,10,2304,5,0,20,0
554,base600,regcap,1,0.866094615566274,2.53125,0.39999999999999997,10,2304,5,0,20,0
555,base600,regcap,1,0.8667501020487683,2.5277777777777777,0.39999999999999997,10,2304,5,0,20,0
556,base600,regcap,1,0.8667501020487683,2.5277777777777777,0.39999999999999997,9,2304,5,0,18,0
557,base600,regcap,1,0.8724384206728222,2.5364583333333335,0.39999999999999997,10,2304,6,0,20,0
558,base600,regcap,1,0.8714419412020755,2.5399305555555554,0.39999999999999997,10,2304,6,0,20,0
559,base600,regcap,1,0.8724384206728222,2.5434027777777777,0.39999999999999997,10,2304,6,0,20,0
560,base600,regcap,1,0.8662753928821347,2.5190972222222223,0.39999999999999997,10,2304,6,0,20,0
561,base600,regcap,1,0.8662753928821347,2.5190972222222223,0.39999999999999997,10,2304,6,0,20,0
562,base600,regcap,1,0.8646016620004185,2.5121527777777777,0.39999999999999997,10,2304,6,0,20,0
563,base600,regcap,1,0.8646016620004185,2.515625,0.39999999999999997,10,2304,6,0,20,0
564,base600,regcap,1,0.8646016620004185,2.515625,0.39999999999999997,10,2304,6,0,20,0
565,base600,regcap,1,0.8646016620004185,2.5225694444444446,0.39999999999999997,10,2304,6,0,20,0
566,base600,regcap,1,0.8625821077815139,2.5243055555555554,0.39999999999999997,10,2304,6,0,20,0
567,base600,regcap,1,0.8625821077815139,2.5260416666666665,0.39999999999999997,10,2304,6,0,20,0
568,base600,regcap,1,0.8642594126488854,2.5364583333333335,0.39999999999999997,10,2304,6,0,20,0
569,base600,regcap,1,0.8652719311804515,2.5416666666666665,0.39999999999999997,10,2304,6,0,20,0
570,base600,regcap,1,0.8625821077815139,2.5347222222222223,0.39999999999999997,10,2304,6,0,20,0
571,base600,regcap,1,0.8695737679222431,2.546875,0.39999999999999997,10,2304,6,0,20,0
572,base600,regcap,1,0.8699537297276914,2.5520833333333335,0.39999999999999997,10,2304,6,0,20,0
573,base600,regcap,1,0.8632968787024325,2.546875,0.39999999999999997,10,2304,6,0,20,0
574,base600,regcap,1,0.8616476304751488,2.5364583333333335,0.39999999999999997,11,2304,6,0,22,0
575,base600,regcap,1,0.8626557698278686,2.5364583333333335,0.39999999999999997,11,2304,6,0,22,0
576,base600,regcap,1,0.8646452074391252,2.532986111111111,0.39999999999999997,11,2304,6,0,22,0
577,base600,regcap,1,0.8586195182757638,2.532986111111111,0.39999999999999997,10,2304,6,0,20,0
578,base600,regcap,1,0.8619929615789887,2.5347222222222223,0.39999999999999997,10,2304,6,0,20,0
579,base600,regcap,1,0.8619929615789887,2.5381944444444446,0.39999999999999997,11,2304,6,0,22,0
580,base600,regcap,1,0.8603838244885454,2.532986111111111,0.39999999999999997,11,2304,6,0,22,0
581,base600,regcap,1,0.8573238116973838,2.513888888888889,0.39999999999999997,11,2304,6,0,22,0
582,base600,regcap,1,0.8593729144707777,2.5190972222222223,0.39999999999999997,11,2304,6,0,22,0
583,base600,regcap,1,0.8610386193454299,2.5225694444444446,0.39999999999999997,10,2304,6,0,20,0
584,base600,regcap,1,0.8583529386746175,2.5208333333333335,0.39999999999999997,10,2304,6,0,20,0
585,base600,regcap,1,0.8583529386746175,2.529513888888889,0.39999999999999997,10,2304,6,0,20,0
586,base600,regcap,1,0.8600204315592374,2.5416666666666665,0.39999999999999997,10,2304,6,0,20,0
587,base600,regcap,1,0.862283050023027,2.5520833333333335,0.39999999999999997,10,2304,6,0,20,0
588,base600,regcap,1,0.8639041142933859,2.560763888888889,0.39999999999999997,10,2304,6,0,20,0
589,base600,regcap,1,0.8628728783705374,2.5503472222222223,0.39999999999999997,10,2304,6,0,20,0
590,base600,regcap,1,0.8644800015124166,2.5555555555555554,0.39999999999999997,10,2304,6,0,20,0
591,base600,regcap,1,0.8632930256225403,2.5694444444444446,0.39999999999999997,10,2304,6,0,20,0
592,base600,regcap,1,0.8612353026777345,2.5659722222222223,0.39999999999999997,10,2304,6,0,20,0
593,base600,regcap,1,0.8617769463418997,2.5590277777777777,0.39999999999999997,10,2304,6,0,20,0
594,base600,regcap,1,0.864385453716979,2.5694444444444446,0.39999999999999997,10,2304,6,0,20,0
595,base600,regcap,1,0.8617769463418997,2.564236111111111,0.39999999999999997,10,2304,6,0,20,0
596,base600,regcap,1,0.8643398392611378,2.5625,0.39999999999999997,10,2304,6,0,20,0
597,base600,regcap,1,0.8687014125728402,2.5815972222222223,0.39999999999999997,10,2304,6,0,20,0
598,base600,regcap,1,0.869108273732599,2.5815972222222223,0.39999999999999997,9,2304,6,0,18,0
599,base600,regcap,1,0.8705693039857626,2.5815972222222223,0.39999999999999997,8,2304,6,0,16,0
600,base600,regcap,1,0.8720166673347873,2.5885416666666665,0.39999999999999997,8,2304,6,0,16,0
1,base600,regcap,2,-0.0,1.0,0.7521856066669443,0,576,1,0,0,0
2,base600,regcap,2,0.10144178848581746,1.1059027777777777,0.7435338212153758,9,594,6,0,0,0
3,base600,regcap,2,0.18163527381117295,1.2083333333333333,0.734858769899334,9,612,7,0,0,0
4,base600,regcap,2,0.2479365060266892,1.3107638888888888,0.7261823901190978,9,630,7,0,0,0
5,base600,regcap,2,0.2861628489435952,1.3663194444444444,0.717489650915554,9,648,7,0,0,0
6,base600,regcap,2,0.334025169799497,1.4305555555555556,0.7087897874101345,9,666,8,0,0,0
7,base600,regcap,2,0.3948969980094506,1.5243055555555556,0.7000886436922399,9,684,8,0,0,0
8,base600,regcap,2,0.43840600392364937,1.5763888888888888,0.6913553581405616,8,700,8,0,0,0
9,base600,regcap,2,0.47145027237567716,1.609375,0.6826096940804349,8,715,8,0,1,0
10,base600,regcap,2,0.5062342537685148,1.6666666666666667,0.6738602927319111,8,728,8,0,3,0
11,base600,regcap,2,0.5366960905439024,1.7239583333333333,0.6651136187186764,8,742,8,0,2,0
12,base600,regcap,2,0.5689555275337955,1.78125,0.6563612871095591,8,755,8,0,3,0
13,base600,regcap,2,0.594626415885297,1.8072916666666667,0.6476065681780125,8,770,8,0,1,0
14,base600,regcap,2,0.6275534316324403,1.8680555555555556,0.6388462198320993,8,783,8,0,3,0
15,base600,regcap,2,0.6473153713167549,1.8975694444444444,0.6300792588876674,8,798,8,0,1,0
16,base600,regcap,2,0.6644779297580411,1.9131944444444444,0.6213056080203639,8,810,8,0,4,0
17,base600,regcap,2,0.6750554491998588,1.9270833333333333,0.6125319194317012,8,823,8,0,3,0
18,base600,regcap,2,0.6896533402779618,1.9513888888888888,0.6037686157648857,9,836,8,0,5,0
19,base600,regcap,2,0.7191875072586337,2.015625,0.5950023743072711,10,854,8,0,2,0
20,base600,regcap,2,0.7468088675102355,2.060763888888889,0.5862439039489447,10,871,9,0,3,0
21,base600,regcap,2,0.7673323699107508,2.1197916666666665,0.5775178286012517,10,888,9,0,3,0
22,base600,regcap,2,0.7869649549715896,2.1753472222222223,0.568853173940681,10,906,9,0,2,0
23,base600,regcap,2,0.8046923852409215,2.234375,0.5602914575320748,10,923,9,0,3,0
24,base600,regcap,2,0.8201330224995662,2.2604166666666665,0.5518590854576519,10,940,9,0,3,0
25,base600,regcap,2,0.8337265328105368,2.279513888888889,0.5436012094993865,10,957,9,0,3,0
26,base600,regcap,2,0.8491673652744601,2.3020833333333335,0.5355313177837644,9,972,9,0,3,0
27,base600,regcap,2,0.8591960104216673,2.310763888888889,0.5276856395014613,9,987,9,0,3,0
28,base600,regcap,2,0.8746039108621277,2.329861111111111,0.5201099749182101,9,1002,9,0,3,0
29,base600,regcap,2,0.8906363159023732,2.3541666666666665,0.5128151605753767,9,1018,9,0,2,0
30,base600,regcap,2,0.900803375931179,2.3802083333333335,0.5057713211755414,10,1032,9,0,6,0
31,base600,regcap,2,0.9189564907803279,2.4184027777777777,0.4989654765541246,10,1049,9,0,3,0
32,base600,regcap,2,0.9266488449696536,2.4479166666666665,0.4924088487498154,10,1065,9,0,4,0
33,base600,regcap,2,0.9398968879194001,2.484375,0.486089300532517,10,1082,9,0,3,0
34,base600,regcap,2,0.9525802980271039,2.5052083333333335,0.4800266214574487,10,1097,9,0,5,0
35,base600,regcap,2,0.9609416778371435,2.517361111111111,0.4741707224097762,10,1113,9,0,4,0
36,base600,regcap,2,0.9598664665679321,2.5277777777777777,0.46852709567600315,10,1127,9,0,6,0
37,base600,regcap,2,0.9668846334378102,2.548611111111111,0.4630531572766995,10,1142,9,0,5,0
38,base600,regcap,2,0.9713524354786194,2.5625,0.4577653262636174,10,1155,9,0,7,0
39,base600,regcap,2,0.9793140197531893,2.5902777777777777,0.4526495060573375,10,1171,9,0,4,0
40,base600,regcap,2,0.9886881078625774,2.6041666666666665,0.44772132098986905,10,1187,9,0,4,0
41,base600,regcap,2,0.9961647234659534,2.609375,0.44296246287225777,10,1201,9,0,6,0
42,base600,regcap,2,0.9961951630157986,2.607638888888889,0.4383996978210072,9,1212,9,0,7,0
43,base600,regcap,2,0.9997770977897232,2.607638888888889,0.434023476791814,9,1222,9,0,8,0
44,base600,regcap,2,1.0055059402452025,2.6284722222222223,0.42987626248106797,9,1234,9,0,6,0
45,base600,regcap,2,1.008518895964494,2.6354166666666665,0.4259222603518162,9,1244,9,0,8,0
46,base600,regcap,2,1.0141245770389062,2.6458333333333335,0.4222257284008613,9,1256,9,0,6,0
47,base600,regcap,2,1.0195836032560273,2.6649305555555554,0.4188017179865943,9,1271,9,0,3,0
48,base600,regcap,2,1.0251937933955197,2.6770833333333335,0.4156985846635199,9,1284,9,0,5,0
49,base600,regcap,2,1.036629905954802,2.6944444444444446,0.4128938775183551,8,1293,9,0,7,0
50,base600,regcap,2,1.0465334174640215,2.7135416666666665,0.41038025896955016,8,1304,9,0,5,0
51,base600,regcap,2,1.0478604909430915,2.717013888888889,0.4081395647817257,8,1310,9,0,10,0
52,base600,regcap,2,1.0513424568114942,2.7222222222222223,0.4061797380069436,8,1320,9,0,6,0
53,base600,regcap,2,1.0530855913492287,2.7274305555555554,0.4044898441876444,8,1329,9,0,7,0
54,base600,regcap,2,1.0539435834476003,2.7118055555555554,0.4030771954633005,8,1340,9,0,5,0
55,base600,regcap,2,1.0616110159225485,2.7239583333333335,0.401912574065201,8,1350,9,0,6,0
56,base600,regcap,2,1.0654481588732092,2.7395833333333335,0.40105771178247623,8,1356,9,0,10,0
57,base600,regcap,2,1.0662536026960343,2.7395833333333335,0.4004900386212103,8,1365,9,0,7,0
58,base600,regcap,2,1.0678391710577197,2.7395833333333335,0.40016343558090917,8,1373,9,0,8,0
59,base600,regcap,2,1.0745842986108856,2.7447916666666665,0.40001365109112874,8,1380,9,0,9,0
60,base600,regcap,2,1.0832649731054014,2.7552083333333335,0.39999999999999997,8,1388,9,0,8,0
61,base600,regcap,2,1.0877177588398599,2.767361111111111,0.39999999999999997,8,1396,9,0,8,0
62,base600,regcap,2,1.0906383495928837,2.7725694444444446,0.39999999999999997,8,1404,9,0,8,0
63,base600,regcap,2,1.0977419927850454,2.7881944444444446,0.39999999999999997,8,1417,9,0,3,0
64,base600,regcap,2,1.0941570857605198,2.7864583333333335,0.39999999999999997,8,1423,8,1,9,1
65,base600,regcap,2,1.0992551012864356,2.8038194444444446,0.39999999999999997,8,1430,8,0,9,0
66,base600,regcap,2,1.1060467055686953,2.814236111111111,0.39999999999999997,9,1442,8,0,6,0
67,base600,regcap,2,1.110743344490911,2.826388888888889,0.39999999999999997,9,1449,8,0,11,0
68,base600,regcap,2,1.1177317219629372,2.8333333333333335,0.39999999999999997,10,1462,8,0,7,0
69,base600,regcap,2,1.1252095223109468,2.8524305555555554,0.39999999999999997,11,1474,8,0,10,0
70,base600,regcap,2,1.12697024534834,2.8541666666666665,0.39999999999999997,11,1489,8,0,7,0
71,base600,regcap,2,1.1294360232285443,2.8559027777777777,0.39999999999999997,11,1502,8,0,9,0
72,base600,regcap,2,1.1371551111004752,2.8854166666666665,0.39999999999999997,11,1518,8,0,6,0
73,base600,regcap,2,1.139685281884433,2.888888888888889,0.39999999999999997,11,1529,8,0,11,0
74,base600,regcap,2,1.150670506189962,2.9166666666666665,0.39999999999999997,11,1535,8,0,16,0
75,base600,regcap,2,1.1528819191820041,2.920138888888889,0.39999999999999997,11,1550,8,0,7,0
76,base600,regcap,2,1.161764656859993,2.9305555555555554,0.39999999999999997,11,1558,8,0,14,0
77,base600,regcap,2,1.1751523306343448,2.9427083333333335,0.39999999999999997,11,1575,9,0,5,0
78,base600,regcap,2,1.1842111771791601,2.9583333333333335,0.39999999999999997,11,1583,9,0,14,0
79,base600,regcap,2,1.1832026866166803,2.953125,0.39999999999999997,11,1591,9,0,14,0
80,base600,regcap,2,1.1830834935127108,2.9565972222222223,0.39999999999999997,11,1600,9,0,13,0
81,base600,regcap,2,1.1798811555202318,2.9270833333333335,0.39999999999999997,11,1604,9,0,18,0
82,base600,regcap,2,1.180242957794756,2.9270833333333335,0.39999999999999997,11,1611,9,0,15,0
83,base600,regcap,2,1.187898587404327,2.9375,0.39999999999999997,10,1619,9,0,12,0
84,base600,regcap,2,1.197841056976029,2.9583333333333335,0.39999999999999997,10,1631,9,0,8,0
85,base600,regcap,2,1.2028184232385932,2.96875,0.39999999999999997,10,1642,9,0,9,0
86,base600,regcap,2,1.2075315263984605,2.9809027777777777,0.39999999999999997,10,1651,9,0,11,0
87,base600,regcap,2,1.206330316021885,2.984375,0.39999999999999997,10,1658,9,0,13,0
88,base600,regcap,2,1.2071944150765717,2.9913194444444446,0.39999999999999997,10,1668,9,0,10,0
89,base600,regcap,2,1.2100209701093136,2.9913194444444446,0.39999999999999997,10,1675,9,0,13,0
90,base600,regcap,2,1.2103581091555904,2.9947916666666665,0.39999999999999997,10,1678,9,0,17,0
91,base600,regcap,2,1.2190177301398506,3.0086805555555554,0.39999999999999997,10,1688,9,0,10,0
92,base600,regcap,2,1.2154993037597968,2.9878472222222223,0.39999999999999997,10,1696,9,0,12,0
93,base600,regcap,2,1.2164874884568129,2.9878472222222223,0.39999999999999997,10,1702,9,0,14,0
94,base600,regcap,2,1.2213042439748032,2.9930555555555554,0.39999999999999997,10,1708,9,0,14,0
95,base600,regcap,2,1.2190333008750933,2.9913194444444446,0.39999999999999997,10,1714,9,0,14,0
96,base600,regcap,2,1.2148674369061734,2.984375,0.39999999999999997,10,1724,9,0,10,0
97,base600,regcap,2,1.21811889314408,2.9895833333333335,0.39999999999999997,10,1734,9,0,10,0
98,base600,regcap,2,1.2206929092836887,3.001736111111111,0.39999999999999997,10,1738,9,0,16,0
99,base600,regcap,2,1.221069983430157,3.001736111111111,0.39999999999999997,10,1752,9,0,6,0
100,base600,regcap,2,1.221763078662028,2.998263888888889,0.39999999999999997,10,1761,9,0,11,0
101,base600,regcap,2,1.2228226823814219,2.998263888888889,0.39999999999999997,10,1769,9,0,12,0
102,base600,regcap,2,1.231305888180398,3.0277777777777777,0.39999999999999997,10,1775,9,0,14,0
103,base600,regcap,2,1.2314335307190782,3.013888888888889,0.39999999999999997,10,1777,9,0,18,0
104,base600,regcap,2,1.2337321837571606,3.017361111111111,0.39999999999999997,10,1782,9,0,15,0
105,base600,regcap,2,1.2350938099987046,3.0225694444444446,0.39999999999999997,10,1791,9,0,11,0
106,base600,regcap,2,1.2375483538983363,3.032986111111111,0.39999999999999997,10,1797,9,0,14,0
107,base600,regcap,2,1.2375483538983363,3.03125,0.39999999999999997,10,1800,9,0,17,0
108,base600,regcap,2,1.2364083678292768,3.0260416666666665,0.39999999999999997,10,1806,9,0,14,0
109,base600,regcap,2,1.2393276158611732,3.032986111111111,0.39999999999999997,10,1814,9,0,12,0
110,base600,regcap,2,1.2404129128257533,3.060763888888889,0.39999999999999997,10,1820,9,0,14,0
111,base600,regcap,2,1.2401452439928127,3.0677083333333335,0.39999999999999997,10,1826,9,0,14,0
112,base600,regcap,2,1.243884245016849,3.0729166666666665,0.39999999999999997,9,1835,9,0,9,0
113,base600,regcap,2,1.2427317026488334,3.0677083333333335,0.39999999999999997,9,1842,9,0,11,0
114,base600,regcap,2,1.2476215464859435,3.076388888888889,0.39999999999999997,9,1853,9,0,7,0
115,base600,regcap,2,1.2563265567101871,3.0850694444444446,0.39999999999999997,9,1859,9,0,12,0
116,base600,regcap,2,1.2585076421591073,3.0902777777777777,0.39999999999999997,9,1871,9,0,6,0
117,base600,regcap,2,1.2592493959081492,3.0902777777777777,0.39999999999999997,9,1876,9,0,13,0
118,base600,regcap,2,1.2593171161917462,3.0902777777777777,0.39999999999999997,8,1883,9,0,9,0
119,base600,regcap,2,1.2593464349996115,3.09375,0.39999999999999997,8,1889,9,0,10,0
120,base600,regcap,2,1.2594754324243125,3.1041666666666665,0.39999999999999997,8,1897,9,0,8,0
121,base600,regcap,2,1.2622249626913047,3.109375,0.39999999999999997,8,1903,9,0,10,0
122,base600,regcap,2,1.2651490712673281,3.1059027777777777,0.39999999999999997,8,1906,9,0,13,0
123,base600,regcap,2,1.261824244195179,3.09375,0.39999999999999997,8,1906,9,0,16,0
124,base600,regcap,2,1.26148176902664,3.0972222222222223,0.39999999999999997,7,1909,9,0,11,0
125,base600,regcap,2,1.2621708876764883,3.0972222222222223,0.39999999999999997,7,1913,9,0,10,0
126,base600,regcap,2,1.2651771919732475,3.0989583333333335,0.39999999999999997,7,1920,9,0,7,0
127,base600,regcap,2,1.2659789690910292,3.1024305555555554,0.39999999999999997,7,1922,9,0,12,0
128,base600,regcap,2,1.2647704629714038,3.1006944444444446,0.39999999999999997,7,1925,9,0,11,0
129,base600,regcap,2,1.2654395070555375,3.109375,0.39999999999999997,7,1932,9,0,7,0
130,base600,regcap,2,1.2634282266684131,3.1024305555555554,0.39999999999999997,7,1937,9,0,9,0
131,base600,regcap,2,1.263435312823929,3.1024305555555554,0.39999999999999997,7,1940,9,0,11,0
132,base600,regcap,2,1.2636140931240953,3.095486111111111,0.39999999999999997,7,1944,9,0,10,0
133,base600,regcap,2,1.2656596551992576,3.095486111111111,0.39999999999999997,7,1945,9,0,13,0
134,base600,regcap,2,1.2650848930425136,3.092013888888889,0.39999999999999997,7,1946,9,0,13,0
135,base600,regcap,2,1.2630085976225092,3.0868055555555554,0.39999999999999997,7,1949,9,0,11,0
136,base600,regcap,2,1.2637154886374637,3.0850694444444446,0.39999999999999997,7,1954,9,0,9,0
137,base600,regcap,2,1.2637154886374637,3.0850694444444446,0.39999999999999997,7,1956,9,0,12,0
138,base600,regcap,2,1.2665097258991764,3.0850694444444446,0.39999999999999997,7,1956,9,0,14,0
139,base600,regcap,2,1.2699178465941887,3.0902777777777777,0.39999999999999997,7,1958,9,0,12,0
140,base600,regcap,2,1.2684937652613977,3.0885416666666665,0.39999999999999997,7,1961,9,0,11,0
141,base600,regcap,2,1.2668759542163712,3.076388888888889,0.39999999999999997,7,1969,9,0,6,0
142,base600,regcap,2,1.2611665803439667,3.0729166666666665,0.39999999999999997,7,1969,9,0,14,0
143,base600,regcap,2,1.2632797239852434,3.0885416666666665,0.39999999999999997,7,1971,9,0,12,0
144,base600,regcap,2,1.2667711140581321,3.09375,0.39999999999999997,7,1973,9,0,12,0
145,base600,regcap,2,1.2674481233931827,3.09375,0.39999999999999997,7,1973,9,0,14,0
146,base600,regcap,2,1.2700979909814154,3.1024305555555554,0.39999999999999997,7,1977,9,0,10,0
147,base600,regcap,2,1.272826218316532,3.1024305555555554,0.39999999999999997,8,1979,9,0,14,0
148,base600,regcap,2,1.2747851124235123,3.107638888888889,0.39999999999999997,8,1986,9,0,9,0
149,base600,regcap,2,1.2747851124235123,3.107638888888889,0.39999999999999997,8,1996,9,0,6,0
150,base600,regcap,2,1.275393518791353,3.1059027777777777,0.39999999999999997,8,2002,9,0,10,0
151,base600,regcap,2,1.2739768286394237,3.095486111111111,0.39999999999999997,8,2007,9,0,11,0
152,base600,regcap,2,1.27659235755155,3.0989583333333335,0.39999999999999997,8,2012,9,0,11,0
153,base600,regcap,2,1.274496457918397,3.0868055555555554,0.39999999999999997,8,2013,9,0,15,0
154,base600,regcap,2,1.2718346131633267,3.0833333333333335,0.39999999999999997,8,2014,9,0,15,0
155,base600,regcap,2,1.2691165431124702,3.078125,0.39999999999999997,8,2017,9,0,13,0
156,base600,regcap,2,1.2704999731633788,3.0729166666666665,0.39999999999999997,8,2021,9,0,12,0
157,base600,regcap,2,1.2704999731633788,3.0729166666666665,0.39999999999999997,8,2022,9,0,15,0
158,base600,regcap,2,1.275750082426953,3.0868055555555554,0.39999999999999997,8,2028,9,0,10,0
159,base600,regcap,2,1.2790761992768993,3.095486111111111,0.39999999999999997,8,2030,9,0,14,0
160,base600,regcap,2,1.280986595889292,3.1041666666666665,0.39999999999999997,8,2034,9,0,12,0
161,base600,regcap,2,1.2847767727850201,3.1163194444444446,0.39999999999999997,8,2037,9,0,13,0
162,base600,regcap,2,1.2834092477862717,3.107638888888889,0.39999999999999997,7,2039,9,0,12,0
163,base600,regcap,2,1.2810695443969977,3.1024305555555554,0.39999999999999997,6,2040,9,0,11,0
164,base600,regcap,2,1.2796364016226431,3.1024305555555554,0.39999999999999997,6,2041,9,0,11,0
165,base600,regcap,2,1.2754417737580062,3.0902777777777777,0.39999999999999997,6,2042,9,0,11,0
166,base600,regcap,2,1.2762028962722956,3.079861111111111,0.39999999999999997,6,2044,9,0,10,0
167,base600,regcap,2,1.2769659082111668,3.076388888888889,0.39999999999999997,6,2045,9,0,11,0
168,base600,regcap,2,1.2761157211286982,3.0694444444444446,0.39999999999999997,6,2048,9,0,9,0
169,base600,regcap,2,1.2767806258624452,3.076388888888889,0.39999999999999997,6,2049,9,0,11,0
170,base600,regcap,2,1.2796342371957128,3.079861111111111,0.39999999999999997,6,2049,9,0,12,0
171,base600,regcap,2,1.2813973981129798,3.0850694444444446,0.39999999999999997,6,2056,9,0,5,0
172,base600,regcap,2,1.2841106888971647,3.0972222222222223,0.39999999999999997,6,2056,9,0,12,0
173,base600,regcap,2,1.2847774477778915,3.1006944444444446,0.39999999999999997,6,2058,9,0,10,0
174,base600,regcap,2,1.28022114332362,3.09375,0.39999999999999997,5,2058,9,0,10,0
175,base600,regcap,2,1.2827962726764044,3.1006944444444446,0.39999999999999997,5,2061,9,0,7,0
176,base600,regcap,2,1.290524823590861,3.1145833333333335,0.39999999999999997,6,2064,10,0,9,0
177,base600,regcap,2,1.2929220656891616,3.1163194444444446,0.39999999999999997,6,2068,10,0,8,0
178,base600,regcap,2,1.2909399841197073,3.1163194444444446,0.39999999999999997,6,2068,10,0,12,0
179,base600,regcap,2,1.2928167245200461,3.1180555555555554,0.39999999999999997,6,2072,10,0,8,0
180,base600,regcap,2,1.2929220656891616,3.111111111111111,0.39999999999999997,6,2075,10,0,9,0
181,base600,regcap,2,1.2929220656891616,3.111111111111111,0.39999999999999997,6,2075,10,0,12,0
182,base600,regcap,2,1.2935896340727921,3.111111111111111,0.39999999999999997,6,2076,10,0,11,0
183,base600,regcap,2,1.2954075631103035,3.109375,0.39999999999999997,6,2079,10,0,9,0
184,base600,regcap,2,1.2954075631103035,3.109375,0.39999999999999997,6,2079,10,0,12,0
185,base600,regcap,2,1.2960736539224433,3.109375,0.39999999999999997,6,2081,10,0,10,0
186,base600,regcap,2,1.298730361489918,3.1059027777777777,0.39999999999999997,7,2083,10,0,12,0
187,base600,regcap,2,1.3004149085234682,3.107638888888889,0.39999999999999997,7,2086,10,0,11,0
188,base600,regcap,2,1.3066906208579476,3.1041666666666665,0.39999999999999997,7,2087,10,0,13,0
189,base600,regcap,2,1.3106222828223768,3.1145833333333335,0.39999999999999997,7,2089,10,0,12,0
190,base600,regcap,2,1.3179323587893976,3.1197916666666665,0.39999999999999997,7,2091,10,0,12,0
191,base600,regcap,2,1.3179323587893976,3.123263888888889,0.39999999999999997,7,2092,10,0,13,0
192,base600,regcap,2,1.3177695196499215,3.123263888888889,0.39999999999999997,7,2097,10,0,9,0
193,base600,regcap,2,1.3199782739205772,3.1371527777777777,0.39999999999999997,7,2099,10,0,12,0
194,base600,regcap,2,1.3178568279878053,3.1336805555555554,0.39999999999999997,8,2101,10,0,14,0
195,base600,regcap,2,1.3186960385864224,3.1336805555555554,0.39999999999999997,8,2103,10,0,14,0
196,base600,regcap,2,1.3178717858488158,3.1284722222222223,0.39999999999999997,8,2106,10,0,13,0
197,base600,regcap,2,1.3122531365140542,3.1145833333333335,0.39999999999999997,8,2107,10,0,15,0
198,base600,regcap,2,1.3122531365140542,3.1145833333333335,0.39999999999999997,9,2110,10,0,15,0
199,base600,regcap,2,1.3100206443352875,3.107638888888889,0.39999999999999997,9,2117,10,0,11,0
200,base600,regcap,2,1.3075532908956464,3.1024305555555554,0.39999999999999997,9,2120,10,0,15,0
201,base600,regcap,2,1.3060970295386305,3.0972222222222223,0.39999999999999997,9,2122,10,0,16,0
202,base600,regcap,2,1.3054567440289744,3.095486111111111,0.39999999999999997,10,2124,10,0,18,0
203,base600,regcap,2,1.301898282260638,3.0833333333333335,0.39999999999999997,10,2124,10,0,20,0
204,base600,regcap,2,1.3029497589519556,3.09375,0.39999999999999997,10,2125,10,0,19,0
205,base600,regcap,2,1.3008870895054554,3.0868055555555554,0.39999999999999997,10,2128,10,0,17,0
206,base600,regcap,2,1.295344497888339,3.078125,0.39999999999999997,10,2129,10,0,19,0
207,base600,regcap,2,1.2986349498972711,3.0902777777777777,0.39999999999999997,11,2132,10,0,19,0
208,base600,regcap,2,1.3001863335581414,3.1006944444444446,0.39999999999999997,11,2141,10,0,13,0
209,base600,regcap,2,1.3027633173766135,3.107638888888889,0.39999999999999997,11,2143,10,0,20,0
210,base600,regcap,2,1.301991023204306,3.111111111111111,0.39999999999999997,10,2144,10,0,19,0
211,base600,regcap,2,1.300980886211455,3.1145833333333335,0.39999999999999997,10,2148,10,0,16,0
212,base600,regcap,2,1.2972164352879423,3.111111111111111,0.39999999999999997,9,2150,10,0,16,0
213,base600,regcap,2,1.2963674611827452,3.111111111111111,0.39999999999999997,8,2153,10,0,13,0
214,base600,regcap,2,1.2923717924696658,3.0850694444444446,0.39999999999999997,8,2154,10,0,15,0
215,base600,regcap,2,1.2930138654563927,3.0850694444444446,0.39999999999999997,8,2154,10,0,16,0
216,base600,regcap,2,1.288608386254458,3.076388888888889,0.39999999999999997,8,2155,10,0,15,0
217,base600,regcap,2,1.2862064655410588,3.076388888888889,0.39999999999999997,8,2156,10,0,15,0
218,base600,regcap,2,1.2853599783880354,3.0815972222222223,0.39999999999999997,8,2157,10,0,15,0
219,base600,regcap,2,1.2795690452629878,3.0659722222222223,0.39999999999999997,8,2158,10,0,15,0
220,base600,regcap,2,1.2750316885719952,3.048611111111111,0.39999999999999997,9,2158,10,0,18,0
221,base600,regcap,2,1.267947879676776,3.032986111111111,0.39999999999999997,9,2160,10,0,16,0
222,base600,regcap,2,1.2664589215324222,3.032986111111111,0.39999999999999997,9,2164,10,0,14,0
223,base600,regcap,2,1.261841570762509,3.0225694444444446,0.39999999999999997,9,2165,10,0,17,0
224,base600,regcap,2,1.2645051286286968,3.032986111111111,0.39999999999999997,9,2167,10,0,16,0
225,base600,regcap,2,1.2639537898922988,3.0260416666666665,0.39999999999999997,9,2168,10,0,17,0
226,base600,regcap,2,1.260564137252887,3.0190972222222223,0.39999999999999997,9,2169,10,0,17,0
227,base600,regcap,2,1.2535450205280043,2.998263888888889,0.39999999999999997,9,2169,10,0,18,0
228,base600,regcap,2,1.2525083347506378,3.0,0.39999999999999997,9,2170,10,0,17,0
229,base600,regcap,2,1.2494153187578176,2.9947916666666665,0.39999999999999997,8,2172,10,0,14,0
230,base600,regcap,2,1.2511552002903839,3.0,0.39999999999999997,8,2176,10,0,12,0
231,base600,regcap,2,1.2460230149112048,2.9878472222222223,0.39999999999999997,8,2177,10,0,15,0
232,base600,regcap,2,1.2399188272995967,2.9756944444444446,0.39999999999999997,8,2177,10,0,16,0
233,base600,regcap,2,1.246009593733753,2.9791666666666665,0.39999999999999997,9,2181,10,0,14,0
234,base600,regcap,2,1.2447089666372508,2.9722222222222223,0.39999999999999997,9,2184,10,0,15,0
235,base600,regcap,2,1.2450834357967866,2.9756944444444446,0.39999999999999997,9,2185,10,0,17,0
236,base600,regcap,2,1.238299772853591,2.9479166666666665,0.39999999999999997,9,2185,10,0,18,0
237,base600,regcap,2,1.2363360206449283,2.9479166666666665,0.39999999999999997,9,2185,10,0,18,0
238,base600,regcap,2,1.2289842803134057,2.9322916666666665,0.39999999999999997,9,2187,10,0,16,0
239,base600,regcap,2,1.2317057603883017,2.9340277777777777,0.39999999999999997,9,2188,10,0,17,0
240,base600,regcap,2,1.2287051082250684,2.935763888888889,0.39999999999999997,9,2189,10,0,17,0
241,base600,regcap,2,1.2243689665766149,2.920138888888889,0.39999999999999997,9,2195,10,0,12,0
242,base600,regcap,2,1.2267788121753789,2.9288194444444446,0.39999999999999997,9,2199,10,0,14,0
243,base600,regcap,2,1.2205669603885398,2.907986111111111,0.39999999999999997,9,2200,9,1,16,1
244,base600,regcap,2,1.2129314863130505,2.904513888888889,0.39999999999999997,9,2201,9,0,17,0
245,base600,regcap,2,1.20958437455701,2.888888888888889,0.39999999999999997,9,2201,9,0,18,0
246,base600,regcap,2,1.2084012058040492,2.888888888888889,0.39999999999999997,9,2202,9,0,17,0
247,base600,regcap,2,1.20900094123535,2.8958333333333335,0.39999999999999997,9,2202,9,0,18,0
248,base600,regcap,2,1.2084973983414389,2.892361111111111,0.39999999999999997,9,2203,9,0,17,0
249,base600,regcap,2,1.2101689050208788,2.8871527777777777,0.39999999999999997,9,2204,9,0,17,0
250,base600,regcap,2,1.2091427778676114,2.892361111111111,0.39999999999999997,9,2204,9,0,18,0
251,base600,regcap,2,1.2056297234425903,2.8975694444444446,0.39999999999999997,10,2206,9,0,18,0
252,base600,regcap,2,1.2086616218370012,2.9114583333333335,0.39999999999999997,10,2209,9,0,17,0
253,base600,regcap,2,1.2039015667161175,2.9010416666666665,0.39999999999999997,10,2210,9,0,19,0
254,base600,regcap,2,1.2027698035906835,2.892361111111111,0.39999999999999997,10,2211,9,0,19,0
255,base600,regcap,2,1.2045949924093076,2.9010416666666665,0.39999999999999997,10,2213,9,0,18,0
256,base600,regcap,2,1.2015616979212362,2.904513888888889,0.39999999999999997,10,2214,9,0,19,0
257,base600,regcap,2,1.2031597501773914,2.892361111111111,0.39999999999999997,10,2219,9,0,15,0
258,base600,regcap,2,1.20532107499009,2.890625,0.39999999999999997,10,2220,9,0,19,0
259,base600,regcap,2,1.2053436525166108,2.8940972222222223,0.39999999999999997,10,2223,9,0,17,0
260,base600,regcap,2,1.2084516853607314,2.888888888888889,0.39999999999999997,10,2224,9,0,19,0
261,base600,regcap,2,1.2039945542767752,2.876736111111111,0.39999999999999997,10,2227,9,0,17,0
262,base600,regcap,2,1.2076246862791287,2.8854166666666665,0.39999999999999997,10,2229,9,0,18,0
263,base600,regcap,2,1.2116544895883425,2.8975694444444446,0.39999999999999997,11,2231,9,0,20,0
264,base600,regcap,2,1.21113862517672,2.892361111111111,0.39999999999999997,11,2233,9,0,20,0
265,base600,regcap,2,1.2123058116239616,2.8993055555555554,0.39999999999999997,11,2235,9,0,20,0
266,base600,regcap,2,1.212690531725839,2.9131944444444446,0.39999999999999997,11,2237,9,0,20,0
267,base600,regcap,2,1.2116907137744823,2.90625,0.39999999999999997,11,2238,9,0,21,0
268,base600,regcap,2,1.2109671351639908,2.8993055555555554,0.39999999999999997,11,2240,9,0,20,0
269,base600,regcap,2,1.2098431818292616,2.8975694444444446,0.39999999999999997,11,2242,9,0,20,0
270,base600,regcap,2,1.2077166286529373,2.8871527777777777,0.39999999999999997,11,2242,9,0,22,0
271,base600,regcap,2,1.2044285421010568,2.873263888888889,0.39999999999999997,11,2243,9,0,21,0
272,base600,regcap,2,1.1982952454896258,2.859375,0.39999999999999997,11,2245,9,0,20,0
273,base600,regcap,2,1.1888154268163784,2.845486111111111,0.39999999999999997,11,2246,8,1,20,1
274,base600,regcap,2,1.1871807797004443,2.8350694444444446,0.39999999999999997,11,2248,8,0,20,0
275,base600,regcap,2,1.1872223059711835,2.8368055555555554,0.39999999999999997,11,2248,8,0,22,0
276,base600,regcap,2,1.1872223059711835,2.8368055555555554,0.39999999999999997,11,2248,8,0,22,0
277,base600,regcap,2,1.1907415317534409,2.859375,0.39999999999999997,11,2249,8,0,21,0
278,base600,regcap,2,1.1917204425915824,2.859375,0.39999999999999997,11,2250,8,0,21,0
279,base600,regcap,2,1.1914499671816097,2.8559027777777777,0.39999999999999997,11,2251,8,0,21,0
280,base600,regcap,2,1.1886608672073726,2.8315972222222223,0.39999999999999997,11,2251,8,0,22,0
281,base600,regcap,2,1.191445680608691,2.8385416666666665,0.39999999999999997,11,2252,8,0,21,0
282,base600,regcap,2,1.193016192939976,2.8385416666666665,0.39999999999999997,11,2252,8,0,22,0
283,base600,regcap,2,1.1915711931311261,2.8315972222222223,0.39999999999999997,11,2253,8,0,21,0
284,base600,regcap,2,1.1893198800715266,2.8368055555555554,0.39999999999999997,11,2253,8,0,22,0
285,base600,regcap,2,1.1934896206778165,2.8368055555555554,0.39999999999999997,11,2256,8,0,19,0
286,base600,regcap,2,1.1980806068383112,2.8333333333333335,0.39999999999999997,11,2258,8,0,20,0
287,base600,regcap,2,1.1983686275821392,2.8211805555555554,0.39999999999999997,11,2259,8,0,21,0
288,base600,regcap,2,1.1979749246420972,2.8333333333333335,0.39999999999999997,11,2263,8,0,18,0
289,base600,regcap,2,1.1981247355917122,2.8246527777777777,0.39999999999999997,11,2263,8,0,22,0
290,base600,regcap,2,1.196752789478256,2.8211805555555554,0.39999999999999997,11,2264,8,0,21,0
291,base600,regcap,2,1.1981247355917122,2.8177083333333335,0.39999999999999997,10,2264,8,0,20,0
292,base600,regcap,2,1.2021798667888859,2.828125,0.39999999999999997,10,2264,8,0,20,0
293,base600,regcap,2,1.2018891122560844,2.8368055555555554,0.39999999999999997,10,2264,8,0,20,0
294,base600,regcap,2,1.201593510383524,2.828125,0.39999999999999997,10,2265,8,0,19,0
295,base600,regcap,2,1.1993175000456138,2.826388888888889,0.39999999999999997,10,2265,8,0,20,0
296,base600,regcap,2,1.19698582691776,2.829861111111111,0.39999999999999997,10,2265,8,0,20,0
297,base600,regcap,2,1.1995914681844368,2.8385416666666665,0.39999999999999997,10,2266,8,0,19,0
298,base600,regcap,2,1.1977687763057465,2.8350694444444446,0.39999999999999997,10,2266,8,0,20,0
299,base600,regcap,2,1.1971271160909052,2.8350694444444446,0.39999999999999997,10,2266,8,0,20,0
300,base600,regcap,2,1.1954606967121255,2.8333333333333335,0.39999999999999997,10,2266,8,0,20,0
301,base600,regcap,2,1.1968285466669495,2.8333333333333335,0.39999999999999997,11,2266,8,0,22,0
302,base600,regcap,2,1.1956507715460771,2.8211805555555554,0.39999999999999997,11,2266,8,0,22,0
303,base600,regcap,2,1.1961072380326658,2.8055555555555554,0.39999999999999997,11,2266,8,0,22,0
304,base600,regcap,2,1.1942582211100312,2.8038194444444446,0.39999999999999997,12,2266,8,0,24,0
305,base600,regcap,2,1.1941885488652615,2.7934027777777777,0.39999999999999997,12,2268,8,0,22,0
306,base600,regcap,2,1.1936242378720843,2.795138888888889,0.39999999999999997,12,2269,8,0,23,0
307,base600,regcap,2,1.1926117275980646,2.779513888888889,0.39999999999999997,12,2270,8,0,23,0
308,base600,regcap,2,1.1927642356937025,2.779513888888889,0.39999999999999997,12,2271,8,0,23,0
309,base600,regcap,2,1.191580110172065,2.7760416666666665,0.39999999999999997,12,2272,8,0,23,0
310,base600,regcap,2,1.1899350804882318,2.767361111111111,0.39999999999999997,12,2274,8,0,22,0
311,base600,regcap,2,1.1890342114759105,2.763888888888889,0.39999999999999997,12,2274,8,0,24,0
312,base600,regcap,2,1.1852024215059587,2.7534722222222223,0.39999999999999997,12,2274,8,0,24,0
313,base600,regcap,2,1.193272947103484,2.765625,0.39999999999999997,12,2274,9,0,24,0
314,base600,regcap,2,1.1945079179834426,2.7586805555555554,0.39999999999999997,12,2274,9,0,24,0
315,base600,regcap,2,1.1936064831041053,2.7586805555555554,0.39999999999999997,12,2275,9,0,23,0
316,base600,regcap,2,1.197381356362313,2.7604166666666665,0.39999999999999997,12,2276,9,0,23,0
317,base600,regcap,2,1.1938004359881893,2.7413194444444446,0.39999999999999997,12,2276,9,0,24,0
318,base600,regcap,2,1.1942552228514205,2.7378472222222223,0.39999999999999997,12,2279,9,0,21,0
319,base600,regcap,2,1.194832581081867,2.7395833333333335,0.39999999999999997,12,2279,9,0,24,0
320,base600,regcap,2,1.1911837169467197,2.732638888888889,0.39999999999999997,12,2280,9,0,23,0
321,base600,regcap,2,1.1890937428410397,2.734375,0.39999999999999997,12,2280,9,0,24,0
322,base600,regcap,2,1.1915115125660012,2.7413194444444446,0.39999999999999997,13,2280,9,0,26,0
323,base600,regcap,2,1.1876755926863913,2.7395833333333335,0.39999999999999997,13,2281,9,0,25,0
324,base600,regcap,2,1.1858402149476064,2.7447916666666665,0.39999999999999997,13,2281,9,0,26,0
325,base600,regcap,2,1.1790974963400702,2.7274305555555554,0.39999999999999997,13,2281,9,0,26,0
326,base600,regcap,2,1.179227293127343,2.7291666666666665,0.39999999999999997,13,2281,9,0,26,0
327,base600,regcap,2,1.1818955896619112,2.720486111111111,0.39999999999999997,13,2281,9,0,26,0
328,base600,regcap,2,1.1768949840890062,2.704861111111111,0.39999999999999997,13,2284,9,0,23,0
329,base600,regcap,2,1.1793362321810235,2.703125,0.39999999999999997,13,2284,9,0,26,0
330,base600,regcap,2,1.183069118373253,2.7118055555555554,0.39999999999999997,12,2285,9,0,23,0
331,base600,regcap,2,1.1696766205895335,2.6788194444444446,0.39999999999999997,12,2285,9,0,24,0
332,base600,regcap,2,1.1674895913933425,2.6788194444444446,0.39999999999999997,12,2285,9,0,24,0
333,base600,regcap,2,1.1668817204809634,2.685763888888889,0.39999999999999997,12,2285,9,0,24,0
334,base600,regcap,2,1.1708550155153448,2.685763888888889,0.39999999999999997,12,2285,9,0,24,0
335,base600,regcap,2,1.1694813996877744,2.6788194444444446,0.39999999999999997,12,2285,9,0,24,0
336,base600,regcap,2,1.1687031189520103,2.673611111111111,0.39999999999999997,12,2285,9,0,24,0
337,base600,regcap,2,1.172553148895233,2.6805555555555554,0.39999999999999997,12,2285,9,0,24,0
338,base600,regcap,2,1.170150328390603,2.685763888888889,0.39999999999999997,11,2285,9,0,22,0
339,base600,regcap,2,1.1711788011499338,2.7083333333333335,0.39999999999999997,11,2286,9,0,21,0
340,base600,regcap,2,1.1721861588944542,2.7135416666666665,0.39999999999999997,11,2286,9,0,22,0
341,base600,regcap,2,1.1759138496418173,2.7135416666666665,0.39999999999999997,11,2286,9,0,22,0
342,base600,regcap,2,1.179085416035982,2.717013888888889,0.39999999999999997,10,2287,9,0,19,0
343,base600,regcap,2,1.1746757431087147,2.7152777777777777,0.39999999999999997,10,2288,9,0,19,0
344,base600,regcap,2,1.1763752478633491,2.71875,0.39999999999999997,10,2288,9,0,20,0
345,base600,regcap,2,1.1728954344213327,2.71875,0.39999999999999997,10,2288,9,0,20,0
346,base600,regcap,2,1.1729545735331035,2.7118055555555554,0.39999999999999997,9,2288,9,0,18,0
347,base600,regcap,2,1.1767863001630838,2.7239583333333335,0.39999999999999997,10,2288,9,0,20,0
348,base600,regcap,2,1.171302379742551,2.7118055555555554,0.39999999999999997,10,2289,8,1,18,1
349,base600,regcap,2,1.1717050216105622,2.7083333333333335,0.39999999999999997,10,2290,8,0,19,0
350,base600,regcap,2,1.1723468721180474,2.703125,0.39999999999999997,10,2290,8,0,20,0
351,base600,regcap,2,1.1753262293910476,2.689236111111111,0.39999999999999997,10,2291,8,0,19,0
352,base600,regcap,2,1.173197240239415,2.6805555555555554,0.39999999999999997,10,2292,8,0,19,0
353,base600,regcap,2,1.171065123836347,2.6909722222222223,0.39999999999999997,10,2292,8,0,20,0
354,base600,regcap,2,1.1703661628800621,2.6770833333333335,0.39999999999999997,10,2292,8,0,20,0
355,base600,regcap,2,1.1699565874972995,2.6753472222222223,0.39999999999999997,10,2292,8,0,20,0
356,base600,regcap,2,1.165662883774547,2.685763888888889,0.39999999999999997,10,2292,8,0,20,0
357,base600,regcap,2,1.167865331932497,2.6944444444444446,0.39999999999999997,10,2292,8,0,20,0
358,base600,regcap,2,1.1674574182680146,2.6996527777777777,0.39999999999999997,11,2292,8,0,22,0
359,base600,regcap,2,1.1674574182680146,2.6996527777777777,0.39999999999999997,12,2292,8,0,24,0
360,base600,regcap,2,1.1669891637918386,2.7118055555555554,0.39999999999999997,12,2292,8,0,24,0
361,base600,regcap,2,1.1680303082768237,2.7065972222222223,0.39999999999999997,12,2292,8,0,24,0
362,base600,regcap,2,1.1695068113966325,2.7065972222222223,0.39999999999999997,12,2292,8,0,24,0
363,base600,regcap,2,1.170549254014316,2.7118055555555554,0.39999999999999997,12,2292,8,0,24,0
364,base600,regcap,2,1.1681142760016086,2.685763888888889,0.39999999999999997,11,2292,8,0,22,0
365,base600,regcap,2,1.1691449605104458,2.6875,0.39999999999999997,11,2292,8,0,22,0
366,base600,regcap,2,1.1666144619446275,2.689236111111111,0.39999999999999997,11,2292,8,0,22,0
367,base600,regcap,2,1.16620361942117,2.689236111111111,0.39999999999999997,11,2292,8,0,22,0
368,base600,regcap,2,1.163127254076267,2.6840277777777777,0.39999999999999997,11,2292,8,0,22,0
369,base600,regcap,2,1.1602637700393315,2.6788194444444446,0.39999999999999997,11,2293,8,0,21,0
370,base600,regcap,2,1.1605672443302328,2.673611111111111,0.39999999999999997,11,2293,8,0,22,0
371,base600,regcap,2,1.1588033707219803,2.671875,0.39999999999999997,11,2293,8,0,22,0
372,base600,regcap,2,1.156562633401835,2.670138888888889,0.39999999999999997,11,2293,8,0,22,0
373,base600,regcap,2,1.1551242267479866,2.6666666666666665,0.39999999999999997,11,2294,8,0,21,0
374,base600,regcap,2,1.1554252033535053,2.6666666666666665,0.39999999999999997,11,2294,8,0,22,0
375,base600,regcap,2,1.1551863082165748,2.6614583333333335,0.39999999999999997,11,2296,8,0,20,0
376,base600,regcap,2,1.1537437041588703,2.6597222222222223,0.39999999999999997,11,2296,8,0,22,0
377,base600,regcap,2,1.1537855515013533,2.65625,0.39999999999999997,10,2296,8,0,20,0
378,base600,regcap,2,1.146292661738273,2.6458333333333335,0.39999999999999997,10,2296,8,0,20,0
379,base600,regcap,2,1.1444228355793324,2.6371527777777777,0.39999999999999997,11,2297,8,0,21,0
380,base600,regcap,2,1.1444228355793324,2.6371527777777777,0.39999999999999997,11,2297,8,0,22,0
381,base600,regcap,2,1.1432399016443247,2.623263888888889,0.39999999999999997,11,2297,8,0,22,0
382,base600,regcap,2,1.1420098948362662,2.6163194444444446,0.39999999999999997,11,2297,8,0,22,0
383,base600,regcap,2,1.14003956307231,2.611111111111111,0.39999999999999997,11,2297,8,0,22,0
384,base600,regcap,2,1.1318038503539367,2.578125,0.39999999999999997,11,2297,8,0,22,0
385,base600,regcap,2,1.12573179910949,2.576388888888889,0.39999999999999997,11,2297,8,0,22,0
386,base600,regcap,2,1.1237333854054743,2.5746527777777777,0.39999999999999997,11,2297,8,0,22,0
387,base600,regcap,2,1.121802628488477,2.5694444444444446,0.39999999999999997,11,2297,8,0,22,0
388,base600,regcap,2,1.1217283011167205,2.5625,0.39999999999999997,11,2297,8,0,22,0
389,base600,regcap,2,1.115349346271616,2.548611111111111,0.39999999999999997,11,2297,8,0,22,0
390,base600,regcap,2,1.1181467856575924,2.5694444444444446,0.39999999999999997,11,2297,8,0,22,0
391,base600,regcap,2,1.118587299355557,2.546875,0.39999999999999997,11,2297,8,0,22,0
392,base600,regcap,2,1.1161382192847606,2.546875,0.39999999999999997,11,2297,8,0,22,0
393,base600,regcap,2,1.1178035183499662,2.5538194444444446,0.39999999999999997,11,2297,8,0,22,0
394,base600,regcap,2,1.1190688838983789,2.5590277777777777,0.39999999999999997,11,2297,8,0,22,0
395,base600,regcap,2,1.1185423029202046,2.5677083333333335,0.39999999999999997,10,2297,8,0,20,0
396,base600,regcap,2,1.1134649365151075,2.5590277777777777,0.39999999999999997,10,2297,8,0,20,0
397,base600,regcap,2,1.1112154489487462,2.5572916666666665,0.39999999999999997,10,2297,8,0,20,0
398,base600,regcap,2,1.1110950075422215,2.560763888888889,0.39999999999999997,10,2299,8,0,18,0
399,base600,regcap,2,1.1114837273195743,2.560763888888889,0.39999999999999997,10,2299,8,0,20,0
400,base600,regcap,2,1.1134462749069576,2.5659722222222223,0.39999999999999997,10,2299,8,0,20,0
401,base600,regcap,2,1.1075315319567736,2.5555555555555554,0.39999999999999997,10,2299,7,1,19,1
402,base600,regcap,2,1.109453803847433,2.564236111111111,0.39999999999999997,11,2299,7,0,22,0
403,base600,regcap,2,1.1102098257537572,2.5590277777777777,0.39999999999999997,11,2299,7,0,22,0
404,base600,regcap,2,1.1087370492422377,2.5416666666666665,0.39999999999999997,11,2299,7,0,22,0
405,base600,regcap,2,1.1110233186041911,2.5434027777777777,0.39999999999999997,11,2300,7,0,21,0
406,base600,regcap,2,1.1065690460846245,2.529513888888889,0.39999999999999997,11,2300,7,0,22,0
407,base600,regcap,2,1.105902726454816,2.5260416666666665,0.39999999999999997,10,2300,7,0,20,0
408,base600,regcap,2,1.1035150241549236,2.513888888888889,0.39999999999999997,10,2300,7,0,20,0
409,base600,regcap,2,1.1034749760186517,2.5121527777777777,0.39999999999999997,10,2300,7,0,20,0
410,base600,regcap,2,1.1057467506319367,2.5121527777777777,0.39999999999999997,10,2300,7,0,20,0
411,base600,regcap,2,1.104410348307462,2.5034722222222223,0.39999999999999997,10,2300,7,0,20,0
412,base600,regcap,2,1.102149451633716,2.4930555555555554,0.39999999999999997,11,2300,7,0,22,0
413,base600,regcap,2,1.104043044129818,2.4965277777777777,0.39999999999999997,11,2300,7,0,22,0
414,base600,regcap,2,1.1002403222651629,2.4809027777777777,0.39999999999999997,11,2300,7,0,22,0
415,base600,regcap,2,1.0945043768687084,2.4652777777777777,0.39999999999999997,11,2301,7,0,21,0
416,base600,regcap,2,1.0928848484983515,2.4635416666666665,0.39999999999999997,12,2301,7,0,24,0
417,base600,regcap,2,1.0928848484983515,2.4635416666666665,0.39999999999999997,12,2301,7,0,24,0
418,base600,regcap,2,1.09491447214678,2.4722222222222223,0.39999999999999997,12,2301,7,0,24,0
419,base600,regcap,2,1.099181562656692,2.482638888888889,0.39999999999999997,12,2302,7,0,23,0
420,base600,regcap,2,1.0994342222154565,2.4913194444444446,0.39999999999999997,12,2302,7,0,24,0
421,base600,regcap,2,1.1026915840075135,2.486111111111111,0.39999999999999997,12,2302,7,0,24,0
422,base600,regcap,2,1.0985514427003464,2.482638888888889,0.39999999999999997,12,2302,7,0,24,0
423,base600,regcap,2,1.094439149651508,2.4791666666666665,0.39999999999999997,12,2302,7,0,24,0
424,base600,regcap,2,1.0927537952997244,2.4479166666666665,0.39999999999999997,12,2302,7,0,24,0
425,base600,regcap,2,1.088512545875474,2.439236111111111,0.39999999999999997,12,2302,7,0,24,0
426,base600,regcap,2,1.0912152147442653,2.4322916666666665,0.39999999999999997,12,2302,7,0,24,0
427,base600,regcap,2,1.0933791970308242,2.4340277777777777,0.39999999999999997,12,2302,7,0,24,0
428,base600,regcap,2,1.093484284154562,2.4409722222222223,0.39999999999999997,12,2302,7,0,24,0
429,base600,regcap,2,1.0893430725908737,2.4340277777777777,0.39999999999999997,12,2302,7,0,24,0
430,base600,regcap,2,1.0944203040315992,2.4253472222222223,0.39999999999999997,12,2302,7,0,24,0
431,base600,regcap,2,1.0890142592311667,2.4010416666666665,0.39999999999999997,12,2302,7,0,24,0
432,base600,regcap,2,1.0914448722713894,2.3993055555555554,0.39999999999999997,12,2302,7,0,24,0
433,base600,regcap,2,1.0948457168384238,2.3975694444444446,0.39999999999999997,12,2302,7,0,24,0
434,base600,regcap,2,1.0977841476356334,2.4027777777777777,0.39999999999999997,12,2302,7,0,24,0
435,base600,regcap,2,1.0977841476356334,2.4027777777777777,0.39999999999999997,12,2302,7,0,24,0
436,base600,regcap,2,1.0957267898575276,2.390625,0.39999999999999997,12,2302,7,0,24,0
437,base600,regcap,2,1.0981989227946298,2.3958333333333335,0.39999999999999997,12,2302,7,0,24,0
438,base600,regcap,2,1.0943569757309148,2.3836805555555554,0.39999999999999997,12,2302,7,0,24,0
439,base600,regcap,2,1.0897783675402781,2.3993055555555554,0.39999999999999997,12,2302,7,0,24,0
440,base600,regcap,2,1.0894770605804418,2.392361111111111,0.39999999999999997,12,2302,7,0,24,0
441,base600,regcap,2,1.0903946950237295,2.3958333333333335,0.39999999999999997,12,2302,7,0,24,0
442,base600,regcap,2,1.0877442481731963,2.3975694444444446,0.39999999999999997,12,2302,7,0,24,0
443,base600,regcap,2,1.0867121204005894,2.4097222222222223,0.39999999999999997,12,2302,7,0,24,0
444,base600,regcap,2,1.0883899388791907,2.423611111111111,0.39999999999999997,12,2302,7,0,24,0
445,base600,regcap,2,1.0907581364711219,2.4305555555555554,0.39999999999999997,11,2302,7,0,22,0
446,base600,regcap,2,1.0808902303436774,2.4114583333333335,0.39999999999999997,11,2303,6,1,20,1
447,base600,regcap,2,1.0803430061407775,2.4131944444444446,0.39999999999999997,11,2303,6,0,22,0
448,base600,regcap,2,1.0817734801999461,2.4184027777777777,0.39999999999999997,10,2303,6,0,20,0
449,base600,regcap,2,1.0718286835447082,2.3836805555555554,0.39999999999999997,10,2303,5,1,19,1
450,base600,regcap,2,1.0721278661808882,2.3715277777777777,0.39999999999999997,10,2303,5,0,20,0
451,base600,regcap,2,1.0706251785048395,2.3645833333333335,0.39999999999999997,10,2303,5,0,20,0
452,base600,regcap,2,1.0684995809867952,2.3645833333333335,0.39999999999999997,10,2303,5,0,20,0
453,base600,regcap,2,1.065754764570014,2.375,0.39999999999999997,11,2303,5,0,22,0
454,base600,regcap,2,1.065754764570014,2.375,0.39999999999999997,11,2303,5,0,22,0
455,base600,regcap,2,1.0679079575219088,2.3802083333333335,0.39999999999999997,11,2303,5,0,22,0
456,base600,regcap,2,1.0658013527718977,2.3715277777777777,0.39999999999999997,11,2303,5,0,22,0
457,base600,regcap,2,1.0643095069696875,2.357638888888889,0.39999999999999997,11,2303,5,0,22,0
458,base600,regcap,2,1.0624387543872507,2.3697916666666665,0.39999999999999997,11,2303,5,0,22,0
459,base600,regcap,2,1.065216218002781,2.375,0.39999999999999997,11,2303,5,0,22,0
460,base600,regcap,2,1.0627026552776266,2.3628472222222223,0.39999999999999997,11,2303,5,0,22,0
461,base600,regcap,2,1.055498705359497,2.3524305555555554,0.39999999999999997,11,2303,5,0,22,0
462,base600,regcap,2,1.0551894042990437,2.3541666666666665,0.39999999999999997,11,2303,5,0,22,0
463,base600,regcap,2,1.0573698810624295,2.3680555555555554,0.39999999999999997,11,2303,5,0,22,0
464,base600,regcap,2,1.0570533148702688,2.373263888888889,0.39999999999999997,10,2303,5,0,20,0
465,base600,regcap,2,1.0570533148702688,2.373263888888889,0.39999999999999997,10,2303,5,0,20,0
466,base600,regcap,2,1.0541518617310999,2.375,0.39999999999999997,9,2303,5,0,18,0
467,base600,regcap,2,1.0541591030425814,2.376736111111111,0.39999999999999997,9,2303,5,0,18,0
468,base600,regcap,2,1.0515363349883298,2.3784722222222223,0.39999999999999997,9,2303,5,0,18,0
469,base600,regcap,2,1.0515254884574161,2.3854166666666665,0.39999999999999997,9,2303,5,0,18,0
470,base600,regcap,2,1.0541518617310999,2.3802083333333335,0.39999999999999997,10,2303,5,0,20,0
471,base600,regcap,2,1.0541373789902448,2.376736111111111,0.39999999999999997,10,2303,5,0,20,0
472,base600,regcap,2,1.0491635517836586,2.3680555555555554,0.39999999999999997,10,2303,5,0,20,0
473,base600,regcap,2,1.0519265636698794,2.375,0.39999999999999997,11,2303,5,0,22,0
474,base600,regcap,2,1.0429526769830086,2.373263888888889,0.39999999999999997,11,2303,5,0,22,0
475,base600,regcap,2,1.0429526769830086,2.373263888888889,0.39999999999999997,11,2303,5,0,22,0
476,base600,regcap,2,1.043265740642372,2.3680555555555554,0.39999999999999997,11,2303,5,0,22,0
477,base600,regcap,2,1.045939129081348,2.3715277777777777,0.39999999999999997,11,2303,5,0,22,0
478,base600,regcap,2,1.0487259208822133,2.3680555555555554,0.39999999999999997,11,2303,5,0,22,0
479,base600,regcap,2,1.0466081104890248,2.361111111111111,0.39999999999999997,11,2303,5,0,22,0
480,base600,regcap,2,1.0495716381303657,2.359375,0.39999999999999997,11,2303,5,0,22,0
481,base600,regcap,2,1.0473248983677796,2.34375,0.39999999999999997,12,2303,5,0,24,0
482,base600,regcap,2,1.0476153816823206,2.3315972222222223,0.39999999999999997,12,2303,5,0,24,0
483,base600,regcap,2,1.0476153816823206,2.329861111111111,0.39999999999999997,12,2303,5,0,24,0
484,base600,regcap,2,1.047718585849788,2.329861111111111,0.39999999999999997,12,2303,5,0,24,0
485,base600,regcap,2,1.045166736190523,2.329861111111111,0.39999999999999997,12,2303,5,0,24,0
486,base600,regcap,2,1.049976969016517,2.3315972222222223,0.39999999999999997,12,2303,5,0,24,0
487,base600,regcap,2,1.0569794444775364,2.3680555555555554,0.39999999999999997,12,2303,5,0,24,0
488,base600,regcap,2,1.057267040841118,2.3559027777777777,0.39999999999999997,12,2303,5,0,24,0
489,base600,regcap,2,1.0533407232230885,2.3524305555555554,0.39999999999999997,12,2303,5,0,24,0
490,base600,regcap,2,1.0530599057971521,2.3524305555555554,0.39999999999999997,12,2303,5,0,24,0
491,base600,regcap,2,1.0521212124249715,2.3680555555555554,0.39999999999999997,11,2303,5,0,22,0
492,base600,regcap,2,1.0577877187834266,2.376736111111111,0.39999999999999997,11,2303,5,0,22,0
493,base600,regcap,2,1.057590220824728,2.375,0.39999999999999997,11,2303,5,0,22,0
494,base600,regcap,2,1.0571765139108955,2.390625,0.39999999999999997,11,2303,5,0,22,0
495,base600,regcap,2,1.056138395950929,2.4027777777777777,0.39999999999999997,10,2303,5,0,20,0
496,base600,regcap,2,1.056222925893,2.3975694444444446,0.39999999999999997,10,2303,5,0,20,0
497,base600,regcap,2,1.0565701114547017,2.392361111111111,0.39999999999999997,10,2303,5,0,20,0
498,base600,regcap,2,1.056222925893,2.3975694444444446,0.39999999999999997,11,2303,5,0,22,0
499,base600,regcap,2,1.0541451455976723,2.388888888888889,0.39999999999999997,11,2303,5,0,22,0
500,base600,regcap,2,1.0518613381579576,2.4010416666666665,0.39999999999999997,11,2303,5,0,22,0
501,base600,regcap,2,1.050654263782727,2.40625,0.39999999999999997,11,2303,5,0,22,0
502,base600,regcap,2,1.0500544963141307,2.420138888888889,0.39999999999999997,10,2303,5,0,20,0
503,base600,regcap,2,1.055038998028994,2.423611111111111,0.39999999999999997,9,2303,5,0,18,0
504,base600,regcap,2,1.0595782483435014,2.4322916666666665,0.39999999999999997,9,2303,5,0,18,0
505,base600,regcap,2,1.0636710072445164,2.4427083333333335,0.39999999999999997,9,2303,5,0,18,0
506,base600,regcap,2,1.06297049118174,2.4479166666666665,0.39999999999999997,9,2303,5,0,18,0
507,base600,regcap,2,1.0543404934178309,2.439236111111111,0.39999999999999997,9,2303,4,1,17,1
508,base600,regcap,2,1.0570651615751299,2.423611111111111,0.39999999999999997,9,2303,4,0,18,0
509,base600,regcap,2,1.064086321177414,2.439236111111111,0.39999999999999997,9,2303,4,0,18,0
510,base600,regcap,2,1.0637298007480722,2.439236111111111,0.39999999999999997,9,2303,4,0,18,0
511,base600,regcap,2,1.0717386868125285,2.454861111111111,0.39999999999999997,9,2303,5,0,18,0
512,base600,regcap,2,1.0758857660040129,2.4600694444444446,0.39999999999999997,9,2303,5,0,18,0
513,base600,regcap,2,1.0756375721903102,2.4635416666666665,0.39999999999999997,9,2303,5,0,18,0
514,base600,regcap,2,1.0756375721903102,2.4635416666666665,0.39999999999999997,9,2303,5,0,18,0
515,base600,regcap,2,1.0766189377652102,2.453125,0.39999999999999997,9,2304,5,0,17,0
516,base600,regcap,2,1.0741472490820148,2.4479166666666665,0.39999999999999997,9,2304,5,0,18,0
517,base600,regcap,2,1.076027157497299,2.4618055555555554,0.39999999999999997,9,2304,5,0,18,0
518,base600,regcap,2,1.0760023111202224,2.4635416666666665,0.39999999999999997,9,2304,5,0,18,0
519,base600,regcap,2,1.0758857660040129,2.4618055555555554,0.39999999999999997,9,2304,5,0,18,0
520,base600,regcap,2,1.0755178093504019,2.4635416666666665,0.39999999999999997,9,2304,5,0,18,0
521,base600,regcap,2,1.0754433428324717,2.4479166666666665,0.39999999999999997,9,2304,5,0,18,0
522,base600,regcap,2,1.0735062164588358,2.4427083333333335,0.39999999999999997,10,2304,5,0,20,0
523,base600,regcap,2,1.0737480241631319,2.4427083333333335,0.39999999999999997,9,2304,5,0,18,0
524,base600,regcap,2,1.0758057742184153,2.4496527777777777,0.39999999999999997,10,2304,5,0,20,0
525,base600,regcap,2,1.0778365171148474,2.4600694444444446,0.39999999999999997,10,2304,5,0,20,0
526,base600,regcap,2,1.0760467058956167,2.4444444444444446,0.39999999999999997,10,2304,5,0,20,0
527,base600,regcap,2,1.08032370101463,2.4427083333333335,0.39999999999999997,10,2304,5,0,20,0
528,base600,regcap,2,1.0791846407047572,2.4479166666666665,0.39999999999999997,10,2304,5,0,20,0
529,base600,regcap,2,1.07520627259677,2.4288194444444446,0.39999999999999997,10,2304,5,0,20,0
530,base600,regcap,2,1.0755879237667452,2.423611111111111,0.39999999999999997,10,2304,5,0,20,0
531,base600,regcap,2,1.075130571085846,2.420138888888889,0.39999999999999997,10,2304,5,0,20,0
532,base600,regcap,2,1.075130571085846,2.420138888888889,0.39999999999999997,10,2304,5,0,20,0
533,base600,regcap,2,1.0726328605345956,2.4166666666666665,0.39999999999999997,10,2304,5,0,20,0
534,base600,regcap,2,1.0743864701410326,2.4305555555555554,0.39999999999999997,10,2304,5,0,20,0
535,base600,regcap,2,1.072161565677822,2.4375,0.39999999999999997,10,2304,5,0,20,0
536,base600,regcap,2,1.0723980140231748,2.435763888888889,0.39999999999999997,10,2304,5,0,20,0
537,base600,regcap,2,1.0743864701410326,2.4461805555555554,0.39999999999999997,10,2304,5,0,20,0
538,base600,regcap,2,1.0747515072267606,2.4461805555555554,0.39999999999999997,10,2304,5,0,20,0
539,base600,regcap,2,1.0777423327318887,2.453125,0.39999999999999997,10,2304,5,0,20,0
540,base600,regcap,2,1.0807016549568227,2.4496527777777777,0.39999999999999997,10,2304,5,0,20,0
541,base600,regcap,2,1.0761111800748226,2.4340277777777777,0.39999999999999997,10,2304,5,0,20,0
542,base600,regcap,2,1.0720123877420518,2.4322916666666665,0.39999999999999997,10,2304,5,0,20,0
543,base600,regcap,2,1.0717746806873771,2.4322916666666665,0.39999999999999997,10,2304,5,0,20,0
544,base600,regcap,2,1.0670160045325705,2.4288194444444446,0.39999999999999997,10,2304,5,0,20,0
545,base600,regcap,2,1.0633420468325512,2.4253472222222223,0.39999999999999997,11,2304,5,0,22,0
546,base600,regcap,2,1.0683659883884293,2.4270833333333335,0.39999999999999997,10,2304,5,0,20,0
547,base600,regcap,2,1.070645025939274,2.4253472222222223,0.39999999999999997,10,2304,5,0,20,0
548,base600,regcap,2,1.07039965909716,2.4305555555555554,0.39999999999999997,11,2304,5,0,22,0
549,base600,regcap,2,1.0719697986846497,2.451388888888889,0.39999999999999997,12,2304,5,0,24,0
550,base600,regcap,2,1.076127745511701,2.4652777777777777,0.39999999999999997,12,2304,5,0,24,0
551,base600,regcap,2,1.078136032454254,2.470486111111111,0.39999999999999997,12,2304,5,0,24,0
552,base600,regcap,2,1.082686349652369,2.486111111111111,0.39999999999999997,12,2304,5,0,24,0
553,base600,regcap,2,1.084639884644113,2.4809027777777777,0.39999999999999997,12,2304,5,0,24,0
554,base600,regcap,2,1.0944274982565183,2.4965277777777777,0.39999999999999997,12,2304,5,0,24,0
555,base600,regcap,2,1.0980569238657394,2.5086805555555554,0.39999999999999997,12,2304,5,0,24,0
556,base600,regcap,2,1.0967733475460484,2.5190972222222223,0.39999999999999997,11,2304,5,0,22,0
557,base600,regcap,2,1.098879436824292,2.529513888888889,0.39999999999999997,11,2304,5,0,22,0
558,base600,regcap,2,1.0984904146943792,2.53125,0.39999999999999997,11,2304,5,0,22,0
559,base600,regcap,2,1.0995486392559766,2.5364583333333335,0.39999999999999997,11,2304,5,0,22,0
560,base600,regcap,2,1.1012063208039315,2.5364583333333335,0.39999999999999997,11,2304,5,0,22,0
561,base600,regcap,2,1.0992251893777318,2.5399305555555554,0.39999999999999997,11,2304,5,0,22,0
562,base600,regcap,2,1.1027197671533304,2.5503472222222223,0.39999999999999997,11,2304,5,0,22,0
563,base600,regcap,2,1.0997116592795948,2.545138888888889,0.39999999999999997,11,2304,5,0,22,0
564,base600,regcap,2,1.1023880657555658,2.564236111111111,0.39999999999999997,11,2304,5,0,22,0
565,base600,regcap,2,1.1043454140118139,2.5659722222222223,0.39999999999999997,11,2304,5,0,22,0
566,base600,regcap,2,1.1030101507240733,2.5625,0.39999999999999997,11,2304,5,0,22,0
567,base600,regcap,2,1.106905079168907,2.5694444444444446,0.39999999999999997,11,2304,5,0,22,0
568,base600,regcap,2,1.1026756828411979,2.5590277777777777,0.39999999999999997,12,2304,5,0,24,0
569,base600,regcap,2,1.1032985299221754,2.5503472222222223,0.39999999999999997,12,2304,5,0,24,0
570,base600,regcap,2,1.1069279683554332,2.5416666666666665,0.39999999999999997,12,2304,5,0,24,0
571,base600,regcap,2,1.1043367301703837,2.529513888888889,0.39999999999999997,12,2304,5,0,24,0
572,base600,regcap,2,1.1037548128048986,2.529513888888889,0.39999999999999997,12,2304,5,0,24,0
573,base600,regcap,2,1.1043851223509107,2.517361111111111,0.39999999999999997,12,2304,5,0,24,0
574,base600,regcap,2,1.1005695621363067,2.513888888888889,0.39999999999999997,12,2304,5,0,24,0
575,base600,regcap,2,1.0988841328447545,2.5086805555555554,0.39999999999999997,12,2304,5,0,24,0
576,base600,regcap,2,1.0975724823693211,2.5069444444444446,0.39999999999999997,12,2304,5,0,24,0
577,base600,regcap,2,1.0932605280709118,2.5104166666666665,0.39999999999999997,12,2304,5,0,24,0
578,base600,regcap,2,1.0954567475253236,2.5086805555555554,0.39999999999999997,12,2304,5,0,24,0
579,base600,regcap,2,1.0860430691133938,2.4947916666666665,0.39999999999999997,12,2304,4,1,23,1
580,base600,regcap,2,1.0864522896046012,2.4913194444444446,0.39999999999999997,12,2304,4,0,24,0
581,base600,regcap,2,1.0864522896046012,2.4878472222222223,0.39999999999999997,12,2304,4,0,24,0
582,base600,regcap,2,1.0885818184348697,2.486111111111111,0.39999999999999997,14,2304,4,0,28,0
583,base600,regcap,2,1.0907369508999456,2.4947916666666665,0.39999999999999997,14,2304,4,0,28,0
584,base600,regcap,2,1.0896132993557612,2.4947916666666665,0.39999999999999997,14,2304,4,0,28,0
585,base600,regcap,2,1.0870715870440302,2.4791666666666665,0.39999999999999997,14,2304,4,0,28,0
586,base600,regcap,2,1.0891264628965558,2.467013888888889,0.39999999999999997,14,2304,4,0,28,0
587,base600,regcap,2,1.0887050520020685,2.4618055555555554,0.39999999999999997,14,2304,4,0,28,0
588,base600,regcap,2,1.090388627386052,2.454861111111111,0.39999999999999997,14,2304,4,0,28,0
589,base600,regcap,2,1.0908109442837537,2.4496527777777777,0.39999999999999997,14,2304,4,0,28,0
590,base600,regcap,2,1.0897471868283444,2.451388888888889,0.39999999999999997,14,2304,4,0,28,0
591,base600,regcap,2,1.089227175161602,2.4479166666666665,0.39999999999999997,14,2304,4,0,28,0
592,base600,regcap,2,1.0908438785023047,2.4461805555555554,0.39999999999999997,14,2304,4,0,28,0
593,base600,regcap,2,1.0908438785023047,2.4461805555555554,0.39999999999999997,14,2304,4,0,28,0
594,base600,regcap,2,1.0847264263010172,2.454861111111111,0.39999999999999997,14,2304,4,0,28,0
595,base600,regcap,2,1.0912085991657532,2.4739583333333335,0.39999999999999997,15,2304,4,0,30,0
596,base600,regcap,2,1.0971785291154819,2.4895833333333335,0.39999999999999997,15,2304,4,0,30,0
597,base600,regcap,2,1.097235901437958,2.501736111111111,0.39999999999999997,14,2304,4,0,28,0
598,base600,regcap,2,1.0948059032870803,2.5104166666666665,0.39999999999999997,14,2304,4,0,28,0
599,base600,regcap,2,1.0942473198630807,2.5208333333333335,0.39999999999999997,14,2304,4,0,28,0
600,base600,regcap,2,1.0944353873532666,2.513888888888889,0.39999999999999997,14,2304,4,0,28,0
1,rarity600,rarity,0,-0.0,1.0,0.7524244337085488,0,576,1,0,0,0
2,rarity600,rarity,0,0.10243346943329157,1.1128472222222223,0.743779631239182,11,598,5,0,0,0
3,rarity600,rarity,0,0.15892628468281883,1.1840277777777777,0.7351193146870132,11,619,5,0,1,0
4,rarity600,rarity,0,0.23926976215980972,1.3003472222222223,0.7264497083976729,11,641,5,0,0,0
5,rarity600,rarity,0,0.3017336975982049,1.4097222222222223,0.7177625301709842,10,660,5,0,1,0
6,rarity600,rarity,0,0.3407313354672062,1.4739583333333333,0.7090649135107221,9,678,6,0,0,0
7,rarity600,rarity,0,0.3748174621996836,1.5347222222222223,0.7003541883535391,9,696,6,0,0,0
8,rarity600,rarity,0,0.40928447805810453,1.5954861111111112,0.6916361275486443,10,714,6,0,2,0
9,rarity600,rarity,0,0.4487555098176743,1.6545138888888888,0.6829084741105733,10,732,7,0,2,0
10,rarity600,rarity,0,0.49409987732207256,1.7465277777777777,0.674185383791325,10,752,7,0,0,0
11,rarity600,rarity,0,0.5245919758233133,1.7986111111111112,0.6654532592294571,10,769,7,0,3,0
12,rarity600,rarity,0,0.5532433518350072,1.8420138888888888,0.6567182461340701,10,785,7,0,4,0
13,rarity600,rarity,0,0.5772111299951386,1.8923611111111112,0.6479715173965394,10,803,7,0,2,0
14,rarity600,rarity,0,0.6050986444616979,1.9305555555555556,0.6392166402450433,10,818,8,0,5,0
15,rarity600,rarity,0,0.6450920602708918,1.984375,0.6304564938283304,10,837,8,0,1,0
16,rarity600,rarity,0,0.6873524920219231,2.0225694444444446,0.6216957329037565,10,855,8,0,2,0
17,rarity600,rarity,0,0.7119077299877414,2.0625,0.6129300825953056,10,873,8,0,2,0
18,rarity600,rarity,0,0.738486652659216,2.1128472222222223,0.6041619958713065,10,890,8,0,3,0
19,rarity600,rarity,0,0.7658952674541485,2.171875,0.5953821121233561,10,907,8,0,3,0
20,rarity600,rarity,0,0.7877196447615837,2.2083333333333335,0.5866166015649347,11,926,8,0,3,0
21,rarity600,rarity,0,0.8062478421965902,2.234375,0.5778774252539447,10,944,8,0,2,0
22,rarity600,rarity,0,0.8282278138931306,2.2881944444444446,0.5692024769478937,10,962,8,0,2,0
23,rarity600,rarity,0,0.8507535818588531,2.3368055555555554,0.5606162867981397,10,977,8,0,5,0
24,rarity600,rarity,0,0.8677951256523694,2.376736111111111,0.5521590610446885,10,992,8,0,5,0
25,rarity600,rarity,0,0.890233346457132,2.4184027777777777,0.5438721188557252,10,1010,8,0,2,0
26,rarity600,rarity,0,0.9180023864537038,2.467013888888889,0.5357670574884221,9,1024,8,0,4,0
27,rarity600,rarity,0,0.9274411746401163,2.4947916666666665,0.527894841668584,9,1038,8,0,4,0
28,rarity600,rarity,0,0.9447595379170276,2.5434027777777777,0.520294766864092,9,1055,8,0,1,0
29,rarity600,rarity,0,0.9559126511205435,2.5677083333333335,0.5129888294096545,9,1068,8,0,5,0
30,rarity600,rarity,0,0.9638759352360611,2.579861111111111,0.5059243873507038,9,1082,8,0,4,0
31,rarity600,rarity,0,0.9713655129036334,2.6041666666666665,0.49912311798786135,9,1097,8,0,3,0
32,rarity600,rarity,0,0.9806685409074892,2.640625,0.49256252412222845,9,1112,8,0,3,0
33,rarity600,rarity,0,0.9850460887094071,2.6493055555555554,0.48625689196556765,9,1127,8,0,3,0
34,rarity600,rarity,0,0.9942806718756068,2.670138888888889,0.4801903027925809,9,1141,8,0,4,0
35,rarity600,rarity,0,1.0061652595905666,2.6944444444444446,0.4743467728726183,9,1157,8,0,2,0
36,rarity600,rarity,0,1.0141352840300313,2.703125,0.468694519990178,9,1168,8,0,7,0
37,rarity600,rarity,0,1.0227674888952791,2.7378472222222223,0.4632402317031969,9,1179,8,0,7,0
38,rarity600,rarity,0,1.0309974264380326,2.765625,0.4579543314192317,9,1192,8,0,5,0
39,rarity600,rarity,0,1.0396082235766457,2.8020833333333335,0.45285707695960137,9,1205,8,0,5,0
40,rarity600,rarity,0,1.043980729952148,2.810763888888889,0.4479486478693827,9,1218,8,0,5,0
41,rarity600,rarity,0,1.0460670915243928,2.8159722222222223,0.4432141351090067,9,1230,8,0,6,0
42,rarity600,rarity,0,1.0539016103461913,2.857638888888889,0.43868327635094595,9,1243,8,0,5,0
43,rarity600,rarity,0,1.058819455078872,2.8715277777777777,0.43431849101615616,8,1256,8,0,3,0
44,rarity600,rarity,0,1.0648611588602686,2.892361111111111,0.43016675377431357,9,1269,8,0,5,0
45,rarity600,rarity,0,1.0695287973562808,2.90625,0.4262187630142413,9,1279,8,0,8,0
46,rarity600,rarity,0,1.0773785746298297,2.9270833333333335,0.4225331865500759,9,1294,8,0,3,0
47,rarity600,rarity,0,1.087200396830955,2.9583333333333335,0.4191215317630973,9,1305,8,0,7,0
48,rarity600,rarity,0,1.0890050184930111,2.9618055555555554,0.41602479311801516,9,1318,8,0,5,0
49,rarity600,rarity,0,1.0993946038089,3.0034722222222223,0.4132086532006849,9,1332,8,0,4,0
50,rarity600,rarity,0,1.106234856371617,3.0052083333333335,0.4106768974756803,9,1343,8,0,7,0
51,rarity600,rarity,0,1.112414628608361,3.0190972222222223,0.40840165573400994,9,1357,8,0,4,0
52,rarity600,rarity,0,1.1178348515447267,3.0225694444444446,0.40639521120486166,9,1368,8,0,7,0
53,rarity600,rarity,0,1.1235425645754147,3.032986111111111,0.40465122175067414,9,1382,8,0,4,0
54,rarity600,rarity,0,1.131083934785951,3.0572916666666665,0.40319825406444076,9,1393,8,0,7,0
55,rarity600,rarity,0,1.1378837416287753,3.079861111111111,0.4019972036173719,9,1403,8,0,8,0
56,rarity600,rarity,0,1.1420346527595737,3.1024305555555554,0.40111224775623766,9,1412,8,0,9,0
57,rarity600,rarity,0,1.151625048921805,3.1319444444444446,0.40051395879103496,8,1421,8,0,7,0
58,rarity600,rarity,0,1.1563562518499995,3.1458333333333335,0.40017229971135143,8,1430,8,0,7,0
59,rarity600,rarity,0,1.171048562010442,3.189236111111111,0.4000167911063259,8,1437,8,0,9,0
60,rarity600,rarity,0,1.1717386777118084,3.1944444444444446,0.39999999999999997,8,1447,8,0,6,0
61,rarity600,rarity,0,1.1752598819171465,3.203125,0.39999999999999997,8,1456,8,0,7,0
62,rarity600,rarity,0,1.175703709042864,3.204861111111111,0.39999999999999997,8,1460,8,0,12,0
63,rarity600,rarity,0,1.1841694720427838,3.2239583333333335,0.39999999999999997,8,1468,8,0,8,0
64,rarity600,rarity,0,1.187209644999219,3.236111111111111,0.39999999999999997,7,1476,8,0,6,0
65,rarity600,rarity,0,1.192540707324721,3.2569444444444446,0.39999999999999997,7,1482,8,0,8,0
66,rarity600,rarity,0,1.2000701966318685,3.2864583333333335,0.39999999999999997,7,1490,8,0,6,0
67,rarity600,rarity,0,1.20237045501183,3.2899305555555554,0.39999999999999997,7,1496,8,0,8,0
68,rarity600,rarity,0,1.2026094596169088,3.2899305555555554,0.39999999999999997,7,1503,8,0,7,0
69,rarity600,rarity,0,1.202952232815418,3.2899305555555554,0.39999999999999997,6,1510,8,0,5,0
70,rarity600,rarity,0,1.2037396164216536,3.2899305555555554,0.39999999999999997,6,1512,8,0,10,0
71,rarity600,rarity,0,1.2045358659629037,3.2899305555555554,0.39999999999999997,6,1519,8,0,5,0
72,rarity600,rarity,0,1.2052168816271487,3.2899305555555554,0.39999999999999997,6,1523,8,0,8,0
73,rarity600,rarity,0,1.2079557920998598,3.3072916666666665,0.39999999999999997,6,1526,8,0,9,0
74,rarity600,rarity,0,1.2100002773641092,3.3072916666666665,0.39999999999999997,6,1531,8,0,7,0
75,rarity600,rarity,0,1.2126275035141638,3.3125,0.39999999999999997,6,1538,8,0,5,0
76,rarity600,rarity,0,1.2153696919345014,3.314236111111111,0.39999999999999997,6,1541,8,0,9,0
77,rarity600,rarity,0,1.220960889325122,3.3246527777777777,0.39999999999999997,6,1549,8,0,4,0
78,rarity600,rarity,0,1.2286196979583668,3.34375,0.39999999999999997,6,1558,8,0,3,0
79,rarity600,rarity,0,1.23254437634481,3.357638888888889,0.39999999999999997,6,1564,8,0,6,0
80,rarity600,rarity,0,1.2384617708735184,3.375,0.39999999999999997,6,1571,8,0,5,0
81,rarity600,rarity,0,1.2422579962351545,3.3871527777777777,0.39999999999999997,6,1573,8,0,10,0
82,rarity600,rarity,0,1.2453704958353033,3.3993055555555554,0.39999999999999997,6,1578,8,0,7,0
83,rarity600,rarity,0,1.2483772570847689,3.4010416666666665,0.39999999999999997,6,1584,8,0,6,0
84,rarity600,rarity,0,1.2482686397102025,3.4010416666666665,0.39999999999999997,6,1590,8,0,6,0
85,rarity600,rarity,0,1.2486731132575406,3.4010416666666665,0.39999999999999997,6,1595,8,0,7,0
86,rarity600,rarity,0,1.2509800893168124,3.4027777777777777,0.39999999999999997,6,1599,8,0,8,0
87,rarity600,rarity,0,1.2508352337029978,3.4027777777777777,0.39999999999999997,6,1602,8,0,9,0
88,rarity600,rarity,0,1.254856965830134,3.407986111111111,0.39999999999999997,6,1607,8,0,7,0
89,rarity600,rarity,0,1.2553459053747813,3.407986111111111,0.39999999999999997,6,1611,8,0,8,0
90,rarity600,rarity,0,1.2582281292072375,3.4097222222222223,0.39999999999999997,6,1616,8,0,7,0
91,rarity600,rarity,0,1.2579330117227128,3.4114583333333335,0.39999999999999997,6,1622,8,0,6,0
92,rarity600,rarity,0,1.2589627521823372,3.4114583333333335,0.39999999999999997,6,1625,8,0,9,0
93,rarity600,rarity,0,1.2599851436126979,3.4114583333333335,0.39999999999999997,6,1628,8,0,9,0
94,rarity600,rarity,0,1.2607645387353854,3.4114583333333335,0.39999999999999997,6,1634,8,0,6,0
95,rarity600,rarity,0,1.2616368863059602,3.4114583333333335,0.39999999999999997,6,1639,8,0,7,0
96,rarity600,rarity,0,1.2618035439811408,3.4114583333333335,0.39999999999999997,6,1646,8,0,5,0
97,rarity600,rarity,0,1.2631845343679693,3.4114583333333335,0.39999999999999997,6,1650,8,0,8,0
98,rarity600,rarity,0,1.2635914221904176,3.4114583333333335,0.39999999999999997,6,1652,8,0,10,0
99,rarity600,rarity,0,1.2667831868660595,3.4166666666666665,0.39999999999999997,7,1658,8,0,8,0
100,rarity600,rarity,0,1.2668622812277595,3.4166666666666665,0.39999999999999997,7,1667,8,0,5,0
101,rarity600,rarity,0,1.2679821150650168,3.4184027777777777,0.39999999999999997,7,1674,8,0,7,0
102,rarity600,rarity,0,1.2707691754016244,3.420138888888889,0.39999999999999997,7,1677,8,0,11,0
103,rarity600,rarity,0,1.2726419635015265,3.435763888888889,0.39999999999999997,7,1680,8,0,11,0
104,rarity600,rarity,0,1.2746434582071569,3.4375,0.39999999999999997,7,1687,8,0,7,0
105,rarity600,rarity,0,1.2740999344616377,3.4375,0.39999999999999997,6,1695,8,0,4,0
106,rarity600,rarity,0,1.2754773874979883,3.4375,0.39999999999999997,6,1701,8,0,6,0
107,rarity600,rarity,0,1.278312033235422,3.439236111111111,0.39999999999999997,6,1703,8,0,10,0
108,rarity600,rarity,0,1.282315594109454,3.4444444444444446,0.39999999999999997,7,1707,8,0,10,0
109,rarity600,rarity,0,1.2852171958266312,3.4583333333333335,0.39999999999999997,7,1712,8,0,9,0
110,rarity600,rarity,0,1.2866025496921936,3.470486111111111,0.39999999999999997,7,1717,8,0,9,0
111,rarity600,rarity,0,1.2864536917223661,3.470486111111111,0.39999999999999997,7,1724,8,0,7,0
112,rarity600,rarity,0,1.2884793428070622,3.4774305555555554,0.39999999999999997,8,1730,8,0,10,0
113,rarity600,rarity,0,1.2887511749312044,3.4774305555555554,0.39999999999999997,8,1734,8,0,12,0
114,rarity600,rarity,0,1.2890447214568925,3.4809027777777777,0.39999999999999997,8,1740,8,0,10,0
115,rarity600,rarity,0,1.289464688081032,3.4809027777777777,0.39999999999999997,8,1744,8,0,12,0
116,rarity600,rarity,0,1.290921544905402,3.4809027777777777,0.39999999999999997,9,1749,8,0,13,0
117,rarity600,rarity,0,1.2916175729631636,3.486111111111111,0.39999999999999997,8,1762,8,0,3,0
118,rarity600,rarity,0,1.294394515947177,3.486111111111111,0.39999999999999997,8,1771,8,0,7,0
119,rarity600,rarity,0,1.2949876846457555,3.486111111111111,0.39999999999999997,8,1777,8,0,10,0
120,rarity600,rarity,0,1.301116620319079,3.498263888888889,0.39999999999999997,9,1784,9,0,11,0
121,rarity600,rarity,0,1.3021130407174657,3.501736111111111,0.39999999999999997,9,1788,9,0,14,0
122,rarity600,rarity,0,1.304843957240834,3.513888888888889,0.39999999999999997,9,1792,9,0,14,0
123,rarity600,rarity,0,1.3104930444349265,3.529513888888889,0.39999999999999997,9,1795,9,0,15,0
124,rarity600,rarity,0,1.3261375602814298,3.5381944444444446,0.39999999999999997,10,1799,9,0,16,0
125,rarity600,rarity,0,1.328489029675148,3.5434027777777777,0.39999999999999997,10,1806,9,0,13,0
126,rarity600,rarity,0,1.3306875914093825,3.545138888888889,0.39999999999999997,10,1814,9,0,12,0
127,rarity600,rarity,0,1.3338489749607065,3.546875,0.39999999999999997,10,1821,9,0,13,0
128,rarity600,rarity,0,1.3408685853613571,3.564236111111111,0.39999999999999997,9,1828,9,0,11,0
129,rarity600,rarity,0,1.341152647917115,3.564236111111111,0.39999999999999997,9,1835,9,0,11,0
130,rarity600,rarity,0,1.3477327921847457,3.5677083333333335,0.39999999999999997,10,1839,9,0,16,0
131,rarity600,rarity,0,1.3533023290372366,3.592013888888889,0.39999999999999997,10,1844,9,0,15,0
132,rarity600,rarity,0,1.3582157317574852,3.609375,0.39999999999999997,10,1850,9,0,14,0
133,rarity600,rarity,0,1.3626651359407969,3.626736111111111,0.39999999999999997,11,1857,9,0,15,0
134,rarity600,rarity,0,1.3640091034803024,3.623263888888889,0.39999999999999997,12,1864,9,0,17,0
135,rarity600,rarity,0,1.366167580317198,3.6371527777777777,0.39999999999999997,12,1875,9,0,13,0
136,rarity600,rarity,0,1.3674371521887565,3.6440972222222223,0.39999999999999997,12,1883,9,0,16,0
137,rarity600,rarity,0,1.37193433325226,3.657986111111111,0.39999999999999997,12,1887,9,0,20,0
138,rarity600,rarity,0,1.375122434060848,3.670138888888889,0.39999999999999997,12,1891,9,0,20,0
139,rarity600,rarity,0,1.3763477168979614,3.670138888888889,0.39999999999999997,12,1898,9,0,17,0
140,rarity600,rarity,0,1.3795367976257062,3.6770833333333335,0.39999999999999997,12,1904,9,0,18,0
141,rarity600,rarity,0,1.3802981804939198,3.6770833333333335,0.39999999999999997,12,1913,9,0,15,0
142,rarity600,rarity,0,1.3806311131557125,3.6770833333333335,0.39999999999999997,12,1921,9,0,16,0
143,rarity600,rarity,0,1.3871429663345587,3.6979166666666665,0.39999999999999997,12,1927,9,0,18,0
144,rarity600,rarity,0,1.3902994262010868,3.7083333333333335,0.39999999999999997,12,1931,9,0,20,0
145,rarity600,rarity,0,1.3972095353786087,3.717013888888889,0.39999999999999997,12,1933,9,0,22,0
146,rarity600,rarity,0,1.4020725475353992,3.732638888888889,0.39999999999999997,12,1935,9,0,22,0
147,rarity600,rarity,0,1.4016002416455715,3.7413194444444446,0.39999999999999997,12,1942,9,0,17,0
148,rarity600,rarity,0,1.4108441344332459,3.7604166666666665,0.39999999999999997,12,1944,9,0,22,0
149,rarity600,rarity,0,1.412349442441679,3.763888888888889,0.39999999999999997,12,1950,9,0,18,0
150,rarity600,rarity,0,1.4117660336059288,3.765625,0.39999999999999997,12,1962,9,0,12,0
151,rarity600,rarity,0,1.4145865519808154,3.7690972222222223,0.39999999999999997,12,1968,9,0,18,0
152,rarity600,rarity,0,1.417754513905339,3.7881944444444446,0.39999999999999997,11,1972,9,0,18,0
153,rarity600,rarity,0,1.4233392740535373,3.810763888888889,0.39999999999999997,11,1978,9,0,16,0
154,rarity600,rarity,0,1.429954065150561,3.8177083333333335,0.39999999999999997,12,1980,9,0,22,0
155,rarity600,rarity,0,1.4302242193002932,3.8246527777777777,0.39999999999999997,12,1983,9,0,21,0
156,rarity600,rarity,0,1.4342503791595,3.8315972222222223,0.39999999999999997,12,1985,9,0,22,0
157,rarity600,rarity,0,1.436875244731188,3.8368055555555554,0.39999999999999997,12,1989,9,0,20,0
158,rarity600,rarity,0,1.4430453234721952,3.8524305555555554,0.39999999999999997,12,1991,9,0,22,0
159,rarity600,rarity,0,1.4454594383796608,3.859375,0.39999999999999997,12,1995,9,0,20,0
160,rarity600,rarity,0,1.4478976599769304,3.857638888888889,0.39999999999999997,12,1999,9,0,20,0
161,rarity600,rarity,0,1.4522242721482694,3.861111111111111,0.39999999999999997,12,2006,9,0,17,0
162,rarity600,rarity,0,1.4581615471999247,3.875,0.39999999999999997,12,2011,9,0,19,0
163,rarity600,rarity,0,1.459858894111819,3.8836805555555554,0.39999999999999997,12,2016,9,0,19,0
164,rarity600,rarity,0,1.4656485198632,3.8975694444444446,0.39999999999999997,11,2019,9,0,19,0
165,rarity600,rarity,0,1.473565653458547,3.9305555555555554,0.39999999999999997,11,2028,9,0,13,0
166,rarity600,rarity,0,1.4796626590737174,3.9652777777777777,0.39999999999999997,11,2032,9,0,18,0
167,rarity600,rarity,0,1.490933382143732,3.9809027777777777,0.39999999999999997,11,2033,10,0,21,0
168,rarity600,rarity,0,1.4955878020779556,4.005208333333333,0.39999999999999997,11,2033,10,0,22,0
169,rarity600,rarity,0,1.4999291341344814,4.015625,0.39999999999999997,11,2034,10,0,21,0
170,rarity600,rarity,0,1.5066321942754635,4.027777777777778,0.39999999999999997,11,2038,10,0,18,0
171,rarity600,rarity,0,1.51055543873717,4.036458333333333,0.39999999999999997,11,2039,10,0,21,0
172,rarity600,rarity,0,1.513137419025607,4.045138888888889,0.39999999999999997,11,2042,10,0,19,0
173,rarity600,rarity,0,1.5162617683108799,4.057291666666667,0.39999999999999997,11,2048,10,0,16,0
174,rarity600,rarity,0,1.5171433645183325,4.071180555555555,0.39999999999999997,11,2052,10,0,18,0
175,rarity600,rarity,0,1.5192314445636526,4.076388888888889,0.39999999999999997,11,2052,10,0,22,0
176,rarity600,rarity,0,1.5212993074093903,4.090277777777778,0.39999999999999997,11,2055,10,0,19,0
177,rarity600,rarity,0,1.5238605997966335,4.098958333333333,0.39999999999999997,11,2056,10,0,21,0
178,rarity600,rarity,0,1.5259767064253995,4.105902777777778,0.39999999999999997,11,2059,10,0,19,0
179,rarity600,rarity,0,1.5280077054879433,4.109375,0.39999999999999997,11,2062,10,0,19,0
180,rarity600,rarity,0,1.5363973218348743,4.126736111111111,0.39999999999999997,11,2063,10,0,21,0
181,rarity600,rarity,0,1.5403607677740487,4.138888888888889,0.39999999999999997,11,2067,10,0,18,0
182,rarity600,rarity,0,1.5423086487351656,4.142361111111111,0.39999999999999997,11,2070,10,0,19,0
183,rarity600,rarity,0,1.5439079320819147,4.147569444444445,0.39999999999999997,11,2074,10,0,18,0
184,rarity600,rarity,0,1.5449595364459574,4.154513888888889,0.39999999999999997,11,2077,10,0,19,0
185,rarity600,rarity,0,1.5464118047517683,4.159722222222222,0.39999999999999997,11,2079,10,0,20,0
186,rarity600,rarity,0,1.5482196785708446,4.161458333333333,0.39999999999999997,11,2083,10,0,18,0
187,rarity600,rarity,0,1.553502615687947,4.180555555555555,0.39999999999999997,11,2086,10,0,19,0
188,rarity600,rarity,0,1.5547214582496787,4.180555555555555,0.39999999999999997,10,2088,10,0,18,0
189,rarity600,rarity,0,1.5577316636107965,4.199652777777778,0.39999999999999997,10,2090,10,0,18,0
190,rarity600,rarity,0,1.5610710517384947,4.210069444444445,0.39999999999999997,11,2095,10,0,17,0
191,rarity600,rarity,0,1.5660803712711946,4.223958333333333,0.39999999999999997,11,2098,10,0,19,0
192,rarity600,rarity,0,1.568666605479741,4.229166666666667,0.39999999999999997,11,2101,10,0,19,0
193,rarity600,rarity,0,1.570370379181852,4.230902777777778,0.39999999999999997,11,2104,10,0,19,0
194,rarity600,rarity,0,1.57204391094201,4.234375,0.39999999999999997,11,2106,10,0,20,0
195,rarity600,rarity,0,1.5733067477325142,4.234375,0.39999999999999997,11,2106,10,0,22,0
196,rarity600,rarity,0,1.5736259379381154,4.234375,0.39999999999999997,11,2109,10,0,19,0
197,rarity600,rarity,0,1.5768543397109551,4.255208333333333,0.39999999999999997,12,2112,10,0,21,0
198,rarity600,rarity,0,1.5827767212365378,4.272569444444445,0.39999999999999997,13,2114,10,0,24,0
199,rarity600,rarity,0,1.583078941607568,4.272569444444445,0.39999999999999997,13,2116,10,0,24,0
200,rarity600,rarity,0,1.5853683262326996,4.289930555555555,0.39999999999999997,13,2124,10,0,18,0
201,rarity600,rarity,0,1.5932028856474367,4.303819444444445,0.39999999999999997,13,2127,11,0,23,0
202,rarity600,rarity,0,1.601146833656039,4.3125,0.39999999999999997,13,2134,11,0,19,0
203,rarity600,rarity,0,1.6030453020922768,4.315972222222222,0.39999999999999997,13,2136,11,0,24,0
204,rarity600,rarity,0,1.60763281118286,4.338541666666667,0.39999999999999997,13,2137,11,0,25,0
205,rarity600,rarity,0,1.611207306404476,4.338541666666667,0.39999999999999997,13,2140,11,0,23,0
206,rarity600,rarity,0,1.613737754029397,4.336805555555555,0.39999999999999997,13,2143,11,0,23,0
207,rarity600,rarity,0,1.6162102114855659,4.340277777777778,0.39999999999999997,14,2145,11,0,26,0
208,rarity600,rarity,0,1.616779006138381,4.348958333333333,0.39999999999999997,14,2150,11,0,23,0
209,rarity600,rarity,0,1.6183041871848742,4.355902777777778,0.39999999999999997,14,2151,11,0,27,0
210,rarity600,rarity,0,1.6200756303409818,4.364583333333333,0.39999999999999997,14,2152,11,0,27,0
211,rarity600,rarity,0,1.6222110132678094,4.373263888888889,0.39999999999999997,14,2153,11,0,27,0
212,rarity600,rarity,0,1.6248104705365956,4.378472222222222,0.39999999999999997,14,2154,11,0,27,0
213,rarity600,rarity,0,1.6260815805651694,4.383680555555555,0.39999999999999997,14,2158,11,0,24,0
214,rarity600,rarity,0,1.6287986905038068,4.387152777777778,0.39999999999999997,15,2158,11,0,30,0
215,rarity600,rarity,0,1.629858436361884,4.392361111111111,0.39999999999999997,15,2158,11,0,30,0
216,rarity600,rarity,0,1.6333881530351921,4.397569444444445,0.39999999999999997,15,2159,11,0,29,0
217,rarity600,rarity,0,1.6361749378827597,4.418402777777778,0.39999999999999997,15,2159,11,0,30,0
218,rarity600,rarity,0,1.6372167089031149,4.423611111111111,0.39999999999999997,15,2163,11,0,26,0
219,rarity600,rarity,0,1.6361999942614556,4.423611111111111,0.39999999999999997,15,2170,11,0,23,0
220,rarity600,rarity,0,1.6389258581473998,4.428819444444445,0.39999999999999997,15,2173,11,0,27,0
221,rarity600,rarity,0,1.6481846146424333,4.449652777777778,0.39999999999999997,15,2176,11,0,27,0
222,rarity600,rarity,0,1.6498741568587638,4.451388888888889,0.39999999999999997,15,2181,11,0,25,0
223,rarity600,rarity,0,1.6520647303875085,4.451388888888889,0.39999999999999997,15,2181,11,0,30,0
224,rarity600,rarity,0,1.6546125807149317,4.456597222222222,0.39999999999999997,15,2186,11,0,25,0
225,rarity600,rarity,0,1.6557299392546794,4.458333333333333,0.39999999999999997,15,2192,11,0,24,0
226,rarity600,rarity,0,1.6595744149323752,4.460069444444445,0.39999999999999997,15,2195,11,0,27,0
227,rarity600,rarity,0,1.6601173825370112,4.460069444444445,0.39999999999999997,16,2200,11,0,27,0
228,rarity600,rarity,0,1.664141414880541,4.475694444444445,0.39999999999999997,16,2201,11,0,31,0
229,rarity600,rarity,0,1.6662267771677024,4.477430555555555,0.39999999999999997,16,2202,11,0,31,0
230,rarity600,rarity,0,1.6698017140844215,4.493055555555555,0.39999999999999997,16,2204,11,0,30,0
231,rarity600,rarity,0,1.676312422735568,4.512152777777778,0.39999999999999997,16,2204,11,0,32,0
232,rarity600,rarity,0,1.6803877064048272,4.522569444444445,0.39999999999999997,16,2204,11,0,32,0
233,rarity600,rarity,0,1.6846697524753764,4.539930555555555,0.39999999999999997,16,2206,11,0,30,0
234,rarity600,rarity,0,1.6878048567148953,4.548611111111111,0.39999999999999997,16,2207,11,0,31,0
235,rarity600,rarity,0,1.6906631949235662,4.559027777777778,0.39999999999999997,16,2207,11,0,32,0
236,rarity600,rarity,0,1.6913601296422907,4.560763888888889,0.39999999999999997,16,2208,11,0,31,0
237,rarity600,rarity,0,1.6936419622344825,4.560763888888889,0.39999999999999997,16,2210,11,0,30,0
238,rarity600,rarity,0,1.6964813418080995,4.564236111111111,0.39999999999999997,16,2211,11,0,31,0
239,rarity600,rarity,0,1.7003873232619025,4.576388888888889,0.39999999999999997,16,2213,11,0,30,0
240,rarity600,rarity,0,1.7010610570773053,4.571180555555555,0.39999999999999997,16,2214,11,0,31,0
241,rarity600,rarity,0,1.7064313071282498,4.578125,0.39999999999999997,17,2215,11,0,33,0
242,rarity600,rarity,0,1.708197553845747,4.583333333333333,0.39999999999999997,17,2215,11,0,34,0
243,rarity600,rarity,0,1.7086657780014904,4.583333333333333,0.39999999999999997,16,2218,11,0,29,0
244,rarity600,rarity,0,1.7099126705027579,4.588541666666667,0.39999999999999997,16,2222,11,0,28,0
245,rarity600,rarity,0,1.7117645347418469,4.595486111111111,0.39999999999999997,17,2225,11,0,31,0
246,rarity600,rarity,0,1.7145274629420442,4.614583333333333,0.39999999999999997,17,2225,11,0,34,0
247,rarity600,rarity,0,1.7173010857358801,4.616319444444445,0.39999999999999997,17,2225,11,0,34,0
248,rarity600,rarity,0,1.7191225135302397,4.618055555555555,0.39999999999999997,18,2227,11,0,34,0
249,rarity600,rarity,0,1.7196452617204354,4.626736111111111,0.39999999999999997,18,2227,11,0,36,0
250,rarity600,rarity,0,1.7220365745241402,4.626736111111111,0.39999999999999997,18,2227,11,0,36,0
251,rarity600,rarity,0,1.7241423190972736,4.623263888888889,0.39999999999999997,20,2228,11,0,39,0
252,rarity600,rarity,0,1.7270765396530878,4.623263888888889,0.39999999999999997,19,2230,11,0,36,0
253,rarity600,rarity,0,1.7300493323623605,4.640625,0.39999999999999997,19,2234,11,0,34,0
254,rarity600,rarity,0,1.7327056610568068,4.65625,0.39999999999999997,19,2235,11,0,37,0
255,rarity600,rarity,0,1.7347930770275153,4.65625,0.39999999999999997,19,2239,11,0,34,0
256,rarity600,rarity,0,1.7402254260342906,4.668402777777778,0.39999999999999997,18,2239,11,0,36,0
257,rarity600,rarity,0,1.7449524796637985,4.680555555555555,0.39999999999999997,18,2239,11,0,36,0
258,rarity600,rarity,0,1.748018808558885,4.684027777777778,0.39999999999999997,18,2239,11,0,36,0
259,rarity600,rarity,0,1.7514675983655943,4.6875,0.39999999999999997,18,2240,11,0,35,0
260,rarity600,rarity,0,1.7543008257193933,4.703125,0.39999999999999997,17,2242,11,0,32,0
261,rarity600,rarity,0,1.757106548709836,4.703125,0.39999999999999997,17,2242,11,0,34,0
262,rarity600,rarity,0,1.758113808504724,4.708333333333333,0.39999999999999997,18,2243,11,0,35,0
263,rarity600,rarity,0,1.7637617486955461,4.723958333333333,0.39999999999999997,18,2244,11,0,35,0
264,rarity600,rarity,0,1.7678658694138207,4.729166666666667,0.39999999999999997,18,2244,11,0,36,0
265,rarity600,rarity,0,1.769526065325553,4.744791666666667,0.39999999999999997,18,2245,11,0,35,0
266,rarity600,rarity,0,1.7683960361426523,4.743055555555555,0.39999999999999997,18,2248,11,0,33,0
267,rarity600,rarity,0,1.7703303059094138,4.753472222222222,0.39999999999999997,18,2248,11,0,36,0
268,rarity600,rarity,0,1.7709575296145375,4.756944444444445,0.39999999999999997,17,2250,11,0,32,0
269,rarity600,rarity,0,1.7735483724056351,4.758680555555555,0.39999999999999997,17,2250,11,0,34,0
270,rarity600,rarity,0,1.7775599145741114,4.758680555555555,0.39999999999999997,17,2252,11,0,32,0
271,rarity600,rarity,0,1.7788318874833786,4.758680555555555,0.39999999999999997,17,2255,11,0,31,0
272,rarity600,rarity,0,1.7828808426340959,4.774305555555555,0.39999999999999997,17,2255,11,0,34,0
273,rarity600,rarity,0,1.783320370633877,4.772569444444445,0.39999999999999997,17,2256,11,0,33,0
274,rarity600,rarity,0,1.7849684737994684,4.776041666666667,0.39999999999999997,16,2258,11,0,30,0
275,rarity600,rarity,0,1.7879434380619494,4.776041666666667,0.39999999999999997,16,2258,11,0,32,0
276,rarity600,rarity,0,1.7901270042414734,4.793402777777778,0.39999999999999997,16,2260,11,0,30,0
277,rarity600,rarity,0,1.7905932052220939,4.796875,0.39999999999999997,16,2260,11,0,32,0
278,rarity600,rarity,0,1.7948878084232904,4.802083333333333,0.39999999999999997,15,2262,11,0,28,0
279,rarity600,rarity,0,1.7968870998686626,4.798611111111111,0.39999999999999997,15,2263,11,0,29,0
280,rarity600,rarity,0,1.7994648506362199,4.798611111111111,0.39999999999999997,15,2265,11,0,28,0
281,rarity600,rarity,0,1.7994375025120988,4.796875,0.39999999999999997,16,2265,11,0,32,0
282,rarity600,rarity,0,1.80141339741917,4.795138888888889,0.39999999999999997,16,2266,11,0,31,0
283,rarity600,rarity,0,1.8054058739468484,4.791666666666667,0.39999999999999997,16,2267,11,0,31,0
284,rarity600,rarity,0,1.8077177670915443,4.791666666666667,0.39999999999999997,16,2267,11,0,32,0
285,rarity600,rarity,0,1.8081396941314516,4.793402777777778,0.39999999999999997,16,2268,11,0,31,0
286,rarity600,rarity,0,1.8162957896665266,4.805555555555555,0.39999999999999997,16,2268,11,0,32,0
287,rarity600,rarity,0,1.8179376726889858,4.795138888888889,0.39999999999999997,16,2268,11,0,32,0
288,rarity600,rarity,0,1.8192748040375863,4.795138888888889,0.39999999999999997,16,2271,11,0,29,0
289,rarity600,rarity,0,1.8210812981517754,4.800347222222222,0.39999999999999997,16,2271,11,0,32,0
290,rarity600,rarity,0,1.8240797428589035,4.800347222222222,0.39999999999999997,16,2272,11,0,31,0
291,rarity600,rarity,0,1.8268934364136507,4.803819444444445,0.39999999999999997,16,2272,11,0,32,0
292,rarity600,rarity,0,1.835583661709058,4.822916666666667,0.39999999999999997,16,2273,11,0,31,0
293,rarity600,rarity,0,1.836078569406563,4.824652777777778,0.39999999999999997,16,2273,11,0,32,0
294,rarity600,rarity,0,1.837251944983427,4.838541666666667,0.39999999999999997,16,2273,11,0,32,0
295,rarity600,rarity,0,1.84091676233446,4.854166666666667,0.39999999999999997,16,2276,11,0,29,0
296,rarity600,rarity,0,1.8471269742541163,4.869791666666667,0.39999999999999997,16,2276,11,0,32,0
297,rarity600,rarity,0,1.8488395420415185,4.862847222222222,0.39999999999999997,16,2276,11,0,32,0
298,rarity600,rarity,0,1.8495709745863746,4.866319444444445,0.39999999999999997,16,2276,11,0,32,0
299,rarity600,rarity,0,1.8540236316827354,4.892361111111111,0.39999999999999997,16,2276,11,0,32,0
300,rarity600,rarity,0,1.8582610216778286,4.892361111111111,0.39999999999999997,16,2276,11,0,32,0
301,rarity600,rarity,0,1.8589372188844642,4.888888888888889,0.39999999999999997,16,2278,11,0,30,0
302,rarity600,rarity,0,1.8636962523852127,4.902777777777778,0.39999999999999997,16,2280,11,0,30,0
303,rarity600,rarity,0,1.8643839451105635,4.899305555555555,0.39999999999999997,16,2281,11,0,31,0
304,rarity600,rarity,0,1.8639567412519702,4.90625,0.39999999999999997,16,2282,11,0,31,0
305,rarity600,rarity,0,1.8656603209167035,4.914930555555555,0.39999999999999997,16,2284,11,0,30,0
306,rarity600,rarity,0,1.8729931042205383,4.942708333333333,0.39999999999999997,16,2285,11,0,31,0
307,rarity600,rarity,0,1.8740625896862952,4.953125,0.39999999999999997,16,2286,11,0,31,0
308,rarity600,rarity,0,1.8784074153169192,4.96875,0.39999999999999997,16,2286,11,0,32,0
309,rarity600,rarity,0,1.8804455213774296,4.970486111111111,0.39999999999999997,16,2286,11,0,32,0
310,rarity600,rarity,0,1.8820662903420904,4.986111111111111,0.39999999999999997,16,2286,11,0,32,0
311,rarity600,rarity,0,1.8848331350401402,4.998263888888889,0.39999999999999997,16,2286,11,0,32,0
312,rarity600,rarity,0,1.8868937582990093,5.0,0.39999999999999997,16,2287,11,0,31,0
313,rarity600,rarity,0,1.888803926707563,5.006944444444445,0.39999999999999997,16,2287,11,0,32,0
314,rarity600,rarity,0,1.8890909298902356,5.010416666666667,0.39999999999999997,16,2287,11,0,32,0
315,rarity600,rarity,0,1.8902226730572478,5.013888888888889,0.39999999999999997,16,2287,11,0,32,0
316,rarity600,rarity,0,1.8911167698760296,5.013888888888889,0.39999999999999997,16,2287,11,0,32,0
317,rarity600,rarity,0,1.8916906510952585,5.017361111111111,0.39999999999999997,16,2287,11,0,32,0
318,rarity600,rarity,0,1.894112518970907,5.019097222222222,0.39999999999999997,16,2287,11,0,32,0
319,rarity600,rarity,0,1.896966722167483,5.03125,0.39999999999999997,16,2287,11,0,32,0
320,rarity600,rarity,0,1.9000589894952338,5.036458333333333,0.39999999999999997,16,2287,11,0,32,0
321,rarity600,rarity,0,1.901460192351637,5.045138888888889,0.39999999999999997,16,2287,11,0,32,0
322,rarity600,rarity,0,1.9047493454791653,5.064236111111111,0.39999999999999997,16,2291,11,0,28,0
323,rarity600,rarity,0,1.9060481741427457,5.065972222222222,0.39999999999999997,16,2291,11,0,32,0
324,rarity600,rarity,0,1.9072388579511812,5.064236111111111,0.39999999999999997,16,2292,11,0,31,0
325,rarity600,rarity,0,1.9133472447123454,5.083333333333333,0.39999999999999997,16,2292,11,0,32,0
326,rarity600,rarity,0,1.915323780120969,5.086805555555555,0.39999999999999997,16,2292,11,0,32,0
327,rarity600,rarity,0,1.916523964146885,5.088541666666667,0.39999999999999997,16,2292,11,0,32,0
328,rarity600,rarity,0,1.9194250287649581,5.092013888888889,0.39999999999999997,16,2293,11,0,31,0
329,rarity600,rarity,0,1.9230248982818188,5.09375,0.39999999999999997,16,2295,11,0,30,0
330,rarity600,rarity,0,1.9238625985574216,5.098958333333333,0.39999999999999997,16,2295,11,0,32,0
331,rarity600,rarity,0,1.9248391253013273,5.102430555555555,0.39999999999999997,16,2295,11,0,32,0
332,rarity600,rarity,0,1.9287893352177512,5.09375,0.39999999999999997,16,2296,11,0,31,0
333,rarity600,rarity,0,1.9372301544947539,5.119791666666667,0.39999999999999997,16,2297,11,0,31,0
334,rarity600,rarity,0,1.93761670236017,5.118055555555555,0.39999999999999997,15,2297,11,0,30,0
335,rarity600,rarity,0,1.9378047922065282,5.128472222222222,0.39999999999999997,15,2297,11,0,30,0
336,rarity600,rarity,0,1.9377145271822904,5.128472222222222,0.39999999999999997,15,2297,11,0,30,0
337,rarity600,rarity,0,1.9395155299900617,5.126736111111111,0.39999999999999997,15,2297,11,0,30,0
338,rarity600,rarity,0,1.9402404039877046,5.128472222222222,0.39999999999999997,16,2297,11,0,32,0
339,rarity600,rarity,0,1.9432012374721845,5.138888888888889,0.39999999999999997,16,2298,11,0,31,0
340,rarity600,rarity,0,1.9442237261746798,5.145833333333333,0.39999999999999997,16,2298,11,0,32,0
341,rarity600,rarity,0,1.944979372336148,5.138888888888889,0.39999999999999997,16,2298,11,0,32,0
342,rarity600,rarity,0,1.9452408468692999,5.138888888888889,0.39999999999999997,15,2298,11,0,30,0
343,rarity600,rarity,0,1.9458418128787853,5.145833333333333,0.39999999999999997,15,2298,11,0,30,0
344,rarity600,rarity,0,1.9496572075154026,5.151041666666667,0.39999999999999997,15,2298,11,0,30,0
345,rarity600,rarity,0,1.9521643624438803,5.154513888888889,0.39999999999999997,15,2299,11,0,29,0
346,rarity600,rarity,0,1.9524393320113154,5.154513888888889,0.39999999999999997,15,2299,11,0,30,0
347,rarity600,rarity,0,1.9523251239913013,5.166666666666667,0.39999999999999997,15,2299,11,0,30,0
348,rarity600,rarity,0,1.954148986417109,5.173611111111111,0.39999999999999997,15,2299,11,0,30,0
349,rarity600,rarity,0,1.9555650579679296,5.170138888888889,0.39999999999999997,15,2299,11,0,30,0
350,rarity600,rarity,0,1.9558771993671271,5.177083333333333,0.39999999999999997,15,2299,11,0,30,0
351,rarity600,rarity,0,1.9562730002650368,5.173611111111111,0.39999999999999997,14,2300,11,0,27,0
352,rarity600,rarity,0,1.9583424296224885,5.182291666666667,0.39999999999999997,14,2300,11,0,28,0
353,rarity600,rarity,0,1.9581402413744193,5.182291666666667,0.39999999999999997,14,2300,11,0,28,0
354,rarity600,rarity,0,1.960161822650748,5.184027777777778,0.39999999999999997,14,2300,11,0,28,0
355,rarity600,rarity,0,1.9610340234071677,5.1875,0.39999999999999997,14,2300,11,0,28,0
356,rarity600,rarity,0,1.961720050360754,5.1875,0.39999999999999997,14,2300,11,0,28,0
357,rarity600,rarity,0,1.9640463940397923,5.210069444444445,0.39999999999999997,14,2300,11,0,28,0
358,rarity600,rarity,0,1.966287485253162,5.217013888888889,0.39999999999999997,13,2300,11,0,26,0
359,rarity600,rarity,0,1.9695292165183425,5.232638888888889,0.39999999999999997,13,2301,11,0,25,0
360,rarity600,rarity,0,1.9700047606311522,5.227430555555555,0.39999999999999997,13,2301,11,0,26,0
361,rarity600,rarity,0,1.9702012084728664,5.244791666666667,0.39999999999999997,13,2301,11,0,26,0
362,rarity600,rarity,0,1.9704412510227205,5.246527777777778,0.39999999999999997,13,2301,11,0,26,0
363,rarity600,rarity,0,1.9730322185970142,5.253472222222222,0.39999999999999997,13,2301,11,0,26,0
364,rarity600,rarity,0,1.9761369945819949,5.269097222222222,0.39999999999999997,13,2301,11,0,26,0
365,rarity600,rarity,0,1.9773601659594113,5.260416666666667,0.39999999999999997,13,2301,11,0,26,0
366,rarity600,rarity,0,1.979220945760015,5.262152777777778,0.39999999999999997,13,2301,11,0,26,0
367,rarity600,rarity,0,1.9800446251430506,5.260416666666667,0.39999999999999997,13,2301,11,0,26,0
368,rarity600,rarity,0,1.9817626883787336,5.253472222222222,0.39999999999999997,15,2301,11,0,30,0
369,rarity600,rarity,0,1.9821335062096146,5.251736111111111,0.39999999999999997,15,2301,11,0,30,0
370,rarity600,rarity,0,1.9834477611527819,5.25,0.39999999999999997,15,2301,11,0,30,0
371,rarity600,rarity,0,1.986113796926703,5.248263888888889,0.39999999999999997,14,2301,11,0,28,0
372,rarity600,rarity,0,1.987348576296051,5.269097222222222,0.39999999999999997,15,2301,11,0,30,0
373,rarity600,rarity,0,1.988965571938514,5.274305555555555,0.39999999999999997,15,2301,11,0,30,0
374,rarity600,rarity,0,1.9893859409046906,5.270833333333333,0.39999999999999997,15,2301,11,0,30,0
375,rarity600,rarity,0,1.9893643463169477,5.267361111111111,0.39999999999999997,15,2301,11,0,30,0
376,rarity600,rarity,0,1.9898996657515666,5.263888888888889,0.39999999999999997,15,2301,11,0,30,0
377,rarity600,rarity,0,1.9899891693970526,5.265625,0.39999999999999997,15,2301,11,0,30,0
378,rarity600,rarity,0,1.9938556327311128,5.288194444444445,0.39999999999999997,15,2301,11,0,30,0
379,rarity600,rarity,0,1.9961528996826372,5.288194444444445,0.39999999999999997,15,2301,11,0,30,0
380,rarity600,rarity,0,2.0006204215490926,5.276041666666667,0.39999999999999997,15,2301,11,0,30,0
381,rarity600,rarity,0,2.003034566179202,5.277777777777778,0.39999999999999997,16,2301,11,0,32,0
382,rarity600,rarity,0,2.0039049916150824,5.279513888888889,0.39999999999999997,16,2301,11,0,32,0
383,rarity600,rarity,0,2.004485855874852,5.276041666666667,0.39999999999999997,16,2301,11,0,32,0
384,rarity600,rarity,0,2.006523481314485,5.279513888888889,0.39999999999999997,16,2301,11,0,32,0
385,rarity600,rarity,0,2.006775793943215,5.279513888888889,0.39999999999999997,15,2301,11,0,30,0
386,rarity600,rarity,0,2.0086875229785353,5.284722222222222,0.39999999999999997,15,2301,11,0,30,0
387,rarity600,rarity,0,2.010503484811205,5.284722222222222,0.39999999999999997,15,2301,11,0,30,0
388,rarity600,rarity,0,2.010944482120811,5.288194444444445,0.39999999999999997,15,2301,11,0,30,0
389,rarity600,rarity,0,2.011006372397811,5.291666666666667,0.39999999999999997,14,2301,11,0,28,0
390,rarity600,rarity,0,2.011170676033864,5.300347222222222,0.39999999999999997,14,2301,11,0,28,0
391,rarity600,rarity,0,2.0130721880008497,5.298611111111111,0.39999999999999997,14,2301,11,0,28,0
392,rarity600,rarity,0,2.01525735945432,5.288194444444445,0.39999999999999997,13,2301,11,0,26,0
393,rarity600,rarity,0,2.0155477988009376,5.288194444444445,0.39999999999999997,13,2301,11,0,26,0
394,rarity600,rarity,0,2.0159457335453967,5.289930555555555,0.39999999999999997,13,2301,11,0,26,0
395,rarity600,rarity,0,2.017055889926663,5.289930555555555,0.39999999999999997,11,2301,11,0,22,0
396,rarity600,rarity,0,2.019192690856797,5.296875,0.39999999999999997,11,2301,11,0,22,0
397,rarity600,rarity,0,2.0204469421616333,5.300347222222222,0.39999999999999997,11,2301,11,0,22,0
398,rarity600,rarity,0,2.0208824726379544,5.302083333333333,0.39999999999999997,11,2301,11,0,22,0
399,rarity600,rarity,0,2.0216016298827424,5.293402777777778,0.39999999999999997,11,2301,11,0,22,0
400,rarity600,rarity,0,2.0220545319648524,5.289930555555555,0.39999999999999997,12,2301,11,0,24,0
401,rarity600,rarity,0,2.023415028956463,5.289930555555555,0.39999999999999997,12,2301,11,0,24,0
402,rarity600,rarity,0,2.0257833243986587,5.289930555555555,0.39999999999999997,12,2301,11,0,24,0
403,rarity600,rarity,0,2.0271736961825826,5.295138888888889,0.39999999999999997,12,2301,11,0,24,0
404,rarity600,rarity,0,2.031874518870584,5.298611111111111,0.39999999999999997,12,2301,11,0,24,0
405,rarity600,rarity,0,2.031874518870584,5.298611111111111,0.39999999999999997,12,2301,11,0,24,0
406,rarity600,rarity,0,2.0322875571230297,5.305555555555555,0.39999999999999997,11,2301,11,0,22,0
407,rarity600,rarity,0,2.0324532440949654,5.322916666666667,0.39999999999999997,11,2301,11,0,22,0
408,rarity600,rarity,0,2.032794401834985,5.307291666666667,0.39999999999999997,11,2301,11,0,22,0
409,rarity600,rarity,0,2.0348598514607783,5.314236111111111,0.39999999999999997,11,2301,11,0,22,0
410,rarity600,rarity,0,2.0367198963175945,5.317708333333333,0.39999999999999997,11,2301,11,0,22,0
411,rarity600,rarity,0,2.0377222645607698,5.3125,0.39999999999999997,11,2301,11,0,22,0
412,rarity600,rarity,0,2.0393059318395954,5.322916666666667,0.39999999999999997,11,2301,11,0,22,0
413,rarity600,rarity,0,2.0397196986360844,5.321180555555555,0.39999999999999997,11,2301,11,0,22,0
414,rarity600,rarity,0,2.043029945736478,5.335069444444445,0.39999999999999997,11,2301,11,0,22,0
415,rarity600,rarity,0,2.0460037684975254,5.342013888888889,0.39999999999999997,11,2301,11,0,22,0
416,rarity600,rarity,0,2.0458803599882907,5.34375,0.39999999999999997,11,2301,11,0,22,0
417,rarity600,rarity,0,2.0479747413080838,5.348958333333333,0.39999999999999997,11,2301,11,0,22,0
418,rarity600,rarity,0,2.049437269362016,5.355902777777778,0.39999999999999997,11,2301,11,0,22,0
419,rarity600,rarity,0,2.049461235118031,5.359375,0.39999999999999997,11,2301,11,0,22,0
420,rarity600,rarity,0,2.0513720441114875,5.362847222222222,0.39999999999999997,11,2301,11,0,22,0
421,rarity600,rarity,0,2.051685618326963,5.357638888888889,0.39999999999999997,10,2301,11,0,20,0
422,rarity600,rarity,0,2.053504329214659,5.359375,0.39999999999999997,10,2301,11,0,20,0
423,rarity600,rarity,0,2.0573178810430552,5.380208333333333,0.39999999999999997,10,2301,11,0,20,0
424,rarity600,rarity,0,2.059406649255128,5.401041666666667,0.39999999999999997,11,2301,11,0,22,0
425,rarity600,rarity,0,2.0646340234218767,5.411458333333333,0.39999999999999997,10,2301,11,0,20,0
426,rarity600,rarity,0,2.065091281472674,5.407986111111111,0.39999999999999997,10,2301,11,0,20,0
427,rarity600,rarity,0,2.0668149716552207,5.40625,0.39999999999999997,10,2301,11,0,20,0
428,rarity600,rarity,0,2.0678642302233707,5.399305555555555,0.39999999999999997,10,2301,11,0,20,0
429,rarity600,rarity,0,2.070832613490266,5.407986111111111,0.39999999999999997,10,2301,11,0,20,0
430,rarity600,rarity,0,2.0701745016525477,5.40625,0.39999999999999997,10,2301,11,0,20,0
431,rarity600,rarity,0,2.069869318464838,5.407986111111111,0.39999999999999997,10,2301,11,0,20,0
432,rarity600,rarity,0,2.0713136287194494,5.401041666666667,0.39999999999999997,10,2301,11,0,20,0
433,rarity600,rarity,0,2.072410735181922,5.397569444444445,0.39999999999999997,10,2301,11,0,20,0
434,rarity600,rarity,0,2.0728654059212746,5.392361111111111,0.39999999999999997,11,2301,11,0,22,0
435,rarity600,rarity,0,2.075130464890309,5.401041666666667,0.39999999999999997,12,2301,11,0,24,0
436,rarity600,rarity,0,2.0758978892526954,5.390625,0.39999999999999997,12,2301,11,0,24,0
437,rarity600,rarity,0,2.078849282592529,5.390625,0.39999999999999997,12,2301,11,0,24,0
438,rarity600,rarity,0,2.081025725702173,5.394097222222222,0.39999999999999997,12,2301,11,0,24,0
439,rarity600,rarity,0,2.081444616827806,5.399305555555555,0.39999999999999997,12,2301,11,0,24,0
440,rarity600,rarity,0,2.085429236000083,5.425347222222222,0.39999999999999997,12,2301,11,0,24,0
441,rarity600,rarity,0,2.086049351877364,5.420138888888889,0.39999999999999997,13,2301,11,0,26,0
442,rarity600,rarity,0,2.0876816174591153,5.416666666666667,0.39999999999999997,13,2301,11,0,26,0
443,rarity600,rarity,0,2.090382832835782,5.423611111111111,0.39999999999999997,13,2301,11,0,26,0
444,rarity600,rarity,0,2.0922212975845627,5.418402777777778,0.39999999999999997,13,2301,11,0,26,0
445,rarity600,rarity,0,2.092788436489032,5.411458333333333,0.39999999999999997,13,2301,11,0,26,0
446,rarity600,rarity,0,2.0947512590678716,5.416666666666667,0.39999999999999997,13,2301,11,0,26,0
447,rarity600,rarity,0,2.097231692298469,5.434027777777778,0.39999999999999997,13,2301,11,0,26,0
448,rarity600,rarity,0,2.0986226080094954,5.432291666666667,0.39999999999999997,13,2302,11,0,25,0
449,rarity600,rarity,0,2.0992538129371,5.421875,0.39999999999999997,13,2302,11,0,26,0
450,rarity600,rarity,0,2.0993288950045246,5.442708333333333,0.39999999999999997,13,2302,11,0,26,0
451,rarity600,rarity,0,2.1006174156420947,5.432291666666667,0.39999999999999997,13,2302,11,0,26,0
452,rarity600,rarity,0,2.1047396482582865,5.444444444444445,0.39999999999999997,13,2303,11,0,25,0
453,rarity600,rarity,0,2.1065194267042955,5.439236111111111,0.39999999999999997,13,2303,11,0,26,0
454,rarity600,rarity,0,2.1086784943837675,5.434027777777778,0.39999999999999997,13,2303,11,0,26,0
455,rarity600,rarity,0,2.1113673675856295,5.447916666666667,0.39999999999999997,14,2303,11,0,28,0
456,rarity600,rarity,0,2.112971738547209,5.465277777777778,0.39999999999999997,15,2303,11,0,30,0
457,rarity600,rarity,0,2.1154966288599133,5.451388888888889,0.39999999999999997,15,2303,11,0,30,0
458,rarity600,rarity,0,2.1179024151280763,5.4375,0.39999999999999997,15,2303,11,0,30,0
459,rarity600,rarity,0,2.120346501522087,5.427083333333333,0.39999999999999997,15,2303,11,0,30,0
460,rarity600,rarity,0,2.1257643467717076,5.427083333333333,0.39999999999999997,15,2303,11,0,30,0
461,rarity600,rarity,0,2.125606177605786,5.428819444444445,0.39999999999999997,15,2303,11,0,30,0
462,rarity600,rarity,0,2.1274771950761537,5.430555555555555,0.39999999999999997,15,2303,11,0,30,0
463,rarity600,rarity,0,2.129141280706695,5.430555555555555,0.39999999999999997,15,2304,11,0,29,0
464,rarity600,rarity,0,2.1302153233605714,5.420138888888889,0.39999999999999997,15,2304,11,0,30,0
465,rarity600,rarity,0,2.134507459069166,5.434027777777778,0.39999999999999997,15,2304,12,0,30,0
466,rarity600,rarity,0,2.137105956694002,5.430555555555555,0.39999999999999997,15,2304,12,0,30,0
467,rarity600,rarity,0,2.1379541265239435,5.440972222222222,0.39999999999999997,15,2304,12,0,30,0
468,rarity600,rarity,0,2.142039118091825,5.461805555555555,0.39999999999999997,15,2304,12,0,30,0
469,rarity600,rarity,0,2.1442420074880166,5.470486111111111,0.39999999999999997,15,2304,12,0,30,0
470,rarity600,rarity,0,2.1480008361661724,5.463541666666667,0.39999999999999997,15,2304,12,0,30,0
471,rarity600,rarity,0,2.1484840953549824,5.463541666666667,0.39999999999999997,15,2304,12,0,30,0
472,rarity600,rarity,0,2.1496970961927913,5.465277777777778,0.39999999999999997,15,2304,12,0,30,0
473,rarity600,rarity,0,2.15002537555449,5.461805555555555,0.39999999999999997,15,2304,12,0,30,0
474,rarity600,rarity,0,2.1505097499037538,5.449652777777778,0.39999999999999997,15,2304,12,0,30,0
475,rarity600,rarity,0,2.1506715178426328,5.442708333333333,0.39999999999999997,15,2304,12,0,30,0
476,rarity600,rarity,0,2.1523427585792323,5.434027777777778,0.39999999999999997,15,2304,12,0,30,0
477,rarity600,rarity,0,2.154593003495242,5.434027777777778,0.39999999999999997,15,2304,12,0,30,0
478,rarity600,rarity,0,2.156258611971761,5.427083333333333,0.39999999999999997,15,2304,12,0,30,0
479,rarity600,rarity,0,2.156755993176808,5.420138888888889,0.39999999999999997,15,2304,12,0,30,0
480,rarity600,rarity,0,2.156755993176808,5.420138888888889,0.39999999999999997,15,2304,12,0,30,0
481,rarity600,rarity,0,2.1570834845593914,5.421875,0.39999999999999997,15,2304,12,0,30,0
482,rarity600,rarity,0,2.1592289222233023,5.430555555555555,0.39999999999999997,14,2304,12,0,28,0
483,rarity600,rarity,0,2.161766054383011,5.427083333333333,0.39999999999999997,14,2304,12,0,28,0
484,rarity600,rarity,0,2.1614294876883826,5.4375,0.39999999999999997,14,2304,12,0,28,0
485,rarity600,rarity,0,2.1637454193177237,5.458333333333333,0.39999999999999997,13,2304,12,0,26,0
486,rarity600,rarity,0,2.1648821781942575,5.473958333333333,0.39999999999999997,14,2304,12,0,28,0
487,rarity600,rarity,0,2.165668437070077,5.486111111111111,0.39999999999999997,15,2304,12,0,30,0
488,rarity600,rarity,0,2.166919887633478,5.496527777777778,0.39999999999999997,15,2304,12,0,30,0
489,rarity600,rarity,0,2.168827775510376,5.517361111111111,0.39999999999999997,15,2304,12,0,30,0
490,rarity600,rarity,0,2.171488453702834,5.529513888888889,0.39999999999999997,15,2304,12,0,30,0
491,rarity600,rarity,0,2.172662705808127,5.539930555555555,0.39999999999999997,15,2304,12,0,30,0
492,rarity600,rarity,0,2.175781257923732,5.553819444444445,0.39999999999999997,15,2304,12,0,30,0
493,rarity600,rarity,0,2.176591151669909,5.564236111111111,0.39999999999999997,15,2304,12,0,30,0
494,rarity600,rarity,0,2.1783452524338243,5.560763888888889,0.39999999999999997,16,2304,12,0,32,0
495,rarity600,rarity,0,2.1807912239970397,5.557291666666667,0.39999999999999997,16,2304,12,0,32,0
496,rarity600,rarity,0,2.181220251855168,5.5625,0.39999999999999997,16,2304,12,0,32,0
497,rarity600,rarity,0,2.181129501786126,5.576388888888889,0.39999999999999997,16,2304,12,0,32,0
498,rarity600,rarity,0,2.1840285013870573,5.578125,0.39999999999999997,16,2304,12,0,32,0
499,rarity600,rarity,0,2.184930376814771,5.578125,0.39999999999999997,16,2304,12,0,32,0
500,rarity600,rarity,0,2.188459469053114,5.590277777777778,0.39999999999999997,16,2304,12,0,32,0
501,rarity600,rarity,0,2.1904515703540635,5.583333333333333,0.39999999999999997,16,2304,12,0,32,0
502,rarity600,rarity,0,2.192695843626553,5.595486111111111,0.39999999999999997,16,2304,12,0,32,0
503,rarity600,rarity,0,2.1957196278713456,5.595486111111111,0.39999999999999997,16,2304,12,0,32,0
504,rarity600,rarity,0,2.203049379014217,5.618055555555555,0.39999999999999997,16,2304,12,0,32,0
505,rarity600,rarity,0,2.204248939793186,5.611111111111111,0.39999999999999997,16,2304,12,0,32,0
506,rarity600,rarity,0,2.2072041320686457,5.621527777777778,0.39999999999999997,16,2304,12,0,32,0
507,rarity600,rarity,0,2.210012821162178,5.621527777777778,0.39999999999999997,16,2304,12,0,32,0
508,rarity600,rarity,0,2.2119049350526647,5.607638888888889,0.39999999999999997,16,2304,12,0,32,0
509,rarity600,rarity,0,2.2122625430742624,5.616319444444445,0.39999999999999997,16,2304,12,0,32,0
510,rarity600,rarity,0,2.2126237109034084,5.612847222222222,0.39999999999999997,16,2304,12,0,32,0
511,rarity600,rarity,0,2.2133257815764944,5.611111111111111,0.39999999999999997,17,2304,12,0,34,0
512,rarity600,rarity,0,2.2170934486281655,5.623263888888889,0.39999999999999997,15,2304,12,0,30,0
513,rarity600,rarity,0,2.2186183936852135,5.638888888888889,0.39999999999999997,15,2304,12,0,30,0
514,rarity600,rarity,0,2.2186183936852135,5.645833333333333,0.39999999999999997,15,2304,12,0,30,0
515,rarity600,rarity,0,2.219966337166221,5.649305555555555,0.39999999999999997,15,2304,12,0,30,0
516,rarity600,rarity,0,2.221966883753545,5.670138888888889,0.39999999999999997,14,2304,12,0,28,0
517,rarity600,rarity,0,2.222568117801244,5.663194444444445,0.39999999999999997,14,2304,12,0,28,0
518,rarity600,rarity,0,2.2229245814312457,5.659722222222222,0.39999999999999997,14,2304,12,0,28,0
519,rarity600,rarity,0,2.2229245814312457,5.652777777777778,0.39999999999999997,14,2304,12,0,28,0
520,rarity600,rarity,0,2.225454170926254,5.649305555555555,0.39999999999999997,14,2304,12,0,28,0
521,rarity600,rarity,0,2.2263750516094087,5.649305555555555,0.39999999999999997,14,2304,12,0,28,0
522,rarity600,rarity,0,2.2288965585562717,5.657986111111111,0.39999999999999997,14,2304,12,0,28,0
523,rarity600,rarity,0,2.2315372668108213,5.661458333333333,0.39999999999999997,14,2304,12,0,28,0
524,rarity600,rarity,0,2.23214717599955,5.668402777777778,0.39999999999999997,14,2304,12,0,28,0
525,rarity600,rarity,0,2.2345979508669593,5.670138888888889,0.39999999999999997,13,2304,12,0,26,0
526,rarity600,rarity,0,2.2344191336630175,5.664930555555555,0.39999999999999997,13,2304,12,0,26,0
527,rarity600,rarity,0,2.2356596169884737,5.664930555555555,0.39999999999999997,13,2304,12,0,26,0
528,rarity600,rarity,0,2.2366922827700977,5.670138888888889,0.39999999999999997,13,2304,12,0,26,0
529,rarity600,rarity,0,2.238345826235714,5.675347222222222,0.39999999999999997,13,2304,12,0,26,0
530,rarity600,rarity,0,2.2402548127632174,5.684027777777778,0.39999999999999997,13,2304,12,0,26,0
531,rarity600,rarity,0,2.242010707052183,5.692708333333333,0.39999999999999997,13,2304,12,0,26,0
532,rarity600,rarity,0,2.246784565489475,5.699652777777778,0.39999999999999997,13,2304,13,0,26,0
533,rarity600,rarity,0,2.248755778121995,5.701388888888889,0.39999999999999997,13,2304,13,0,26,0
534,rarity600,rarity,0,2.250106555323157,5.703125,0.39999999999999997,13,2304,13,0,26,0
535,rarity600,rarity,0,2.250468590124971,5.701388888888889,0.39999999999999997,13,2304,13,0,26,0
536,rarity600,rarity,0,2.2513725240157845,5.708333333333333,0.39999999999999997,13,2304,13,0,26,0
537,rarity600,rarity,0,2.251552611733539,5.706597222222222,0.39999999999999997,13,2304,13,0,26,0
538,rarity600,rarity,0,2.2537799206403033,5.715277777777778,0.39999999999999997,13,2304,13,0,26,0
539,rarity600,rarity,0,2.2548907555787716,5.720486111111111,0.39999999999999997,13,2304,13,0,26,0
540,rarity600,rarity,0,2.259605631050136,5.725694444444445,0.39999999999999997,13,2304,14,0,26,0
541,rarity600,rarity,0,2.25997225907268,5.732638888888889,0.39999999999999997,13,2304,14,0,26,0
542,rarity600,rarity,0,2.2612199110484044,5.729166666666667,0.39999999999999997,13,2304,14,0,26,0
543,rarity600,rarity,0,2.2615797382438334,5.71875,0.39999999999999997,13,2304,14,0,26,0
544,rarity600,rarity,0,2.2628622820701794,5.720486111111111,0.39999999999999997,12,2304,14,0,24,0
545,rarity600,rarity,0,2.2631873121904893,5.722222222222222,0.39999999999999997,12,2304,14,0,24,0
546,rarity600,rarity,0,2.2672108191591342,5.720486111111111,0.39999999999999997,12,2304,14,0,24,0
547,rarity600,rarity,0,2.2722788585257665,5.736111111111111,0.39999999999999997,13,2304,14,0,26,0
548,rarity600,rarity,0,2.273284645710653,5.739583333333333,0.39999999999999997,13,2304,14,0,26,0
549,rarity600,rarity,0,2.2743071620395203,5.736111111111111,0.39999999999999997,13,2304,14,0,26,0
550,rarity600,rarity,0,2.277198705741902,5.748263888888889,0.39999999999999997,13,2304,14,0,26,0
551,rarity600,rarity,0,2.2773820887633835,5.751736111111111,0.39999999999999997,13,2304,14,0,26,0
552,rarity600,rarity,0,2.2783488743684592,5.75,0.39999999999999997,12,2304,14,0,24,0
553,rarity600,rarity,0,2.2801088369538043,5.748263888888889,0.39999999999999997,12,2304,14,0,24,0
554,rarity600,rarity,0,2.280838994515362,5.758680555555555,0.39999999999999997,12,2304,14,0,24,0
555,rarity600,rarity,0,2.280654419256135,5.763888888888889,0.39999999999999997,12,2304,14,0,24,0
556,rarity600,rarity,0,2.2827845177200263,5.772569444444445,0.39999999999999997,12,2304,14,0,24,0
557,rarity600,rarity,0,2.283153415880368,5.767361111111111,0.39999999999999997,12,2304,14,0,24,0
558,rarity600,rarity,0,2.283748195786783,5.770833333333333,0.39999999999999997,12,2304,14,0,24,0
559,rarity600,rarity,0,2.284480359487909,5.762152777777778,0.39999999999999997,12,2304,14,0,24,0
560,rarity600,rarity,0,2.284847108161361,5.758680555555555,0.39999999999999997,12,2304,14,0,24,0
561,rarity600,rarity,0,2.286275028319935,5.755208333333333,0.39999999999999997,12,2304,14,0,24,0
562,rarity600,rarity,0,2.2870854807755623,5.760416666666667,0.39999999999999997,12,2304,14,0,24,0
563,rarity600,rarity,0,2.287265808221127,5.758680555555555,0.39999999999999997,12,2304,14,0,24,0
564,rarity600,rarity,0,2.2886477307411486,5.767361111111111,0.39999999999999997,12,2304,14,0,24,0
565,rarity600,rarity,0,2.2894009087678255,5.767361111111111,0.39999999999999997,12,2304,14,0,24,0
566,rarity600,rarity,0,2.2906698444795723,5.755208333333333,0.39999999999999997,12,2304,14,0,24,0
567,rarity600,rarity,0,2.290851969817521,5.746527777777778,0.39999999999999997,12,2304,14,0,24,0
568,rarity600,rarity,0,2.2920065875036135,5.756944444444445,0.39999999999999997,11,2304,14,0,22,0
569,rarity600,rarity,0,2.2921882694872044,5.758680555555555,0.39999999999999997,11,2304,14,0,22,0
570,rarity600,rarity,0,2.293633471635527,5.751736111111111,0.39999999999999997,11,2304,14,0,22,0
571,rarity600,rarity,0,2.2938461228996303,5.760416666666667,0.39999999999999997,11,2304,14,0,22,0
572,rarity600,rarity,0,2.2940252784886512,5.751736111111111,0.39999999999999997,11,2304,14,0,22,0
573,rarity600,rarity,0,2.294764762345449,5.746527777777778,0.39999999999999997,12,2304,14,0,24,0
574,rarity600,rarity,0,2.295430261433507,5.746527777777778,0.39999999999999997,12,2304,14,0,24,0
575,rarity600,rarity,0,2.29655124290692,5.743055555555555,0.39999999999999997,12,2304,14,0,24,0
576,rarity600,rarity,0,2.2971037952613944,5.730902777777778,0.39999999999999997,12,2304,14,0,24,0
577,rarity600,rarity,0,2.2971037952613944,5.729166666666667,0.39999999999999997,12,2304,14,0,24,0
578,rarity600,rarity,0,2.297517778707652,5.734375,0.39999999999999997,11,2304,14,0,22,0
579,rarity600,rarity,0,2.2975081931262515,5.725694444444445,0.39999999999999997,10,2304,14,0,20,0
580,rarity600,rarity,0,2.2984670242810874,5.725694444444445,0.39999999999999997,10,2304,14,0,20,0
581,rarity600,rarity,0,2.299589655960792,5.725694444444445,0.39999999999999997,11,2304,14,0,22,0
582,rarity600,rarity,0,2.300500197082127,5.729166666666667,0.39999999999999997,11,2304,14,0,22,0
583,rarity600,rarity,0,2.302257554671584,5.725694444444445,0.39999999999999997,11,2304,14,0,22,0
584,rarity600,rarity,0,2.304086745776815,5.725694444444445,0.39999999999999997,11,2304,14,0,22,0
585,rarity600,rarity,0,2.304272257594851,5.722222222222222,0.39999999999999997,10,2304,14,0,20,0
586,rarity600,rarity,0,2.304272257594851,5.722222222222222,0.39999999999999997,9,2304,14,0,18,0
587,rarity600,rarity,0,2.3064214672901637,5.720486111111111,0.39999999999999997,9,2304,14,0,18,0
588,rarity600,rarity,0,2.3064313175575086,5.720486111111111,0.39999999999999997,9,2304,14,0,18,0
589,rarity600,rarity,0,2.3076793164300073,5.725694444444445,0.39999999999999997,9,2304,14,0,18,0
590,rarity600,rarity,0,2.308826066270089,5.729166666666667,0.39999999999999997,9,2304,14,0,18,0
591,rarity600,rarity,0,2.30919510033574,5.71875,0.39999999999999997,9,2304,14,0,18,0
592,rarity600,rarity,0,2.309563097527414,5.720486111111111,0.39999999999999997,9,2304,14,0,18,0
593,rarity600,rarity,0,2.3101054206165266,5.71875,0.39999999999999997,9,2304,14,0,18,0
594,rarity600,rarity,0,2.3108291175231312,5.704861111111111,0.39999999999999997,9,2304,14,0,18,0
595,rarity600,rarity,0,2.311654035457544,5.706597222222222,0.39999999999999997,9,2304,14,0,18,0
596,rarity600,rarity,0,2.3118215995096194,5.710069444444445,0.39999999999999997,9,2304,14,0,18,0
597,rarity600,rarity,0,2.3129702945039465,5.710069444444445,0.39999999999999997,9,2304,14,0,18,0
598,rarity600,rarity,0,2.3127950678584885,5.711805555555555,0.39999999999999997,9,2304,14,0,18,0
599,rarity600,rarity,0,2.3127950678584885,5.711805555555555,0.39999999999999997,8,2304,14,0,16,0
600,rarity600,rarity,0,2.3134133512125015,5.715277777777778,0.39999999999999997,7,2304,14,0,14,0
1,rarity600,rarity,1,-0.0,1.0,0.7522885505233786,0,576,1,0,0,0
2,rarity600,rarity,1,0.10243346943329157,1.1145833333333333,0.7436407217815555,11,598,5,0,0,0
3,rarity600,rarity,1,0.18785725642633488,1.2239583333333333,0.7349702612882478,11,619,5,0,1,0
4,rarity600,rarity,1,0.2514611643994216,1.3246527777777777,0.7263135663857063,12,643,5,0,0,0
5,rarity600,rarity,1,0.31427474403962913,1.4288194444444444,0.7176541525680842,12,666,5,0,1,0
6,rarity600,rarity,1,0.3796925465536227,1.5381944444444444,0.708978574784956,12,690,5,0,0,0
7,rarity600,rarity,1,0.4360451305065293,1.6440972222222223,0.7003074422006748,12,714,5,0,0,0
8,rarity600,rarity,1,0.47850747869980076,1.7083333333333333,0.6915985888883789,12,736,6,0,2,0
9,rarity600,rarity,1,0.5202756725120522,1.765625,0.6828840775120328,12,758,6,0,2,0
10,rarity600,rarity,1,0.5570328890295697,1.828125,0.6741627902817069,12,777,6,0,5,0
11,rarity600,rarity,1,0.5902320726300798,1.8697916666666667,0.6654333685698044,11,798,7,0,1,0
12,rarity600,rarity,1,0.6155063843791467,1.9045138888888888,0.6566966088872082,11,819,7,0,1,0
13,rarity600,rarity,1,0.6615923552177585,1.9600694444444444,0.6479588647824769,11,839,8,0,2,0
14,rarity600,rarity,1,0.6939438959355904,2.0069444444444446,0.6392070689712764,11,860,8,0,1,0
15,rarity600,rarity,1,0.7301383276931463,2.045138888888889,0.6304489647087707,11,881,8,0,1,0
16,rarity600,rarity,1,0.7603618733159744,2.095486111111111,0.621689725733644,11,902,8,0,1,0
17,rarity600,rarity,1,0.786464350952354,2.1284722222222223,0.6129192544749714,11,919,8,0,5,0
18,rarity600,rarity,1,0.808567219594951,2.1788194444444446,0.6041436664855298,11,936,8,0,5,0
19,rarity600,rarity,1,0.8226840879510662,2.2065972222222223,0.5953693321038607,10,950,8,0,6,0
20,rarity600,rarity,1,0.8383434811035969,2.2413194444444446,0.5865957724468105,10,966,8,0,4,0
21,rarity600,rarity,1,0.8531831050818448,2.2760416666666665,0.5778464973887841,10,981,8,0,5,0
22,rarity600,rarity,1,0.8694100867378957,2.3038194444444446,0.5691615476551001,10,998,8,0,3,0
23,rarity600,rarity,1,0.8861860903071356,2.3229166666666665,0.5605733923896519,10,1015,8,0,3,0
24,rarity600,rarity,1,0.9012655431736986,2.3489583333333335,0.5521230952503063,10,1029,8,0,6,0
25,rarity600,rarity,1,0.9226221092973851,2.404513888888889,0.5438475869842381,10,1044,8,0,5,0
26,rarity600,rarity,1,0.9456421713103126,2.453125,0.5357689417440572,11,1062,8,0,4,0
27,rarity600,rarity,1,0.9587117721663372,2.486111111111111,0.527926599896099,11,1079,8,0,5,0
28,rarity600,rarity,1,0.9704881959248689,2.517361111111111,0.5203658291443933,11,1097,8,0,4,0
29,rarity600,rarity,1,0.980973278259795,2.5347222222222223,0.5130823103257184,11,1114,8,0,5,0
30,rarity600,rarity,1,0.9936985878206537,2.5572916666666665,0.5060376554889556,11,1126,8,0,10,0
31,rarity600,rarity,1,1.0057361777080547,2.5833333333333335,0.49923152559903694,11,1143,8,0,5,0
32,rarity600,rarity,1,1.0223630503056975,2.6215277777777777,0.4926832038194199,11,1157,8,0,8,0
33,rarity600,rarity,1,1.0384991691914696,2.6649305555555554,0.486366334281481,11,1172,8,0,7,0
34,rarity600,rarity,1,1.0471513862728228,2.685763888888889,0.48030925180398376,11,1189,8,0,5,0
35,rarity600,rarity,1,1.058661560803261,2.7291666666666665,0.474461806321223,10,1203,8,0,6,0
36,rarity600,rarity,1,1.071252679491705,2.7690972222222223,0.46882842393584656,11,1218,8,0,7,0
37,rarity600,rarity,1,1.0784958854305464,2.7934027777777777,0.46337047419898636,11,1230,8,0,10,0
38,rarity600,rarity,1,1.0855255435334887,2.8055555555555554,0.4581001891949066,11,1247,8,0,5,0
39,rarity600,rarity,1,1.093254331516692,2.8211805555555554,0.452993706229254,12,1262,8,0,9,0
40,rarity600,rarity,1,1.1123882265480205,2.861111111111111,0.4480764583631378,12,1280,9,0,6,0
41,rarity600,rarity,1,1.1194633739908109,2.8854166666666665,0.4433306076653461,12,1297,9,0,7,0
42,rarity600,rarity,1,1.1228461496876525,2.8958333333333335,0.43878117187767324,11,1310,9,0,9,0
43,rarity600,rarity,1,1.133521116435759,2.9131944444444446,0.43440119478448286,11,1324,9,0,8,0
44,rarity600,rarity,1,1.1426917622784754,2.920138888888889,0.4302482171746792,10,1337,9,0,7,0
45,rarity600,rarity,1,1.1486825505774372,2.9409722222222223,0.4262855055069124,10,1348,9,0,9,0
46,rarity600,rarity,1,1.1534323410149814,2.9496527777777777,0.4225740322029681,10,1363,9,0,5,0
47,rarity600,rarity,1,1.157929242014184,2.9583333333333335,0.4191328789144685,10,1374,9,0,9,0
48,rarity600,rarity,1,1.159277385103723,2.9583333333333335,0.41601325041731224,10,1385,9,0,9,0
49,rarity600,rarity,1,1.165855043254827,2.967013888888889,0.4131796801681239,11,1398,9,0,9,0
50,rarity600,rarity,1,1.1701115690879118,2.984375,0.41062973370212646,11,1413,9,0,7,0
51,rarity600,rarity,1,1.1719459669014505,2.9895833333333335,0.4083530579864271,11,1424,9,0,11,0
52,rarity600,rarity,1,1.1748486895547694,2.9913194444444446,0.4063518235509115,11,1437,9,0,9,0
53,rarity600,rarity,1,1.1860532580475118,3.015625,0.4046104207729918,12,1448,9,0,13,0
54,rarity600,rarity,1,1.1916151479690118,3.0277777777777777,0.40316676915754146,12,1463,9,0,9,0
55,rarity600,rarity,1,1.1988813865804584,3.0538194444444446,0.4019701180048049,12,1480,9,0,7,0
56,rarity600,rarity,1,1.210431120569512,3.0972222222222223,0.40109311796445934,12,1493,9,0,11,0
57,rarity600,rarity,1,1.2267580731066265,3.140625,0.40051395807435836,12,1510,9,0,7,0
58,rarity600,rarity,1,1.240703523966001,3.1770833333333335,0.40017945439878466,12,1522,9,0,12,0
59,rarity600,rarity,1,1.2491629840396408,3.189236111111111,0.40001972673938574,12,1535,9,0,11,0
60,rarity600,rarity,1,1.253236844053498,3.204861111111111,0.39999999999999997,12,1549,9,0,10,0
61,rarity600,rarity,1,1.2555440302072645,3.2152777777777777,0.39999999999999997,12,1564,9,0,9,0
62,rarity600,rarity,1,1.263650717991882,3.234375,0.39999999999999997,12,1577,9,0,11,0
63,rarity600,rarity,1,1.2682599031913788,3.2430555555555554,0.39999999999999997,12,1590,9,0,11,0
64,rarity600,rarity,1,1.279931246674182,3.263888888888889,0.39999999999999997,12,1605,9,0,9,0
65,rarity600,rarity,1,1.2878507984947096,3.2708333333333335,0.39999999999999997,12,1619,9,0,10,0
66,rarity600,rarity,1,1.2934818536366244,3.282986111111111,0.39999999999999997,12,1632,9,0,11,0
67,rarity600,rarity,1,1.2976778596482248,3.296875,0.39999999999999997,12,1646,9,0,10,0
68,rarity600,rarity,1,1.3006696991661435,3.3072916666666665,0.39999999999999997,12,1660,9,0,10,0
69,rarity600,rarity,1,1.3050292141678532,3.326388888888889,0.39999999999999997,12,1671,9,0,13,0
70,rarity600,rarity,1,1.306114869326128,3.3315972222222223,0.39999999999999997,12,1683,9,0,12,0
71,rarity600,rarity,1,1.3082237025994778,3.3350694444444446,0.39999999999999997,12,1694,9,0,13,0
72,rarity600,rarity,1,1.3114952034021183,3.3506944444444446,0.39999999999999997,12,1704,9,0,14,0
73,rarity600,rarity,1,1.315536275587963,3.361111111111111,0.39999999999999997,11,1717,9,0,9,0
74,rarity600,rarity,1,1.3228266926229024,3.392361111111111,0.39999999999999997,11,1728,9,0,11,0
75,rarity600,rarity,1,1.3295024290486057,3.40625,0.39999999999999997,11,1737,9,0,13,0
76,rarity600,rarity,1,1.340292514692505,3.4305555555555554,0.39999999999999997,11,1746,10,0,13,0
77,rarity600,rarity,1,1.3445070798920735,3.4496527777777777,0.39999999999999997,11,1757,10,0,11,0
78,rarity600,rarity,1,1.3478028806520175,3.4600694444444446,0.39999999999999997,12,1769,10,0,12,0
79,rarity600,rarity,1,1.355036551835179,3.4756944444444446,0.39999999999999997,12,1786,10,0,7,0
80,rarity600,rarity,1,1.3597021929191186,3.484375,0.39999999999999997,12,1794,10,0,16,0
81,rarity600,rarity,1,1.3672923695196648,3.501736111111111,0.39999999999999997,12,1797,10,0,21,0
82,rarity600,rarity,1,1.3709768922401866,3.5121527777777777,0.39999999999999997,12,1805,10,0,16,0
83,rarity600,rarity,1,1.3729686629461175,3.5121527777777777,0.39999999999999997,12,1811,10,0,18,0
84,rarity600,rarity,1,1.3755025866452322,3.5121527777777777,0.39999999999999997,12,1813,10,0,22,0
85,rarity600,rarity,1,1.37855045907766,3.513888888888889,0.39999999999999997,12,1824,10,0,13,0
86,rarity600,rarity,1,1.381640603341538,3.513888888888889,0.39999999999999997,12,1835,10,0,13,0
87,rarity600,rarity,1,1.38363894386315,3.513888888888889,0.39999999999999997,12,1837,10,0,22,0
88,rarity600,rarity,1,1.389635627494644,3.5277777777777777,0.39999999999999997,12,1845,10,0,16,0
89,rarity600,rarity,1,1.3938683678689345,3.532986111111111,0.39999999999999997,12,1854,10,0,15,0
90,rarity600,rarity,1,1.394994199391313,3.5347222222222223,0.39999999999999997,12,1865,10,0,13,0
91,rarity600,rarity,1,1.3999395931849474,3.5416666666666665,0.39999999999999997,11,1870,10,0,17,0
92,rarity600,rarity,1,1.4011939502836086,3.5416666666666665,0.39999999999999997,11,1877,10,0,15,0
93,rarity600,rarity,1,1.4014793648942834,3.546875,0.39999999999999997,12,1887,10,0,14,0
94,rarity600,rarity,1,1.4054889201534373,3.5503472222222223,0.39999999999999997,12,1896,10,0,15,0
95,rarity600,rarity,1,1.4094804250522723,3.5625,0.39999999999999997,12,1905,10,0,15,0
96,rarity600,rarity,1,1.4130664814662306,3.5659722222222223,0.39999999999999997,12,1910,10,0,19,0
97,rarity600,rarity,1,1.4153731143610917,3.578125,0.39999999999999997,12,1920,10,0,14,0
98,rarity600,rarity,1,1.4197163180133583,3.5885416666666665,0.39999999999999997,12,1925,10,0,19,0
99,rarity600,rarity,1,1.4207283260662857,3.5885416666666665,0.39999999999999997,12,1932,10,0,17,0
100,rarity600,rarity,1,1.4244997117486145,3.595486111111111,0.39999999999999997,12,1939,10,0,17,0
101,rarity600,rarity,1,1.4304610469857117,3.609375,0.39999999999999997,12,1945,10,0,18,0
102,rarity600,rarity,1,1.4335108592500085,3.6163194444444446,0.39999999999999997,12,1948,10,0,21,0
103,rarity600,rarity,1,1.4353724252218885,3.6284722222222223,0.39999999999999997,12,1955,10,0,17,0
104,rarity600,rarity,1,1.4382188992676483,3.6336805555555554,0.39999999999999997,12,1964,10,0,15,0
105,rarity600,rarity,1,1.4411659270676724,3.638888888888889,0.39999999999999997,11,1969,10,0,17,0
106,rarity600,rarity,1,1.4464820023704343,3.6475694444444446,0.39999999999999997,11,1975,10,0,16,0
107,rarity600,rarity,1,1.4520865872150122,3.65625,0.39999999999999997,11,1979,10,0,18,0
108,rarity600,rarity,1,1.4573811257351492,3.6770833333333335,0.39999999999999997,11,1983,10,0,18,0
109,rarity600,rarity,1,1.4676822381457988,3.7065972222222223,0.39999999999999997,11,1988,10,0,17,0
110,rarity600,rarity,1,1.4727578494851645,3.7309027777777777,0.39999999999999997,11,1993,10,0,17,0
111,rarity600,rarity,1,1.475946139515022,3.7465277777777777,0.39999999999999997,10,1997,10,0,16,0
112,rarity600,rarity,1,1.4791388253251043,3.75,0.39999999999999997,10,1999,10,0,18,0
113,rarity600,rarity,1,1.4816720466757662,3.7552083333333335,0.39999999999999997,10,2001,10,0,18,0
114,rarity600,rarity,1,1.4834235058957863,3.7552083333333335,0.39999999999999997,10,2006,10,0,15,0
115,rarity600,rarity,1,1.493185985944763,3.7690972222222223,0.39999999999999997,10,2009,10,0,17,0
116,rarity600,rarity,1,1.4951426015978793,3.7725694444444446,0.39999999999999997,10,2011,10,0,18,0
117,rarity600,rarity,1,1.496499941718372,3.7760416666666665,0.39999999999999997,10,2012,10,0,19,0
118,rarity600,rarity,1,1.4994563297745283,3.78125,0.39999999999999997,10,2014,10,0,18,0
119,rarity600,rarity,1,1.4998096459860764,3.78125,0.39999999999999997,10,2018,10,0,16,0
120,rarity600,rarity,1,1.5029204542950039,3.78125,0.39999999999999997,10,2020,10,0,18,0
121,rarity600,rarity,1,1.5045662248494416,3.7899305555555554,0.39999999999999997,10,2023,10,0,17,0
122,rarity600,rarity,1,1.5071739010075595,3.8003472222222223,0.39999999999999997,10,2028,10,0,15,0
123,rarity600,rarity,1,1.508121243612657,3.8003472222222223,0.39999999999999997,10,2032,10,0,16,0
124,rarity600,rarity,1,1.511740953498403,3.8072916666666665,0.39999999999999997,10,2039,10,0,13,0
125,rarity600,rarity,1,1.518928377305394,3.8229166666666665,0.39999999999999997,10,2040,10,0,19,0
126,rarity600,rarity,1,1.5211964156971243,3.8246527777777777,0.39999999999999997,10,2041,10,0,19,0
127,rarity600,rarity,1,1.5218037123870458,3.8246527777777777,0.39999999999999997,10,2042,10,0,19,0
128,rarity600,rarity,1,1.5223342517281233,3.8315972222222223,0.39999999999999997,10,2050,10,0,12,0
129,rarity600,rarity,1,1.5251873367949247,3.8333333333333335,0.39999999999999997,10,2054,10,0,16,0
130,rarity600,rarity,1,1.5276747458829187,3.8489583333333335,0.39999999999999997,9,2058,10,0,14,0
131,rarity600,rarity,1,1.5288667553694113,3.8489583333333335,0.39999999999999997,9,2058,10,0,18,0
132,rarity600,rarity,1,1.5298094581080206,3.8541666666666665,0.39999999999999997,9,2065,10,0,11,0
133,rarity600,rarity,1,1.5309426701055933,3.861111111111111,0.39999999999999997,10,2066,10,0,19,0
134,rarity600,rarity,1,1.5329709650270391,3.8697916666666665,0.39999999999999997,10,2073,10,0,13,0
135,rarity600,rarity,1,1.536902829593338,3.8784722222222223,0.39999999999999997,10,2078,10,0,15,0
136,rarity600,rarity,1,1.5390525263306525,3.8784722222222223,0.39999999999999997,10,2080,10,0,18,0
137,rarity600,rarity,1,1.5433756890695378,3.8819444444444446,0.39999999999999997,10,2081,10,0,19,0
138,rarity600,rarity,1,1.5474477412121213,3.8871527777777777,0.39999999999999997,10,2084,10,0,17,0
139,rarity600,rarity,1,1.5483176259731728,3.890625,0.39999999999999997,10,2088,10,0,16,0
140,rarity600,rarity,1,1.5528906485295384,3.8958333333333335,0.39999999999999997,10,2091,10,0,17,0
141,rarity600,rarity,1,1.5614198092181628,3.9131944444444446,0.39999999999999997,11,2094,10,0,19,0
142,rarity600,rarity,1,1.5645402735840117,3.9166666666666665,0.39999999999999997,11,2098,10,0,18,0
143,rarity600,rarity,1,1.5703593528596307,3.920138888888889,0.39999999999999997,11,2102,10,0,18,0
144,rarity600,rarity,1,1.5716245534745992,3.9322916666666665,0.39999999999999997,11,2107,10,0,17,0
145,rarity600,rarity,1,1.572301429298837,3.9444444444444446,0.39999999999999997,11,2110,10,0,19,0
146,rarity600,rarity,1,1.5744808306047322,3.9461805555555554,0.39999999999999997,11,2114,10,0,18,0
147,rarity600,rarity,1,1.5779228998037984,3.954861111111111,0.39999999999999997,11,2120,10,0,16,0
148,rarity600,rarity,1,1.579489835872907,3.9600694444444446,0.39999999999999997,10,2120,10,0,20,0
149,rarity600,rarity,1,1.5825879474757882,3.9618055555555554,0.39999999999999997,10,2122,10,0,18,0
150,rarity600,rarity,1,1.5854627956542122,3.967013888888889,0.39999999999999997,11,2126,10,0,18,0
151,rarity600,rarity,1,1.59124041336047,3.96875,0.39999999999999997,11,2126,10,0,22,0
152,rarity600,rarity,1,1.5959450412816139,3.9809027777777777,0.39999999999999997,11,2129,10,0,19,0
153,rarity600,rarity,1,1.5984989248523356,3.998263888888889,0.39999999999999997,11,2131,10,0,20,0
154,rarity600,rarity,1,1.603171334101654,4.003472222222222,0.39999999999999997,11,2134,10,0,19,0
155,rarity600,rarity,1,1.6027614552697569,4.003472222222222,0.39999999999999997,11,2136,10,0,20,0
156,rarity600,rarity,1,1.6058794992264698,4.010416666666667,0.39999999999999997,11,2138,10,0,20,0
157,rarity600,rarity,1,1.606511481499151,4.013888888888889,0.39999999999999997,11,2138,10,0,22,0
158,rarity600,rarity,1,1.610607696920572,4.026041666666667,0.39999999999999997,11,2141,10,0,19,0
159,rarity600,rarity,1,1.6128807459777632,4.029513888888889,0.39999999999999997,11,2141,10,0,22,0
160,rarity600,rarity,1,1.6143166036356713,4.032986111111111,0.39999999999999997,11,2145,10,0,18,0
161,rarity600,rarity,1,1.6181421048441216,4.045138888888889,0.39999999999999997,11,2151,10,0,16,0
162,rarity600,rarity,1,1.619087776175851,4.046875,0.39999999999999997,11,2152,10,0,21,0
163,rarity600,rarity,1,1.620983132547272,4.050347222222222,0.39999999999999997,11,2154,10,0,20,0
164,rarity600,rarity,1,1.6215043763044419,4.050347222222222,0.39999999999999997,11,2156,10,0,20,0
165,rarity600,rarity,1,1.6236086086872752,4.046875,0.39999999999999997,11,2158,10,0,20,0
166,rarity600,rarity,1,1.6245865115429046,4.048611111111111,0.39999999999999997,11,2161,10,0,19,0
167,rarity600,rarity,1,1.6263408334746772,4.052083333333333,0.39999999999999997,11,2163,10,0,20,0
168,rarity600,rarity,1,1.627643436701865,4.0625,0.39999999999999997,11,2164,10,0,21,0
169,rarity600,rarity,1,1.6305766795790952,4.074652777777778,0.39999999999999997,11,2167,10,0,19,0
170,rarity600,rarity,1,1.6314946081283708,4.074652777777778,0.39999999999999997,10,2171,10,0,16,0
171,rarity600,rarity,1,1.6356569320731358,4.081597222222222,0.39999999999999997,10,2174,10,0,17,0
172,rarity600,rarity,1,1.6469961362165126,4.111111111111111,0.39999999999999997,10,2179,10,0,15,0
173,rarity600,rarity,1,1.6484911912559534,4.112847222222222,0.39999999999999997,10,2181,10,0,18,0
174,rarity600,rarity,1,1.6513784625476757,4.114583333333333,0.39999999999999997,10,2181,10,0,20,0
175,rarity600,rarity,1,1.6532357096753745,4.121527777777778,0.39999999999999997,10,2184,10,0,17,0
176,rarity600,rarity,1,1.6562522830669721,4.138888888888889,0.39999999999999997,10,2188,10,0,16,0
177,rarity600,rarity,1,1.6599485906586775,4.151041666666667,0.39999999999999997,10,2189,10,0,19,0
178,rarity600,rarity,1,1.6618785453145397,4.157986111111111,0.39999999999999997,10,2192,10,0,17,0
179,rarity600,rarity,1,1.6625315071856517,4.161458333333333,0.39999999999999997,10,2193,10,0,19,0
180,rarity600,rarity,1,1.6620506783961528,4.161458333333333,0.39999999999999997,9,2194,10,0,17,0
181,rarity600,rarity,1,1.6642848876668834,4.161458333333333,0.39999999999999997,9,2194,10,0,18,0
182,rarity600,rarity,1,1.665729870831455,4.159722222222222,0.39999999999999997,9,2194,10,0,18,0
183,rarity600,rarity,1,1.6708786734345127,4.175347222222222,0.39999999999999997,8,2196,10,0,14,0
184,rarity600,rarity,1,1.6713625839316795,4.175347222222222,0.39999999999999997,9,2196,10,0,18,0
185,rarity600,rarity,1,1.6726350243243853,4.175347222222222,0.39999999999999997,10,2197,10,0,19,0
186,rarity600,rarity,1,1.6732417602109293,4.177083333333333,0.39999999999999997,10,2199,10,0,18,0
187,rarity600,rarity,1,1.6746049767185363,4.180555555555555,0.39999999999999997,11,2199,10,0,22,0
188,rarity600,rarity,1,1.6773806920412346,4.184027777777778,0.39999999999999997,11,2202,10,0,19,0
189,rarity600,rarity,1,1.6760409005510466,4.189236111111111,0.39999999999999997,11,2204,10,0,20,0
190,rarity600,rarity,1,1.678594989757737,4.196180555555555,0.39999999999999997,12,2205,10,0,23,0
191,rarity600,rarity,1,1.681180832969781,4.192708333333333,0.39999999999999997,12,2207,10,0,22,0
192,rarity600,rarity,1,1.688822278890892,4.203125,0.39999999999999997,12,2208,10,0,23,0
193,rarity600,rarity,1,1.693659857314937,4.211805555555555,0.39999999999999997,12,2211,10,0,21,0
194,rarity600,rarity,1,1.7016805390853642,4.225694444444445,0.39999999999999997,12,2213,10,0,22,0
195,rarity600,rarity,1,1.70806076014919,4.244791666666667,0.39999999999999997,12,2214,10,0,23,0
196,rarity600,rarity,1,1.709607425143661,4.253472222222222,0.39999999999999997,12,2216,10,0,22,0
197,rarity600,rarity,1,1.7096248053933978,4.255208333333333,0.39999999999999997,11,2219,10,0,19,0
198,rarity600,rarity,1,1.7101836106106743,4.265625,0.39999999999999997,11,2220,10,0,21,0
199,rarity600,rarity,1,1.7133977462448544,4.276041666666667,0.39999999999999997,11,2220,10,0,22,0
200,rarity600,rarity,1,1.719060839496397,4.279513888888889,0.39999999999999997,11,2220,10,0,22,0
201,rarity600,rarity,1,1.7205738766393408,4.282986111111111,0.39999999999999997,13,2221,10,0,25,0
202,rarity600,rarity,1,1.7210913274407247,4.276041666666667,0.39999999999999997,13,2222,10,0,25,0
203,rarity600,rarity,1,1.7224287888803715,4.276041666666667,0.39999999999999997,13,2223,10,0,25,0
204,rarity600,rarity,1,1.7242081384509738,4.279513888888889,0.39999999999999997,13,2226,10,0,23,0
205,rarity600,rarity,1,1.7274253829736745,4.288194444444445,0.39999999999999997,13,2226,10,0,26,0
206,rarity600,rarity,1,1.7315673762314758,4.296875,0.39999999999999997,13,2227,10,0,25,0
207,rarity600,rarity,1,1.7337966650403172,4.296875,0.39999999999999997,13,2228,10,0,25,0
208,rarity600,rarity,1,1.7353596951040715,4.295138888888889,0.39999999999999997,13,2229,10,0,25,0
209,rarity600,rarity,1,1.7413855240712586,4.319444444444445,0.39999999999999997,13,2229,10,0,26,0
210,rarity600,rarity,1,1.7442659471713742,4.326388888888889,0.39999999999999997,13,2231,10,0,24,0
211,rarity600,rarity,1,1.747808016865352,4.329861111111111,0.39999999999999997,13,2232,10,0,25,0
212,rarity600,rarity,1,1.7559599124688092,4.345486111111111,0.39999999999999997,13,2232,11,0,26,0
213,rarity600,rarity,1,1.7567480045102053,4.357638888888889,0.39999999999999997,14,2234,11,0,26,0
214,rarity600,rarity,1,1.7599562150413124,4.368055555555555,0.39999999999999997,14,2235,11,0,27,0
215,rarity600,rarity,1,1.7599562150413124,4.369791666666667,0.39999999999999997,14,2237,11,0,26,0
216,rarity600,rarity,1,1.7620892946562197,4.376736111111111,0.39999999999999997,14,2238,11,0,27,0
217,rarity600,rarity,1,1.7651353650877029,4.375,0.39999999999999997,14,2238,11,0,28,0
218,rarity600,rarity,1,1.7677016517292217,4.378472222222222,0.39999999999999997,14,2243,11,0,23,0
219,rarity600,rarity,1,1.7700127609334444,4.380208333333333,0.39999999999999997,14,2243,11,0,28,0
220,rarity600,rarity,1,1.7715496723164836,4.381944444444445,0.39999999999999997,14,2243,11,0,28,0
221,rarity600,rarity,1,1.772006159801563,4.381944444444445,0.39999999999999997,14,2244,11,0,27,0
222,rarity600,rarity,1,1.7749697244505136,4.383680555555555,0.39999999999999997,13,2250,11,0,20,0
223,rarity600,rarity,1,1.7765112465048631,4.387152777777778,0.39999999999999997,13,2252,11,0,24,0
224,rarity600,rarity,1,1.7777010313495019,4.387152777777778,0.39999999999999997,13,2252,11,0,26,0
225,rarity600,rarity,1,1.7784221669154896,4.394097222222222,0.39999999999999997,13,2252,11,0,26,0
226,rarity600,rarity,1,1.7821018859562157,4.395833333333333,0.39999999999999997,13,2255,11,0,23,0
227,rarity600,rarity,1,1.7852354710654308,4.395833333333333,0.39999999999999997,13,2256,11,0,25,0
228,rarity600,rarity,1,1.7854539496878146,4.404513888888889,0.39999999999999997,13,2256,11,0,26,0
229,rarity600,rarity,1,1.7893421577319453,4.427083333333333,0.39999999999999997,13,2258,11,0,24,0
230,rarity600,rarity,1,1.7918277836355665,4.428819444444445,0.39999999999999997,13,2259,11,0,25,0
231,rarity600,rarity,1,1.7925382872864155,4.434027777777778,0.39999999999999997,14,2259,11,0,28,0
232,rarity600,rarity,1,1.795433307397034,4.454861111111111,0.39999999999999997,14,2259,11,0,28,0
233,rarity600,rarity,1,1.7974624742847782,4.460069444444445,0.39999999999999997,14,2260,11,0,27,0
234,rarity600,rarity,1,1.7996992742326827,4.467013888888889,0.39999999999999997,14,2260,11,0,28,0
235,rarity600,rarity,1,1.8043079131357567,4.473958333333333,0.39999999999999997,14,2260,11,0,28,0
236,rarity600,rarity,1,1.8051418944186115,4.475694444444445,0.39999999999999997,14,2261,11,0,27,0
237,rarity600,rarity,1,1.8040445764072515,4.486111111111111,0.39999999999999997,13,2261,11,0,26,0
238,rarity600,rarity,1,1.8076608790106758,4.496527777777778,0.39999999999999997,13,2264,11,0,23,0
239,rarity600,rarity,1,1.8094095309928615,4.493055555555555,0.39999999999999997,13,2264,11,0,26,0
240,rarity600,rarity,1,1.8134010131087999,4.489583333333333,0.39999999999999997,13,2264,11,0,26,0
241,rarity600,rarity,1,1.8160532906715512,4.491319444444445,0.39999999999999997,13,2264,11,0,26,0
242,rarity600,rarity,1,1.819018160436004,4.486111111111111,0.39999999999999997,13,2265,11,0,25,0
243,rarity600,rarity,1,1.821933187474931,4.493055555555555,0.39999999999999997,13,2265,11,0,26,0
244,rarity600,rarity,1,1.8237313122215906,4.494791666666667,0.39999999999999997,13,2265,11,0,26,0
245,rarity600,rarity,1,1.82617553199713,4.494791666666667,0.39999999999999997,13,2265,11,0,26,0
246,rarity600,rarity,1,1.8270211999098365,4.501736111111111,0.39999999999999997,13,2266,11,0,25,0
247,rarity600,rarity,1,1.831953756686463,4.519097222222222,0.39999999999999997,13,2266,11,0,26,0
248,rarity600,rarity,1,1.8348721679167705,4.532986111111111,0.39999999999999997,13,2266,11,0,26,0
249,rarity600,rarity,1,1.8388890114285728,4.546875,0.39999999999999997,13,2266,11,0,26,0
250,rarity600,rarity,1,1.8412977502378505,4.552083333333333,0.39999999999999997,13,2267,11,0,25,0
251,rarity600,rarity,1,1.8430499360044532,4.550347222222222,0.39999999999999997,13,2267,11,0,26,0
252,rarity600,rarity,1,1.8456203022720976,4.546875,0.39999999999999997,14,2267,11,0,28,0
253,rarity600,rarity,1,1.8458825666538285,4.546875,0.39999999999999997,14,2267,11,0,28,0
254,rarity600,rarity,1,1.8472213198869285,4.546875,0.39999999999999997,15,2267,11,0,30,0
255,rarity600,rarity,1,1.8524742018843854,4.555555555555555,0.39999999999999997,15,2267,11,0,30,0
256,rarity600,rarity,1,1.8614516143841155,4.571180555555555,0.39999999999999997,15,2268,12,0,29,0
257,rarity600,rarity,1,1.8662956340431878,4.583333333333333,0.39999999999999997,15,2269,12,0,29,0
258,rarity600,rarity,1,1.869482051320437,4.586805555555555,0.39999999999999997,15,2269,12,0,30,0
259,rarity600,rarity,1,1.8706308878818405,4.585069444444445,0.39999999999999997,14,2269,12,0,28,0
260,rarity600,rarity,1,1.872411318792381,4.585069444444445,0.39999999999999997,14,2271,12,0,26,0
261,rarity600,rarity,1,1.8736273583745868,4.583333333333333,0.39999999999999997,14,2271,12,0,28,0
262,rarity600,rarity,1,1.874631592831891,4.585069444444445,0.39999999999999997,14,2271,12,0,28,0
263,rarity600,rarity,1,1.879686680089337,4.590277777777778,0.39999999999999997,14,2271,12,0,28,0
264,rarity600,rarity,1,1.8813531930303804,4.581597222222222,0.39999999999999997,14,2273,12,0,26,0
265,rarity600,rarity,1,1.8839226076250406,4.588541666666667,0.39999999999999997,14,2273,12,0,28,0
266,rarity600,rarity,1,1.8836414360774538,4.595486111111111,0.39999999999999997,14,2273,12,0,28,0
267,rarity600,rarity,1,1.8884754506232364,4.616319444444445,0.39999999999999997,14,2274,12,0,27,0
268,rarity600,rarity,1,1.889555952350598,4.611111111111111,0.39999999999999997,14,2274,12,0,28,0
269,rarity600,rarity,1,1.8914764061650735,4.611111111111111,0.39999999999999997,14,2274,12,0,28,0
270,rarity600,rarity,1,1.8925561887393174,4.611111111111111,0.39999999999999997,14,2274,12,0,28,0
271,rarity600,rarity,1,1.8951569448310666,4.612847222222222,0.39999999999999997,14,2274,12,0,28,0
272,rarity600,rarity,1,1.8957728382386916,4.605902777777778,0.39999999999999997,14,2274,12,0,28,0
273,rarity600,rarity,1,1.8993421032800613,4.625,0.39999999999999997,14,2274,12,0,28,0
274,rarity600,rarity,1,1.8996998097392699,4.625,0.39999999999999997,14,2275,12,0,27,0
275,rarity600,rarity,1,1.901528746656789,4.621527777777778,0.39999999999999997,14,2276,12,0,27,0
276,rarity600,rarity,1,1.9048685839161017,4.633680555555555,0.39999999999999997,14,2279,12,0,25,0
277,rarity600,rarity,1,1.9091727835775785,4.631944444444445,0.39999999999999997,13,2279,12,0,26,0
278,rarity600,rarity,1,1.9101253115784864,4.637152777777778,0.39999999999999997,14,2281,12,0,26,0
279,rarity600,rarity,1,1.9111608287142896,4.637152777777778,0.39999999999999997,14,2281,12,0,28,0
280,rarity600,rarity,1,1.9119036769844995,4.633680555555555,0.39999999999999997,15,2282,12,0,29,0
281,rarity600,rarity,1,1.9118509295774246,4.631944444444445,0.39999999999999997,15,2283,12,0,29,0
282,rarity600,rarity,1,1.9193165201627271,4.637152777777778,0.39999999999999997,15,2283,12,0,30,0
283,rarity600,rarity,1,1.9205452537967425,4.635416666666667,0.39999999999999997,15,2284,12,0,29,0
284,rarity600,rarity,1,1.921165391497208,4.631944444444445,0.39999999999999997,15,2284,12,0,30,0
285,rarity600,rarity,1,1.92248150882149,4.621527777777778,0.39999999999999997,14,2285,12,0,27,0
286,rarity600,rarity,1,1.9236192103135612,4.621527777777778,0.39999999999999997,14,2285,12,0,28,0
287,rarity600,rarity,1,1.9246026150923672,4.623263888888889,0.39999999999999997,14,2285,12,0,28,0
288,rarity600,rarity,1,1.9248909719436373,4.631944444444445,0.39999999999999997,14,2286,12,0,27,0
289,rarity600,rarity,1,1.9255289093217844,4.626736111111111,0.39999999999999997,14,2286,12,0,28,0
290,rarity600,rarity,1,1.9299732073110876,4.645833333333333,0.39999999999999997,14,2288,12,0,26,0
291,rarity600,rarity,1,1.9305379203541124,4.649305555555555,0.39999999999999997,14,2288,12,0,28,0
292,rarity600,rarity,1,1.931588432215794,4.657986111111111,0.39999999999999997,14,2288,12,0,28,0
293,rarity600,rarity,1,1.932643059813452,4.673611111111111,0.39999999999999997,14,2290,12,0,26,0
294,rarity600,rarity,1,1.936673881962074,4.684027777777778,0.39999999999999997,13,2290,12,0,26,0
295,rarity600,rarity,1,1.941779806181235,4.713541666666667,0.39999999999999997,13,2290,12,0,26,0
296,rarity600,rarity,1,1.9440288817871565,4.722222222222222,0.39999999999999997,13,2291,12,0,25,0
297,rarity600,rarity,1,1.9449317490877445,4.725694444444445,0.39999999999999997,13,2291,12,0,26,0
298,rarity600,rarity,1,1.9495394077798658,4.746527777777778,0.39999999999999997,13,2292,12,0,25,0
299,rarity600,rarity,1,1.9497942933104202,4.753472222222222,0.39999999999999997,13,2292,12,0,26,0
300,rarity600,rarity,1,1.953088593234377,4.758680555555555,0.39999999999999997,13,2292,12,0,26,0
301,rarity600,rarity,1,1.9552202207715077,4.770833333333333,0.39999999999999997,13,2292,12,0,26,0
302,rarity600,rarity,1,1.9569405707647722,4.772569444444445,0.39999999999999997,13,2292,12,0,26,0
303,rarity600,rarity,1,1.9575297633837851,4.772569444444445,0.39999999999999997,13,2293,12,0,25,0
304,rarity600,rarity,1,1.9575297633837851,4.772569444444445,0.39999999999999997,13,2293,12,0,26,0
305,rarity600,rarity,1,1.9582575827198407,4.776041666666667,0.39999999999999997,14,2293,12,0,28,0
306,rarity600,rarity,1,1.9597185204969907,4.776041666666667,0.39999999999999997,14,2293,12,0,28,0
307,rarity600,rarity,1,1.9623121599699775,4.782986111111111,0.39999999999999997,14,2293,12,0,28,0
308,rarity600,rarity,1,1.9623726549932234,4.784722222222222,0.39999999999999997,14,2295,12,0,26,0
309,rarity600,rarity,1,1.9639823979524984,4.786458333333333,0.39999999999999997,14,2295,12,0,28,0
310,rarity600,rarity,1,1.9643065405918247,4.786458333333333,0.39999999999999997,14,2295,12,0,28,0
311,rarity600,rarity,1,1.9659293662129829,4.789930555555555,0.39999999999999997,14,2295,12,0,28,0
312,rarity600,rarity,1,1.9667380851071352,4.800347222222222,0.39999999999999997,14,2295,12,0,28,0
313,rarity600,rarity,1,1.9683070095024806,4.805555555555555,0.39999999999999997,14,2296,12,0,27,0
314,rarity600,rarity,1,1.9706214423480717,4.817708333333333,0.39999999999999997,14,2296,12,0,28,0
315,rarity600,rarity,1,1.9709501374998522,4.815972222222222,0.39999999999999997,14,2296,12,0,28,0
316,rarity600,rarity,1,1.9742468706066718,4.824652777777778,0.39999999999999997,14,2296,12,0,28,0
317,rarity600,rarity,1,1.9746710717447584,4.822916666666667,0.39999999999999997,14,2297,12,0,27,0
318,rarity600,rarity,1,1.975344444306532,4.829861111111111,0.39999999999999997,14,2297,12,0,28,0
319,rarity600,rarity,1,1.9775243654324068,4.835069444444445,0.39999999999999997,14,2297,12,0,28,0
320,rarity600,rarity,1,1.9777908092169447,4.840277777777778,0.39999999999999997,14,2297,12,0,28,0
321,rarity600,rarity,1,1.9813120090525,4.855902777777778,0.39999999999999997,14,2297,12,0,28,0
322,rarity600,rarity,1,1.982010300782313,4.847222222222222,0.39999999999999997,14,2297,12,0,28,0
323,rarity600,rarity,1,1.9835476729747852,4.838541666666667,0.39999999999999997,14,2297,12,0,28,0
324,rarity600,rarity,1,1.9944004025137188,4.859375,0.39999999999999997,14,2298,12,0,27,0
325,rarity600,rarity,1,1.993969514106927,4.861111111111111,0.39999999999999997,14,2298,12,0,28,0
326,rarity600,rarity,1,1.993605753112935,4.862847222222222,0.39999999999999997,14,2298,12,0,28,0
327,rarity600,rarity,1,1.9943358227093835,4.857638888888889,0.39999999999999997,14,2298,12,0,28,0
328,rarity600,rarity,1,1.9949045718589116,4.855902777777778,0.39999999999999997,13,2298,12,0,26,0
329,rarity600,rarity,1,1.9946210970442313,4.857638888888889,0.39999999999999997,12,2298,12,0,24,0
330,rarity600,rarity,1,1.9951780453928962,4.861111111111111,0.39999999999999997,12,2298,12,0,24,0
331,rarity600,rarity,1,1.995573864233097,4.862847222222222,0.39999999999999997,11,2299,12,0,21,0
332,rarity600,rarity,1,1.9979710942823083,4.868055555555555,0.39999999999999997,11,2301,12,0,20,0
333,rarity600,rarity,1,2.0010579489804687,4.873263888888889,0.39999999999999997,11,2301,12,0,22,0
334,rarity600,rarity,1,2.0017640856919083,4.862847222222222,0.39999999999999997,10,2301,12,0,20,0
335,rarity600,rarity,1,2.004210990579398,4.868055555555555,0.39999999999999997,10,2301,12,0,20,0
336,rarity600,rarity,1,2.0068879956715864,4.866319444444445,0.39999999999999997,10,2301,12,0,20,0
337,rarity600,rarity,1,2.007064641793165,4.866319444444445,0.39999999999999997,9,2301,12,0,18,0
338,rarity600,rarity,1,2.009132409967616,4.866319444444445,0.39999999999999997,9,2301,12,0,18,0
339,rarity600,rarity,1,2.009321849728822,4.866319444444445,0.39999999999999997,9,2301,12,0,18,0
340,rarity600,rarity,1,2.009466055319604,4.869791666666667,0.39999999999999997,9,2301,12,0,18,0
341,rarity600,rarity,1,2.009328270977486,4.876736111111111,0.39999999999999997,9,2301,12,0,18,0
342,rarity600,rarity,1,2.011191035941329,4.885416666666667,0.39999999999999997,9,2301,12,0,18,0
343,rarity600,rarity,1,2.0110735169202814,4.888888888888889,0.39999999999999997,9,2301,12,0,18,0
344,rarity600,rarity,1,2.011341499608285,4.887152777777778,0.39999999999999997,9,2301,12,0,18,0
345,rarity600,rarity,1,2.011736296394899,4.887152777777778,0.39999999999999997,8,2301,12,0,16,0
346,rarity600,rarity,1,2.0119260154597938,4.887152777777778,0.39999999999999997,8,2301,12,0,16,0
347,rarity600,rarity,1,2.0134944765084497,4.899305555555555,0.39999999999999997,8,2301,12,0,16,0
348,rarity600,rarity,1,2.0141108518458934,4.899305555555555,0.39999999999999997,8,2301,12,0,16,0
349,rarity600,rarity,1,2.014378962623886,4.899305555555555,0.39999999999999997,8,2301,12,0,16,0
350,rarity600,rarity,1,2.0141347253128434,4.890625,0.39999999999999997,8,2301,12,0,16,0
351,rarity600,rarity,1,2.0151075807614998,4.902777777777778,0.39999999999999997,8,2301,12,0,16,0
352,rarity600,rarity,1,2.01567108662976,4.894097222222222,0.39999999999999997,8,2301,12,0,16,0
353,rarity600,rarity,1,2.015827557490159,4.897569444444445,0.39999999999999997,8,2301,12,0,16,0
354,rarity600,rarity,1,2.017764262077333,4.902777777777778,0.39999999999999997,8,2301,12,0,16,0
355,rarity600,rarity,1,2.018558014501756,4.902777777777778,0.39999999999999997,8,2301,12,0,16,0
356,rarity600,rarity,1,2.0188890022503685,4.909722222222222,0.39999999999999997,8,2302,12,0,15,0
357,rarity600,rarity,1,2.0190467943580415,4.901041666666667,0.39999999999999997,7,2302,12,0,14,0
358,rarity600,rarity,1,2.019080131823572,4.901041666666667,0.39999999999999997,7,2302,12,0,14,0
359,rarity600,rarity,1,2.01932177996821,4.901041666666667,0.39999999999999997,7,2302,12,0,14,0
360,rarity600,rarity,1,2.0199610926134395,4.895833333333333,0.39999999999999997,7,2302,12,0,14,0
361,rarity600,rarity,1,2.020189719299602,4.895833333333333,0.39999999999999997,7,2302,12,0,14,0
362,rarity600,rarity,1,2.020678467166005,4.895833333333333,0.39999999999999997,7,2302,12,0,14,0
363,rarity600,rarity,1,2.021664501979837,4.899305555555555,0.39999999999999997,7,2302,12,0,14,0
364,rarity600,rarity,1,2.022723348313071,4.911458333333333,0.39999999999999997,7,2302,12,0,14,0
365,rarity600,rarity,1,2.026585930293491,4.907986111111111,0.39999999999999997,7,2302,12,0,14,0
366,rarity600,rarity,1,2.027106232083029,4.90625,0.39999999999999997,7,2302,12,0,14,0
367,rarity600,rarity,1,2.027336404046551,4.90625,0.39999999999999997,7,2302,12,0,14,0
368,rarity600,rarity,1,2.028124444571873,4.895833333333333,0.39999999999999997,7,2302,12,0,14,0
369,rarity600,rarity,1,2.0283560039101047,4.895833333333333,0.39999999999999997,7,2302,12,0,14,0
370,rarity600,rarity,1,2.0283560039101047,4.895833333333333,0.39999999999999997,7,2302,12,0,14,0
371,rarity600,rarity,1,2.0286250009664424,4.899305555555555,0.39999999999999997,7,2302,12,0,14,0
372,rarity600,rarity,1,2.029989314674865,4.894097222222222,0.39999999999999997,7,2302,12,0,14,0
373,rarity600,rarity,1,2.0309108352632945,4.883680555555555,0.39999999999999997,7,2302,12,0,14,0
374,rarity600,rarity,1,2.030680659580057,4.890625,0.39999999999999997,7,2302,12,0,14,0
375,rarity600,rarity,1,2.0311419120817766,4.890625,0.39999999999999997,6,2302,12,0,12,0
376,rarity600,rarity,1,2.031161682681198,4.894097222222222,0.39999999999999997,6,2302,12,0,12,0
377,rarity600,rarity,1,2.031161682681198,4.894097222222222,0.39999999999999997,6,2302,12,0,12,0
378,rarity600,rarity,1,2.032988572124957,4.899305555555555,0.39999999999999997,6,2302,12,0,12,0
379,rarity600,rarity,1,2.03365853659239,4.909722222222222,0.39999999999999997,6,2303,12,0,11,0
380,rarity600,rarity,1,2.0334330490981394,4.918402777777778,0.39999999999999997,6,2303,12,0,12,0
381,rarity600,rarity,1,2.033648339799712,4.921875,0.39999999999999997,6,2303,12,0,12,0
382,rarity600,rarity,1,2.03434156196983,4.925347222222222,0.39999999999999997,6,2303,12,0,12,0
383,rarity600,rarity,1,2.0343365583635267,4.927083333333333,0.39999999999999997,6,2303,12,0,12,0
384,rarity600,rarity,1,2.0371291013835733,4.935763888888889,0.39999999999999997,6,2303,12,0,12,0
385,rarity600,rarity,1,2.0371322385001553,4.935763888888889,0.39999999999999997,6,2303,12,0,12,0
386,rarity600,rarity,1,2.0368869704791903,4.9375,0.39999999999999997,6,2303,12,0,12,0
387,rarity600,rarity,1,2.0373078345505973,4.934027777777778,0.39999999999999997,6,2303,12,0,12,0
388,rarity600,rarity,1,2.0375368416170887,4.935763888888889,0.39999999999999997,6,2303,12,0,12,0
389,rarity600,rarity,1,2.0380200512929387,4.9375,0.39999999999999997,6,2303,12,0,12,0
390,rarity600,rarity,1,2.038461339133064,4.927083333333333,0.39999999999999997,6,2303,12,0,12,0
391,rarity600,rarity,1,2.0418010762551644,4.939236111111111,0.39999999999999997,6,2303,12,0,12,0
392,rarity600,rarity,1,2.041767788117172,4.939236111111111,0.39999999999999997,6,2303,12,0,12,0
393,rarity600,rarity,1,2.0433240959755254,4.947916666666667,0.39999999999999997,7,2303,12,0,14,0
394,rarity600,rarity,1,2.0437655092586287,4.953125,0.39999999999999997,8,2303,12,0,16,0
395,rarity600,rarity,1,2.044015861166386,4.958333333333333,0.39999999999999997,8,2303,12,0,16,0
396,rarity600,rarity,1,2.0464770028531385,4.958333333333333,0.39999999999999997,7,2303,12,0,14,0
397,rarity600,rarity,1,2.0465172044093674,4.958333333333333,0.39999999999999997,7,2303,12,0,14,0
398,rarity600,rarity,1,2.0467341904257172,4.954861111111111,0.39999999999999997,6,2303,12,0,12,0
399,rarity600,rarity,1,2.050641066883886,4.961805555555555,0.39999999999999997,6,2303,12,0,12,0
400,rarity600,rarity,1,2.0508718374127652,4.961805555555555,0.39999999999999997,6,2303,12,0,12,0
401,rarity600,rarity,1,2.0508780260858415,4.961805555555555,0.39999999999999997,6,2303,12,0,12,0
402,rarity600,rarity,1,2.051539541863822,4.960069444444445,0.39999999999999997,6,2303,12,0,12,0
403,rarity600,rarity,1,2.05282072295604,4.951388888888889,0.39999999999999997,6,2303,12,0,12,0
404,rarity600,rarity,1,2.053387473396819,4.965277777777778,0.39999999999999997,6,2303,12,0,12,0
405,rarity600,rarity,1,2.0567389023656095,4.989583333333333,0.39999999999999997,6,2303,12,0,12,0
406,rarity600,rarity,1,2.0585739285255515,4.989583333333333,0.39999999999999997,6,2303,12,0,12,0
407,rarity600,rarity,1,2.0587895086146135,4.989583333333333,0.39999999999999997,6,2303,12,0,12,0
408,rarity600,rarity,1,2.0587289157152395,4.993055555555555,0.39999999999999997,6,2303,12,0,12,0
409,rarity600,rarity,1,2.0591442049454627,4.993055555555555,0.39999999999999997,6,2303,12,0,12,0
410,rarity600,rarity,1,2.059078184963149,4.996527777777778,0.39999999999999997,6,2303,12,0,12,0
411,rarity600,rarity,1,2.060737901984707,4.996527777777778,0.39999999999999997,7,2303,12,0,14,0
412,rarity600,rarity,1,2.0625562528147587,4.996527777777778,0.39999999999999997,7,2303,12,0,14,0
413,rarity600,rarity,1,2.0631939568453634,4.993055555555555,0.39999999999999997,7,2303,12,0,14,0
414,rarity600,rarity,1,2.065223032415778,5.006944444444445,0.39999999999999997,7,2303,12,0,14,0
415,rarity600,rarity,1,2.0650124483013608,5.006944444444445,0.39999999999999997,7,2303,12,0,14,0
416,rarity600,rarity,1,2.066407549557866,5.005208333333333,0.39999999999999997,7,2303,12,0,14,0
417,rarity600,rarity,1,2.0686153390829585,5.003472222222222,0.39999999999999997,8,2303,12,0,16,0
418,rarity600,rarity,1,2.0688315130033663,4.998263888888889,0.39999999999999997,8,2303,12,0,16,0
419,rarity600,rarity,1,2.069246961203529,4.998263888888889,0.39999999999999997,8,2303,12,0,16,0
420,rarity600,rarity,1,2.072362467592652,5.008680555555555,0.39999999999999997,8,2303,12,0,16,0
421,rarity600,rarity,1,2.0721536528379563,5.008680555555555,0.39999999999999997,8,2303,12,0,16,0
422,rarity600,rarity,1,2.071971340225284,5.019097222222222,0.39999999999999997,7,2303,12,0,14,0
423,rarity600,rarity,1,2.0721214976715925,5.024305555555555,0.39999999999999997,7,2303,12,0,14,0
424,rarity600,rarity,1,2.0711451440608553,5.024305555555555,0.39999999999999997,6,2303,12,0,12,0
425,rarity600,rarity,1,2.0713200551509834,5.024305555555555,0.39999999999999997,6,2303,12,0,12,0
426,rarity600,rarity,1,2.071735885740223,5.022569444444445,0.39999999999999997,6,2303,12,0,12,0
427,rarity600,rarity,1,2.0717731299474433,5.022569444444445,0.39999999999999997,6,2303,12,0,12,0
428,rarity600,rarity,1,2.071707042374814,5.022569444444445,0.39999999999999997,6,2303,12,0,12,0
429,rarity600,rarity,1,2.0734656420466266,5.022569444444445,0.39999999999999997,6,2303,12,0,12,0
430,rarity600,rarity,1,2.0772080968556055,5.027777777777778,0.39999999999999997,6,2303,12,0,12,0
431,rarity600,rarity,1,2.077414687827688,5.029513888888889,0.39999999999999997,6,2303,12,0,12,0
432,rarity600,rarity,1,2.078638273908069,5.010416666666667,0.39999999999999997,6,2303,12,0,12,0
433,rarity600,rarity,1,2.080924077200077,5.013888888888889,0.39999999999999997,6,2303,12,0,12,0
434,rarity600,rarity,1,2.081219646496971,5.017361111111111,0.39999999999999997,6,2303,12,0,12,0
435,rarity600,rarity,1,2.0820509178697617,5.017361111111111,0.39999999999999997,6,2303,12,0,12,0
436,rarity600,rarity,1,2.085673798504183,5.024305555555555,0.39999999999999997,6,2303,12,0,12,0
437,rarity600,rarity,1,2.085821072831561,5.024305555555555,0.39999999999999997,6,2303,12,0,12,0
438,rarity600,rarity,1,2.086024751315163,5.022569444444445,0.39999999999999997,6,2303,12,0,12,0
439,rarity600,rarity,1,2.0869716567210985,5.019097222222222,0.39999999999999997,6,2303,12,0,12,0
440,rarity600,rarity,1,2.086996440038889,5.019097222222222,0.39999999999999997,6,2303,12,0,12,0
441,rarity600,rarity,1,2.0883440641436017,5.024305555555555,0.39999999999999997,7,2303,12,0,14,0
442,rarity600,rarity,1,2.0898392142380824,5.026041666666667,0.39999999999999997,7,2303,12,0,14,0
443,rarity600,rarity,1,2.090245941950316,5.024305555555555,0.39999999999999997,7,2303,12,0,14,0
444,rarity600,rarity,1,2.0923862335379537,5.015625,0.39999999999999997,7,2303,12,0,14,0
445,rarity600,rarity,1,2.094317169879866,5.015625,0.39999999999999997,7,2303,12,0,14,0
446,rarity600,rarity,1,2.094925837170126,5.006944444444445,0.39999999999999997,7,2303,12,0,14,0
447,rarity600,rarity,1,2.0956281750888426,5.006944444444445,0.39999999999999997,7,2303,12,0,14,0
448,rarity600,rarity,1,2.0959544536464025,5.0,0.39999999999999997,7,2303,12,0,14,0
449,rarity600,rarity,1,2.0961103168671222,4.998263888888889,0.39999999999999997,6,2303,12,0,12,0
450,rarity600,rarity,1,2.0964178234065587,4.994791666666667,0.39999999999999997,7,2303,12,0,14,0
451,rarity600,rarity,1,2.096330228844578,4.998263888888889,0.39999999999999997,7,2303,12,0,14,0
452,rarity600,rarity,1,2.0964178234065587,4.989583333333333,0.39999999999999997,7,2303,12,0,14,0
453,rarity600,rarity,1,2.0978993493867484,4.986111111111111,0.39999999999999997,8,2303,12,0,16,0
454,rarity600,rarity,1,2.1013095491658773,4.984375,0.39999999999999997,8,2303,12,0,16,0
455,rarity600,rarity,1,2.101620229484016,4.987847222222222,0.39999999999999997,8,2303,12,0,16,0
456,rarity600,rarity,1,2.101817633212508,4.986111111111111,0.39999999999999997,8,2303,12,0,16,0
457,rarity600,rarity,1,2.1054307618884542,5.006944444444445,0.39999999999999997,8,2303,12,0,16,0
458,rarity600,rarity,1,2.106987631842577,5.0,0.39999999999999997,9,2303,12,0,18,0
459,rarity600,rarity,1,2.1080535120322055,4.998263888888889,0.39999999999999997,9,2303,12,0,18,0
460,rarity600,rarity,1,2.1097034163091126,5.0,0.39999999999999997,9,2303,12,0,18,0
461,rarity600,rarity,1,2.111860872646533,4.998263888888889,0.39999999999999997,9,2303,12,0,18,0
462,rarity600,rarity,1,2.112535641185689,5.003472222222222,0.39999999999999997,9,2303,12,0,18,0
463,rarity600,rarity,1,2.1135749033794724,5.005208333333333,0.39999999999999997,9,2303,12,0,18,0
464,rarity600,rarity,1,2.1139602875121164,5.006944444444445,0.39999999999999997,9,2303,12,0,18,0
465,rarity600,rarity,1,2.114152438744654,5.003472222222222,0.39999999999999997,9,2303,12,0,18,0
466,rarity600,rarity,1,2.1150720826835636,4.989583333333333,0.39999999999999997,9,2303,12,0,18,0
467,rarity600,rarity,1,2.1154434141361675,4.996527777777778,0.39999999999999997,9,2303,12,0,18,0
468,rarity600,rarity,1,2.119368639943686,5.008680555555555,0.39999999999999997,9,2303,12,0,18,0
469,rarity600,rarity,1,2.121250285144817,5.012152777777778,0.39999999999999997,9,2303,12,0,18,0
470,rarity600,rarity,1,2.123127266724176,5.019097222222222,0.39999999999999997,9,2303,12,0,18,0
471,rarity600,rarity,1,2.1242636619612325,5.024305555555555,0.39999999999999997,10,2303,12,0,20,0
472,rarity600,rarity,1,2.126749977208972,5.026041666666667,0.39999999999999997,11,2303,12,0,22,0
473,rarity600,rarity,1,2.1295010901786817,5.026041666666667,0.39999999999999997,11,2303,12,0,22,0
474,rarity600,rarity,1,2.131178604446771,5.036458333333333,0.39999999999999997,11,2303,12,0,22,0
475,rarity600,rarity,1,2.132468249176181,5.034722222222222,0.39999999999999997,11,2303,12,0,22,0
476,rarity600,rarity,1,2.133166589989211,5.027777777777778,0.39999999999999997,11,2303,12,0,22,0
477,rarity600,rarity,1,2.1328310699435815,5.032986111111111,0.39999999999999997,11,2303,12,0,22,0
478,rarity600,rarity,1,2.1330121523017707,5.032986111111111,0.39999999999999997,11,2303,12,0,22,0
479,rarity600,rarity,1,2.136527709925642,5.048611111111111,0.39999999999999997,12,2303,12,0,24,0
480,rarity600,rarity,1,2.136736440160052,5.034722222222222,0.39999999999999997,12,2303,12,0,24,0
481,rarity600,rarity,1,2.140249930655075,5.050347222222222,0.39999999999999997,12,2303,12,0,24,0
482,rarity600,rarity,1,2.143477006780402,5.060763888888889,0.39999999999999997,12,2303,12,0,24,0
483,rarity600,rarity,1,2.143710785616363,5.057291666666667,0.39999999999999997,12,2303,12,0,24,0
484,rarity600,rarity,1,2.146940853081115,5.065972222222222,0.39999999999999997,12,2303,12,0,24,0
485,rarity600,rarity,1,2.154573311502136,5.090277777777778,0.39999999999999997,12,2303,13,0,24,0
486,rarity600,rarity,1,2.159394851412509,5.102430555555555,0.39999999999999997,12,2303,14,0,24,0
487,rarity600,rarity,1,2.1629423317573986,5.109375,0.39999999999999997,12,2303,14,0,24,0
488,rarity600,rarity,1,2.164903399428985,5.09375,0.39999999999999997,12,2303,14,0,24,0
489,rarity600,rarity,1,2.1648993635556226,5.090277777777778,0.39999999999999997,11,2303,14,0,22,0
490,rarity600,rarity,1,2.1669586215208128,5.102430555555555,0.39999999999999997,11,2303,14,0,22,0
491,rarity600,rarity,1,2.172326249949969,5.114583333333333,0.39999999999999997,11,2303,14,0,22,0
492,rarity600,rarity,1,2.1725043103207247,5.104166666666667,0.39999999999999997,11,2303,14,0,22,0
493,rarity600,rarity,1,2.1743266219525315,5.090277777777778,0.39999999999999997,11,2303,14,0,22,0
494,rarity600,rarity,1,2.1793425186459165,5.109375,0.39999999999999997,11,2303,14,0,22,0
495,rarity600,rarity,1,2.1793507174143087,5.105902777777778,0.39999999999999997,11,2303,14,0,22,0
496,rarity600,rarity,1,2.180485765291822,5.102430555555555,0.39999999999999997,11,2303,14,0,22,0
497,rarity600,rarity,1,2.180822941279524,5.105902777777778,0.39999999999999997,12,2303,14,0,24,0
498,rarity600,rarity,1,2.1829733128285267,5.116319444444445,0.39999999999999997,13,2303,14,0,26,0
499,rarity600,rarity,1,2.184690346978106,5.126736111111111,0.39999999999999997,13,2303,14,0,26,0
500,rarity600,rarity,1,2.1885538398892583,5.145833333333333,0.39999999999999997,13,2303,14,0,26,0
501,rarity600,rarity,1,2.189041302332545,5.15625,0.39999999999999997,13,2303,14,0,26,0
502,rarity600,rarity,1,2.1896977617280093,5.168402777777778,0.39999999999999997,13,2303,14,0,26,0
503,rarity600,rarity,1,2.1933873052404316,5.182291666666667,0.39999999999999997,13,2303,14,0,26,0
504,rarity600,rarity,1,2.197984463829448,5.192708333333333,0.39999999999999997,13,2303,14,0,26,0
505,rarity600,rarity,1,2.198510647812104,5.232638888888889,0.39999999999999997,13,2303,14,0,26,0
506,rarity600,rarity,1,2.202169587060348,5.234375,0.39999999999999997,13,2303,14,0,26,0
507,rarity600,rarity,1,2.203060580528756,5.236111111111111,0.39999999999999997,13,2303,14,0,26,0
508,rarity600,rarity,1,2.208757027607054,5.255208333333333,0.39999999999999997,13,2303,14,0,26,0
509,rarity600,rarity,1,2.2106893971253996,5.270833333333333,0.39999999999999997,13,2303,14,0,26,0
510,rarity600,rarity,1,2.212485188295707,5.277777777777778,0.39999999999999997,13,2303,14,0,26,0
511,rarity600,rarity,1,2.2162630527402563,5.262152777777778,0.39999999999999997,13,2303,14,0,26,0
512,rarity600,rarity,1,2.2173560799787775,5.269097222222222,0.39999999999999997,13,2303,14,0,26,0
513,rarity600,rarity,1,2.217536851294695,5.279513888888889,0.39999999999999997,13,2303,14,0,26,0
514,rarity600,rarity,1,2.2200830593687346,5.282986111111111,0.39999999999999997,13,2303,14,0,26,0
515,rarity600,rarity,1,2.221844791296722,5.28125,0.39999999999999997,13,2303,14,0,26,0
516,rarity600,rarity,1,2.224434082651551,5.293402777777778,0.39999999999999997,13,2303,14,0,26,0
517,rarity600,rarity,1,2.2245856707191574,5.293402777777778,0.39999999999999997,13,2303,14,0,26,0
518,rarity600,rarity,1,2.2251016277783187,5.298611111111111,0.39999999999999997,13,2303,14,0,26,0
519,rarity600,rarity,1,2.224922122883264,5.298611111111111,0.39999999999999997,13,2303,14,0,26,0
520,rarity600,rarity,1,2.225290508822735,5.298611111111111,0.39999999999999997,13,2303,14,0,26,0
521,rarity600,rarity,1,2.2257489723501527,5.303819444444445,0.39999999999999997,13,2303,14,0,26,0
522,rarity600,rarity,1,2.2293974400270415,5.324652777777778,0.39999999999999997,13,2303,14,0,26,0
523,rarity600,rarity,1,2.230916563002929,5.326388888888889,0.39999999999999997,13,2303,14,0,26,0
524,rarity600,rarity,1,2.2321707673008544,5.328125,0.39999999999999997,13,2303,14,0,26,0
525,rarity600,rarity,1,2.2319817259483035,5.329861111111111,0.39999999999999997,13,2303,14,0,26,0
526,rarity600,rarity,1,2.234310586808639,5.336805555555555,0.39999999999999997,13,2303,14,0,26,0
527,rarity600,rarity,1,2.234310586808639,5.336805555555555,0.39999999999999997,13,2303,14,0,26,0
528,rarity600,rarity,1,2.2360804949345097,5.338541666666667,0.39999999999999997,13,2303,14,0,26,0
529,rarity600,rarity,1,2.236453047105452,5.329861111111111,0.39999999999999997,13,2303,14,0,26,0
530,rarity600,rarity,1,2.2366320311566246,5.321180555555555,0.39999999999999997,13,2303,14,0,26,0
531,rarity600,rarity,1,2.236636329555309,5.321180555555555,0.39999999999999997,14,2303,14,0,28,0
532,rarity600,rarity,1,2.2425994920273373,5.342013888888889,0.39999999999999997,14,2303,14,0,28,0
533,rarity600,rarity,1,2.243345199186953,5.333333333333333,0.39999999999999997,15,2303,14,0,30,0
534,rarity600,rarity,1,2.245318585214372,5.348958333333333,0.39999999999999997,15,2303,14,0,30,0
535,rarity600,rarity,1,2.2460668496731864,5.348958333333333,0.39999999999999997,15,2303,14,0,30,0
536,rarity600,rarity,1,2.2462539269651245,5.348958333333333,0.39999999999999997,16,2303,14,0,32,0
537,rarity600,rarity,1,2.250862026005488,5.362847222222222,0.39999999999999997,16,2303,14,0,32,0
538,rarity600,rarity,1,2.251623123118952,5.359375,0.39999999999999997,15,2303,14,0,30,0
539,rarity600,rarity,1,2.253786541514374,5.361111111111111,0.39999999999999997,15,2303,14,0,30,0
540,rarity600,rarity,1,2.256670029806828,5.376736111111111,0.39999999999999997,15,2303,14,0,30,0
541,rarity600,rarity,1,2.258529060799728,5.385416666666667,0.39999999999999997,15,2303,14,0,30,0
542,rarity600,rarity,1,2.2596685387374964,5.383680555555555,0.39999999999999997,15,2303,14,0,30,0
543,rarity600,rarity,1,2.260257242064258,5.380208333333333,0.39999999999999997,16,2303,14,0,32,0
544,rarity600,rarity,1,2.2618314566992614,5.385416666666667,0.39999999999999997,16,2303,14,0,32,0
545,rarity600,rarity,1,2.2643139859314894,5.383680555555555,0.39999999999999997,16,2303,14,0,32,0
546,rarity600,rarity,1,2.2664629170457853,5.373263888888889,0.39999999999999997,16,2303,14,0,32,0
547,rarity600,rarity,1,2.2674546426506295,5.383680555555555,0.39999999999999997,16,2303,14,0,32,0
548,rarity600,rarity,1,2.269148070132895,5.414930555555555,0.39999999999999997,16,2303,14,0,32,0
549,rarity600,rarity,1,2.271561855958479,5.425347222222222,0.39999999999999997,16,2303,14,0,32,0
550,rarity600,rarity,1,2.277844973112771,5.447916666666667,0.39999999999999997,16,2303,14,0,32,0
551,rarity600,rarity,1,2.277650636281395,5.444444444444445,0.39999999999999997,16,2303,14,0,32,0
552,rarity600,rarity,1,2.279897366985285,5.449652777777778,0.39999999999999997,16,2303,14,0,32,0
553,rarity600,rarity,1,2.2860244144906674,5.472222222222222,0.39999999999999997,16,2303,14,0,32,0
554,rarity600,rarity,1,2.290281179831719,5.494791666666667,0.39999999999999997,16,2303,14,0,32,0
555,rarity600,rarity,1,2.2908169625069315,5.503472222222222,0.39999999999999997,15,2303,14,0,30,0
556,rarity600,rarity,1,2.2911262395427654,5.517361111111111,0.39999999999999997,15,2303,14,0,30,0
557,rarity600,rarity,1,2.2952665285726597,5.529513888888889,0.39999999999999997,16,2303,14,0,32,0
558,rarity600,rarity,1,2.2960584418640217,5.538194444444445,0.39999999999999997,16,2303,14,0,32,0
559,rarity600,rarity,1,2.2966290210719755,5.545138888888889,0.39999999999999997,16,2303,14,0,32,0
560,rarity600,rarity,1,2.2985673202279857,5.529513888888889,0.39999999999999997,17,2303,14,0,34,0
561,rarity600,rarity,1,2.2998538370804513,5.538194444444445,0.39999999999999997,16,2303,14,0,32,0
562,rarity600,rarity,1,2.3015532080506484,5.529513888888889,0.39999999999999997,17,2303,14,0,34,0
563,rarity600,rarity,1,2.3033542623860157,5.534722222222222,0.39999999999999997,17,2303,14,0,34,0
564,rarity600,rarity,1,2.30328770975443,5.53125,0.39999999999999997,17,2303,14,0,34,0
565,rarity600,rarity,1,2.3063481431678614,5.536458333333333,0.39999999999999997,17,2303,14,0,34,0
566,rarity600,rarity,1,2.307431762166101,5.536458333333333,0.39999999999999997,17,2303,14,0,34,0
567,rarity600,rarity,1,2.309179905882531,5.526041666666667,0.39999999999999997,17,2303,14,0,34,0
568,rarity600,rarity,1,2.3106409036887556,5.534722222222222,0.39999999999999997,17,2303,14,0,34,0
569,rarity600,rarity,1,2.311513311611978,5.545138888888889,0.39999999999999997,17,2303,14,0,34,0
570,rarity600,rarity,1,2.3117068787641446,5.522569444444445,0.39999999999999997,17,2303,14,0,34,0
571,rarity600,rarity,1,2.314748421654519,5.534722222222222,0.39999999999999997,17,2303,14,0,34,0
572,rarity600,rarity,1,2.315346480133878,5.534722222222222,0.39999999999999997,17,2303,14,0,34,0
573,rarity600,rarity,1,2.315647710026245,5.53125,0.39999999999999997,17,2304,14,0,33,0
574,rarity600,rarity,1,2.318072411412634,5.527777777777778,0.39999999999999997,17,2304,14,0,34,0
575,rarity600,rarity,1,2.3195967409187883,5.522569444444445,0.39999999999999997,17,2304,14,0,34,0
576,rarity600,rarity,1,2.325028324000435,5.517361111111111,0.39999999999999997,17,2304,14,0,34,0
577,rarity600,rarity,1,2.326493187725405,5.53125,0.39999999999999997,18,2304,14,0,36,0
578,rarity600,rarity,1,2.3295713983136825,5.529513888888889,0.39999999999999997,18,2304,14,0,36,0
579,rarity600,rarity,1,2.3309255929342023,5.541666666666667,0.39999999999999997,18,2304,14,0,36,0
580,rarity600,rarity,1,2.331817903430681,5.538194444444445,0.39999999999999997,18,2304,14,0,36,0
581,rarity600,rarity,1,2.3342966538119567,5.536458333333333,0.39999999999999997,19,2304,14,0,38,0
582,rarity600,rarity,1,2.3352657136885226,5.543402777777778,0.39999999999999997,19,2304,14,0,38,0
583,rarity600,rarity,1,2.3392000046319135,5.550347222222222,0.39999999999999997,19,2304,14,0,38,0
584,rarity600,rarity,1,2.341050668202485,5.541666666666667,0.39999999999999997,19,2304,14,0,38,0
585,rarity600,rarity,1,2.343094693922683,5.543402777777778,0.39999999999999997,18,2304,14,0,36,0
586,rarity600,rarity,1,2.344054956506227,5.529513888888889,0.39999999999999997,18,2304,14,0,36,0
587,rarity600,rarity,1,2.3454540818053773,5.53125,0.39999999999999997,19,2304,14,0,38,0
588,rarity600,rarity,1,2.3487548649235115,5.526041666666667,0.39999999999999997,20,2304,14,0,40,0
589,rarity600,rarity,1,2.3515730699455433,5.534722222222222,0.39999999999999997,20,2304,14,0,40,0
590,rarity600,rarity,1,2.352207596617359,5.529513888888889,0.39999999999999997,20,2304,14,0,40,0
591,rarity600,rarity,1,2.3541357026490415,5.517361111111111,0.39999999999999997,20,2304,14,0,40,0
592,rarity600,rarity,1,2.3547556549422843,5.505208333333333,0.39999999999999997,21,2304,14,0,42,0
593,rarity600,rarity,1,2.3553580863815053,5.522569444444445,0.39999999999999997,21,2304,14,0,42,0
594,rarity600,rarity,1,2.3561703026673984,5.515625,0.39999999999999997,20,2304,14,0,40,0
595,rarity600,rarity,1,2.359188410682908,5.538194444444445,0.39999999999999997,20,2304,14,0,40,0
596,rarity600,rarity,1,2.3623614235966537,5.543402777777778,0.39999999999999997,21,2304,14,0,42,0
597,rarity600,rarity,1,2.362937035063393,5.541666666666667,0.39999999999999997,20,2304,14,0,40,0
598,rarity600,rarity,1,2.365010806229714,5.546875,0.39999999999999997,20,2304,14,0,40,0
599,rarity600,rarity,1,2.3664659627780638,5.543402777777778,0.39999999999999997,20,2304,14,0,40,0
600,rarity600,rarity,1,2.368671501327609,5.559027777777778,0.39999999999999997,20,2304,14,0,40,0
1,rarity600,rarity,2,-0.0,1.0,0.7521856066669443,0,576,1,0,0,0
2,rarity600,rarity,2,0.03573372641245425,1.0295138888888888,0.743469100712405,5,586,3,0,0,0
3,rarity600,rarity,2,0.08572456695268388,1.0798611111111112,0.7347414624464466,5,596,4,0,0,0
4,rarity600,rarity,2,0.102482964376529,1.1041666666666667,0.726008225854751,5,606,4,0,0,0
5,rarity600,rarity,2,0.13300264799054046,1.1388888888888888,0.717263817799668,5,616,4,0,0,0
6,rarity600,rarity,2,0.17523645683150232,1.1840277777777777,0.7085136048254523,5,626,5,0,0,0
7,rarity600,rarity,2,0.19131967513012366,1.2083333333333333,0.6997632744831583,5,635,5,0,1,0
8,rarity600,rarity,2,0.24071387344917877,1.2673611111111112,0.6910054259920118,6,646,5,0,1,0
9,rarity600,rarity,2,0.27032368235186294,1.2951388888888888,0.6822486456734513,6,657,5,0,1,0
10,rarity600,rarity,2,0.29059739290523995,1.3229166666666667,0.6734912841798819,6,668,5,0,1,0
11,rarity600,rarity,2,0.3193470552556111,1.34375,0.6647335545391881,7,682,5,0,0,0
12,rarity600,rarity,2,0.34164038488072695,1.3732638888888888,0.6559706088675783,7,692,5,0,4,0
13,rarity600,rarity,2,0.3548480920509023,1.3940972222222223,0.6472052517291573,7,705,5,0,1,0
14,rarity600,rarity,2,0.37982325913470194,1.4114583333333333,0.6384317767537206,7,718,5,0,1,0
15,rarity600,rarity,2,0.3951688054843978,1.4236111111111112,0.6296561237491645,7,728,5,0,4,0
16,rarity600,rarity,2,0.42112590492324925,1.4513888888888888,0.6208792230787483,7,741,6,0,1,0
17,rarity600,rarity,2,0.4648102891523234,1.4756944444444444,0.6120971418618323,7,754,7,0,1,0
18,rarity600,rarity,2,0.5101932120716414,1.5329861111111112,0.6033135520540837,8,769,7,0,1,0
19,rarity600,rarity,2,0.5577744501207432,1.6128472222222223,0.5945285707951912,8,783,8,0,2,0
20,rarity600,rarity,2,0.5864944361063852,1.6440972222222223,0.5857589702410372,7,794,8,0,3,0
21,rarity600,rarity,2,0.6024460772724842,1.6614583333333333,0.5770180362692009,7,806,8,0,2,0
22,rarity600,rarity,2,0.62772047768233,1.6909722222222223,0.5683445247664938,7,817,8,0,3,0
23,rarity600,rarity,2,0.6600081047616391,1.7222222222222223,0.5597737361717408,7,828,8,0,3,0
24,rarity600,rarity,2,0.6772657407406382,1.7309027777777777,0.5513385679236602,7,840,8,0,2,0
25,rarity600,rarity,2,0.7019111864357448,1.7465277777777777,0.5430735816309182,7,852,8,0,2,0
26,rarity600,rarity,2,0.7136737027042689,1.7621527777777777,0.535003447970267,7,863,8,0,3,0
27,rarity600,rarity,2,0.7242872570322759,1.7881944444444444,0.5271575699842105,7,873,8,0,4,0
28,rarity600,rarity,2,0.7380236991635256,1.8072916666666667,0.5195775909128433,7,884,8,0,3,0
29,rarity600,rarity,2,0.7559424758481718,1.8385416666666667,0.5122854910677077,7,896,8,0,2,0
30,rarity600,rarity,2,0.769970816989306,1.8645833333333333,0.5052347104369236,7,906,8,0,4,0
31,rarity600,rarity,2,0.7841731906699899,1.8958333333333333,0.49842751504059146,7,915,8,0,5,0
32,rarity600,rarity,2,0.7949897510487991,1.921875,0.4918741684142153,7,927,8,0,2,0
33,rarity600,rarity,2,0.8074148357220999,1.9444444444444444,0.4855573418529532,7,938,8,0,3,0
34,rarity600,rarity,2,0.8197135762494194,1.9600694444444444,0.47950242542201266,7,951,8,0,1,0
35,rarity600,rarity,2,0.8275363511952735,1.9739583333333333,0.4736542177201615,5,959,8,0,2,0
36,rarity600,rarity,2,0.8275363511952735,1.9739583333333333,0.46802197612169744,5,965,8,0,4,0
37,rarity600,rarity,2,0.8293858048703344,1.9774305555555556,0.46256498249436273,5,972,8,0,3,0
38,rarity600,rarity,2,0.8356098325188062,1.9878472222222223,0.4572981801712163,5,977,8,0,5,0
39,rarity600,rarity,2,0.8391358261629493,1.9982638888888888,0.4522053904883911,5,982,8,0,5,0
40,rarity600,rarity,2,0.8425886544380347,2.0069444444444446,0.44730322492755725,5,988,8,0,4,0
41,rarity600,rarity,2,0.8493424513130748,2.0190972222222223,0.44257672670279696,4,993,8,0,3,0
42,rarity600,rarity,2,0.8575344651061346,2.0347222222222223,0.43804694170469466,4,998,8,0,3,0
43,rarity600,rarity,2,0.868385248679162,2.0538194444444446,0.4336856068287258,5,1005,8,0,3,0
44,rarity600,rarity,2,0.8841108412105826,2.0677083333333335,0.42955449988065003,5,1012,8,0,3,0
45,rarity600,rarity,2,0.8886819756693052,2.0833333333333335,0.42562727010301354,5,1019,8,0,3,0
46,rarity600,rarity,2,0.8931140646491537,2.09375,0.4219598571675836,5,1027,8,0,2,0
47,rarity600,rarity,2,0.8983424163494637,2.1059027777777777,0.4185843683224914,5,1035,8,0,2,0
48,rarity600,rarity,2,0.9048728337764566,2.1215277777777777,0.4155291789164123,5,1042,8,0,3,0
49,rarity600,rarity,2,0.9120537542090238,2.125,0.412781972545688,5,1049,8,0,3,0
50,rarity600,rarity,2,0.9169605098703975,2.1319444444444446,0.41031277028446267,4,1053,8,0,4,0
51,rarity600,rarity,2,0.9209442551072561,2.142361111111111,0.40810067072126965,4,1061,8,0,0,0
52,rarity600,rarity,2,0.9222453516053418,2.1440972222222223,0.4061595360740352,4,1067,8,0,2,0
53,rarity600,rarity,2,0.9235332941541978,2.1475694444444446,0.4044802872565034,4,1074,8,0,1,0
54,rarity600,rarity,2,0.9260703121123985,2.1493055555555554,0.40307564556375697,4,1080,8,0,2,0
55,rarity600,rarity,2,0.9312277863631224,2.1493055555555554,0.4019137599154378,4,1087,8,0,1,0
56,rarity600,rarity,2,0.9336575340884465,2.1510416666666665,0.4010549801049996,5,1094,8,0,3,0
57,rarity600,rarity,2,0.9372114512161872,2.157986111111111,0.4004882888815381,5,1102,8,0,2,0
58,rarity600,rarity,2,0.9391638332622885,2.1631944444444446,0.4001591104533642,5,1109,8,0,3,0
59,rarity600,rarity,2,0.9456965144310484,2.171875,0.4000086132668652,5,1115,8,0,4,0
60,rarity600,rarity,2,0.9476211796183953,2.173611111111111,0.39999999999999997,5,1121,8,0,4,0
61,rarity600,rarity,2,0.9509398786325655,2.189236111111111,0.39999999999999997,5,1129,8,0,2,0
62,rarity600,rarity,2,0.9568640666140372,2.201388888888889,0.39999999999999997,5,1136,8,0,3,0
63,rarity600,rarity,2,0.9608242674292286,2.2118055555555554,0.39999999999999997,5,1145,8,0,1,0
64,rarity600,rarity,2,0.9662396110145337,2.2135416666666665,0.39999999999999997,6,1153,8,0,4,0
65,rarity600,rarity,2,0.9727343418017433,2.217013888888889,0.39999999999999997,6,1163,8,0,2,0
66,rarity600,rarity,2,0.9756023851003964,2.2274305555555554,0.39999999999999997,6,1171,8,0,4,0
67,rarity600,rarity,2,0.9819833317119582,2.232638888888889,0.39999999999999997,6,1178,8,0,5,0
68,rarity600,rarity,2,0.9912697365548188,2.251736111111111,0.39999999999999997,6,1187,8,0,3,0
69,rarity600,rarity,2,0.9970644391821313,2.2586805555555554,0.39999999999999997,6,1195,8,0,4,0
70,rarity600,rarity,2,1.002892186603762,2.263888888888889,0.39999999999999997,6,1202,8,0,5,0
71,rarity600,rarity,2,1.0036853200731453,2.263888888888889,0.39999999999999997,6,1208,8,0,6,0
72,rarity600,rarity,2,1.0036853200731453,2.263888888888889,0.39999999999999997,6,1215,8,0,5,0
73,rarity600,rarity,2,1.01097719132078,2.2777777777777777,0.39999999999999997,6,1221,8,0,6,0
74,rarity600,rarity,2,1.014277263648101,2.282986111111111,0.39999999999999997,6,1228,8,0,5,0
75,rarity600,rarity,2,1.0166929107126936,2.2916666666666665,0.39999999999999997,6,1236,8,0,4,0
76,rarity600,rarity,2,1.02138901254583,2.3038194444444446,0.39999999999999997,6,1245,8,0,3,0
77,rarity600,rarity,2,1.026013611892024,2.3177083333333335,0.39999999999999997,6,1250,8,0,7,0
78,rarity600,rarity,2,1.0305690671104315,2.3211805555555554,0.39999999999999997,6,1257,8,0,5,0
79,rarity600,rarity,2,1.0378938626640468,2.3350694444444446,0.39999999999999997,6,1264,8,0,5,0
80,rarity600,rarity,2,1.042920579221094,2.3472222222222223,0.39999999999999997,6,1273,8,0,3,0
81,rarity600,rarity,2,1.0436446419924654,2.3489583333333335,0.39999999999999997,6,1280,8,0,5,0
82,rarity600,rarity,2,1.0477728650120863,2.3541666666666665,0.39999999999999997,6,1290,8,0,2,0
83,rarity600,rarity,2,1.0511105643972687,2.3663194444444446,0.39999999999999997,6,1299,8,0,3,0
84,rarity600,rarity,2,1.053870161662901,2.3680555555555554,0.39999999999999997,7,1310,8,0,3,0
85,rarity600,rarity,2,1.0587808040409845,2.3680555555555554,0.39999999999999997,7,1315,8,0,9,0
86,rarity600,rarity,2,1.062960755487163,2.3802083333333335,0.39999999999999997,7,1321,8,0,8,0
87,rarity600,rarity,2,1.0682493057143196,2.4027777777777777,0.39999999999999997,7,1332,8,0,3,0
88,rarity600,rarity,2,1.0688704941808378,2.4149305555555554,0.39999999999999997,7,1339,8,0,7,0
89,rarity600,rarity,2,1.078055790167832,2.4305555555555554,0.39999999999999997,7,1347,9,0,6,0
90,rarity600,rarity,2,1.0798094940272753,2.4496527777777777,0.39999999999999997,7,1354,9,0,7,0
91,rarity600,rarity,2,1.0835116807849967,2.454861111111111,0.39999999999999997,7,1364,9,0,4,0
92,rarity600,rarity,2,1.0882360879803357,2.4774305555555554,0.39999999999999997,8,1375,9,0,5,0
93,rarity600,rarity,2,1.0917725739144013,2.4947916666666665,0.39999999999999997,8,1386,9,0,5,0
94,rarity600,rarity,2,1.0956071882223095,2.4965277777777777,0.39999999999999997,8,1396,9,0,6,0
95,rarity600,rarity,2,1.0988478364627152,2.4965277777777777,0.39999999999999997,8,1407,9,0,5,0
96,rarity600,rarity,2,1.1003148244415408,2.5034722222222223,0.39999999999999997,8,1418,9,0,5,0
97,rarity600,rarity,2,1.1081373639415446,2.5034722222222223,0.39999999999999997,9,1430,9,0,6,0
98,rarity600,rarity,2,1.1102388935075493,2.5069444444444446,0.39999999999999997,9,1443,9,0,5,0
99,rarity600,rarity,2,1.1162284828223228,2.517361111111111,0.39999999999999997,9,1453,9,0,8,0
100,rarity600,rarity,2,1.1219520392769002,2.5190972222222223,0.39999999999999997,9,1461,9,0,10,0
101,rarity600,rarity,2,1.1235283877776396,2.5225694444444446,0.39999999999999997,9,1469,9,0,10,0
102,rarity600,rarity,2,1.128794154542782,2.532986111111111,0.39999999999999997,9,1482,9,0,5,0
103,rarity600,rarity,2,1.1299163848371017,2.532986111111111,0.39999999999999997,9,1493,9,0,7,0
104,rarity600,rarity,2,1.1349809650729321,2.5399305555555554,0.39999999999999997,9,1504,9,0,7,0
105,rarity600,rarity,2,1.1414783262348354,2.5416666666666665,0.39999999999999997,9,1516,9,0,6,0
106,rarity600,rarity,2,1.1467264562817334,2.5538194444444446,0.39999999999999997,9,1529,9,0,5,0
107,rarity600,rarity,2,1.1490930478831416,2.5555555555555554,0.39999999999999997,9,1538,9,0,9,0
108,rarity600,rarity,2,1.149689422354654,2.5555555555555554,0.39999999999999997,9,1548,9,0,8,0
109,rarity600,rarity,2,1.1530132831602464,2.5677083333333335,0.39999999999999997,9,1559,9,0,7,0
110,rarity600,rarity,2,1.1571876953088325,2.5868055555555554,0.39999999999999997,9,1564,9,0,13,0
111,rarity600,rarity,2,1.1620867560474997,2.6041666666666665,0.39999999999999997,9,1567,9,0,15,0
112,rarity600,rarity,2,1.1659515788906971,2.6197916666666665,0.39999999999999997,9,1580,9,0,5,0
113,rarity600,rarity,2,1.1723339562037354,2.6302083333333335,0.39999999999999997,9,1589,9,0,9,0
114,rarity600,rarity,2,1.1783120212298404,2.6475694444444446,0.39999999999999997,10,1601,9,0,8,0
115,rarity600,rarity,2,1.1819166481780066,2.6510416666666665,0.39999999999999997,10,1612,9,0,9,0
116,rarity600,rarity,2,1.195162559860255,2.673611111111111,0.39999999999999997,10,1620,9,0,12,0
117,rarity600,rarity,2,1.2065836365537483,2.7222222222222223,0.39999999999999997,10,1631,9,0,9,0
118,rarity600,rarity,2,1.2069069697382098,2.7222222222222223,0.39999999999999997,10,1645,9,0,6,0
119,rarity600,rarity,2,1.2072151310658557,2.7222222222222223,0.39999999999999997,10,1655,9,0,10,0
120,rarity600,rarity,2,1.2110154082716458,2.736111111111111,0.39999999999999997,10,1661,9,0,14,0
121,rarity600,rarity,2,1.2125985546134699,2.7395833333333335,0.39999999999999997,10,1667,9,0,14,0
122,rarity600,rarity,2,1.217980339319176,2.748263888888889,0.39999999999999997,10,1678,9,0,9,0
123,rarity600,rarity,2,1.222786564906022,2.7725694444444446,0.39999999999999997,10,1683,9,0,15,0
124,rarity600,rarity,2,1.2291925375522075,2.7899305555555554,0.39999999999999997,10,1691,9,0,12,0
125,rarity600,rarity,2,1.2329330008813977,2.8003472222222223,0.39999999999999997,10,1698,9,0,13,0
126,rarity600,rarity,2,1.2351032865627811,2.798611111111111,0.39999999999999997,10,1700,9,0,18,0
127,rarity600,rarity,2,1.2383861745042626,2.8038194444444446,0.39999999999999997,10,1705,9,0,15,0
128,rarity600,rarity,2,1.2441970497539963,2.8038194444444446,0.39999999999999997,10,1708,9,0,17,0
129,rarity600,rarity,2,1.2442822794585289,2.8038194444444446,0.39999999999999997,10,1719,9,0,9,0
130,rarity600,rarity,2,1.2463173531556486,2.8125,0.39999999999999997,10,1729,9,0,10,0
131,rarity600,rarity,2,1.249342096363511,2.8211805555555554,0.39999999999999997,10,1736,9,0,13,0
132,rarity600,rarity,2,1.2518860021017955,2.8315972222222223,0.39999999999999997,10,1743,9,0,13,0
133,rarity600,rarity,2,1.2519390151931324,2.8315972222222223,0.39999999999999997,10,1748,9,0,15,0
134,rarity600,rarity,2,1.2537327547999455,2.84375,0.39999999999999997,10,1754,9,0,14,0
135,rarity600,rarity,2,1.264000587686567,2.8628472222222223,0.39999999999999997,10,1761,9,0,13,0
136,rarity600,rarity,2,1.2640631776659266,2.8663194444444446,0.39999999999999997,10,1768,9,0,13,0
137,rarity600,rarity,2,1.2664652174975461,2.876736111111111,0.39999999999999997,10,1773,9,0,15,0
138,rarity600,rarity,2,1.2671930200722206,2.876736111111111,0.39999999999999997,10,1781,9,0,12,0
139,rarity600,rarity,2,1.2718334960294249,2.8871527777777777,0.39999999999999997,10,1789,9,0,12,0
140,rarity600,rarity,2,1.2764605748766569,2.9027777777777777,0.39999999999999997,10,1797,9,0,12,0
141,rarity600,rarity,2,1.2823730571243481,2.920138888888889,0.39999999999999997,10,1803,9,0,14,0
142,rarity600,rarity,2,1.2905817965694792,2.9427083333333335,0.39999999999999997,10,1810,9,0,13,0
143,rarity600,rarity,2,1.2919866449325255,2.954861111111111,0.39999999999999997,10,1823,9,0,7,0
144,rarity600,rarity,2,1.2954985946397024,2.967013888888889,0.39999999999999997,10,1832,9,0,11,0
145,rarity600,rarity,2,1.300322976568364,2.9774305555555554,0.39999999999999997,10,1845,9,0,7,0
146,rarity600,rarity,2,1.3069822161279592,2.986111111111111,0.39999999999999997,11,1856,9,0,11,0
147,rarity600,rarity,2,1.312859115005624,2.9965277777777777,0.39999999999999997,11,1861,9,0,17,0
148,rarity600,rarity,2,1.3126370102155491,3.0034722222222223,0.39999999999999997,11,1874,9,0,9,0
149,rarity600,rarity,2,1.315273156338983,3.015625,0.39999999999999997,11,1880,9,0,16,0
150,rarity600,rarity,2,1.3183769595446964,3.015625,0.39999999999999997,11,1886,9,0,16,0
151,rarity600,rarity,2,1.3223504684432685,3.0225694444444446,0.39999999999999997,11,1892,9,0,16,0
152,rarity600,rarity,2,1.3222611541506546,3.0225694444444446,0.39999999999999997,10,1898,9,0,14,0
153,rarity600,rarity,2,1.326590317410318,3.0243055555555554,0.39999999999999997,10,1906,9,0,12,0
154,rarity600,rarity,2,1.3344347334045674,3.0434027777777777,0.39999999999999997,10,1911,9,0,15,0
155,rarity600,rarity,2,1.3369310031048982,3.0503472222222223,0.39999999999999997,9,1919,9,0,10,0
156,rarity600,rarity,2,1.3392895702417769,3.0625,0.39999999999999997,9,1926,9,0,11,0
157,rarity600,rarity,2,1.3484296734109962,3.0833333333333335,0.39999999999999997,10,1930,9,0,16,0
158,rarity600,rarity,2,1.3533853404653458,3.0902777777777777,0.39999999999999997,10,1934,9,0,16,0
159,rarity600,rarity,2,1.3549862471394833,3.1041666666666665,0.39999999999999997,10,1938,9,0,16,0
160,rarity600,rarity,2,1.3598120134932323,3.1180555555555554,0.39999999999999997,10,1941,9,0,17,0
161,rarity600,rarity,2,1.3671076777545943,3.1371527777777777,0.39999999999999997,10,1945,9,0,16,0
162,rarity600,rarity,2,1.3682503475202925,3.138888888888889,0.39999999999999997,9,1949,9,0,14,0
163,rarity600,rarity,2,1.3794003633697458,3.1493055555555554,0.39999999999999997,9,1953,10,0,14,0
164,rarity600,rarity,2,1.3830460986601747,3.1527777777777777,0.39999999999999997,9,1955,10,0,16,0
165,rarity600,rarity,2,1.3861879865291726,3.1527777777777777,0.39999999999999997,9,1960,10,0,13,0
166,rarity600,rarity,2,1.3878598758362677,3.157986111111111,0.39999999999999997,9,1965,10,0,13,0
167,rarity600,rarity,2,1.3929083246348586,3.170138888888889,0.39999999999999997,9,1970,10,0,13,0
168,rarity600,rarity,2,1.3948922089926095,3.1753472222222223,0.39999999999999997,9,1976,10,0,12,0
169,rarity600,rarity,2,1.3957635680497429,3.1753472222222223,0.39999999999999997,9,1982,10,0,12,0
170,rarity600,rarity,2,1.3962418134631276,3.1770833333333335,0.39999999999999997,9,1987,10,0,13,0
171,rarity600,rarity,2,1.4005021238396822,3.1927083333333335,0.39999999999999997,9,1991,10,0,14,0
172,rarity600,rarity,2,1.4023237535723343,3.203125,0.39999999999999997,9,1996,10,0,13,0
173,rarity600,rarity,2,1.4027844896663293,3.203125,0.39999999999999997,9,2005,10,0,9,0
174,rarity600,rarity,2,1.410076489159282,3.217013888888889,0.39999999999999997,9,2009,10,0,14,0
175,rarity600,rarity,2,1.4172837275388392,3.236111111111111,0.39999999999999997,9,2011,10,0,16,0
176,rarity600,rarity,2,1.419120348038437,3.2378472222222223,0.39999999999999997,9,2016,10,0,13,0
177,rarity600,rarity,2,1.4198423434159801,3.2465277777777777,0.39999999999999997,9,2019,10,0,15,0
178,rarity600,rarity,2,1.423596726969717,3.2534722222222223,0.39999999999999997,9,2021,10,0,16,0
179,rarity600,rarity,2,1.4238370416752915,3.263888888888889,0.39999999999999997,9,2028,10,0,11,0
180,rarity600,rarity,2,1.4260468867938538,3.28125,0.39999999999999997,9,2033,10,0,13,0
181,rarity600,rarity,2,1.4272420656524087,3.2899305555555554,0.39999999999999997,9,2039,10,0,12,0
182,rarity600,rarity,2,1.428896202800177,3.2899305555555554,0.39999999999999997,9,2040,10,0,17,0
183,rarity600,rarity,2,1.432670165326528,3.2916666666666665,0.39999999999999997,9,2047,10,0,11,0
184,rarity600,rarity,2,1.4341394460637296,3.295138888888889,0.39999999999999997,9,2052,10,0,13,0
185,rarity600,rarity,2,1.4353570858742244,3.3038194444444446,0.39999999999999997,9,2056,10,0,14,0
186,rarity600,rarity,2,1.4348439168908715,3.3072916666666665,0.39999999999999997,9,2062,10,0,12,0
187,rarity600,rarity,2,1.4364434886469437,3.3072916666666665,0.39999999999999997,8,2066,10,0,12,0
188,rarity600,rarity,2,1.4380302918259527,3.3055555555555554,0.39999999999999997,8,2069,10,0,13,0
189,rarity600,rarity,2,1.4386479681675863,3.3055555555555554,0.39999999999999997,8,2069,10,0,16,0
190,rarity600,rarity,2,1.4398184077928184,3.3072916666666665,0.39999999999999997,8,2076,10,0,9,0
191,rarity600,rarity,2,1.4403602759277065,3.3125,0.39999999999999997,8,2080,10,0,12,0
192,rarity600,rarity,2,1.439799574436401,3.3159722222222223,0.39999999999999997,8,2085,10,0,11,0
193,rarity600,rarity,2,1.4406107007686428,3.3159722222222223,0.39999999999999997,9,2088,10,0,15,0
194,rarity600,rarity,2,1.4470601564337648,3.3333333333333335,0.39999999999999997,9,2090,10,0,16,0
195,rarity600,rarity,2,1.447978511095851,3.342013888888889,0.39999999999999997,9,2091,10,0,17,0
196,rarity600,rarity,2,1.452614915053627,3.3541666666666665,0.39999999999999997,9,2091,10,0,18,0
197,rarity600,rarity,2,1.4570945095246663,3.3663194444444446,0.39999999999999997,9,2094,10,0,15,0
198,rarity600,rarity,2,1.4578712557896158,3.3680555555555554,0.39999999999999997,9,2094,10,0,18,0
199,rarity600,rarity,2,1.458471033016417,3.3680555555555554,0.39999999999999997,9,2095,10,0,17,0
200,rarity600,rarity,2,1.4608549613689314,3.3645833333333335,0.39999999999999997,8,2096,10,0,15,0
201,rarity600,rarity,2,1.4605001144124137,3.3663194444444446,0.39999999999999997,8,2098,10,0,14,0
202,rarity600,rarity,2,1.4636506292012672,3.3784722222222223,0.39999999999999997,8,2100,10,0,14,0
203,rarity600,rarity,2,1.4646734067321125,3.3802083333333335,0.39999999999999997,8,2104,10,0,12,0
204,rarity600,rarity,2,1.467614302319457,3.3836805555555554,0.39999999999999997,8,2109,10,0,11,0
205,rarity600,rarity,2,1.4666298796961492,3.3854166666666665,0.39999999999999997,9,2116,10,0,11,0
206,rarity600,rarity,2,1.4688864355818991,3.3854166666666665,0.39999999999999997,9,2119,10,0,15,0
207,rarity600,rarity,2,1.4727234184280915,3.390625,0.39999999999999997,9,2120,10,0,17,0
208,rarity600,rarity,2,1.4731124484590676,3.3975694444444446,0.39999999999999997,8,2121,10,0,15,0
209,rarity600,rarity,2,1.4738323670533051,3.3993055555555554,0.39999999999999997,8,2122,10,0,15,0
210,rarity600,rarity,2,1.4761458093642796,3.3993055555555554,0.39999999999999997,8,2125,10,0,13,0
211,rarity600,rarity,2,1.476717979361494,3.3993055555555554,0.39999999999999997,8,2126,10,0,15,0
212,rarity600,rarity,2,1.4813463818488164,3.4097222222222223,0.39999999999999997,8,2127,10,0,15,0
213,rarity600,rarity,2,1.4846883348340718,3.4131944444444446,0.39999999999999997,8,2128,10,0,15,0
214,rarity600,rarity,2,1.4847601471938319,3.4149305555555554,0.39999999999999997,8,2132,10,0,12,0
215,rarity600,rarity,2,1.4847361746595162,3.4166666666666665,0.39999999999999997,8,2135,10,0,13,0
216,rarity600,rarity,2,1.4875936896896746,3.421875,0.39999999999999997,8,2135,10,0,16,0
217,rarity600,rarity,2,1.489536719272533,3.423611111111111,0.39999999999999997,8,2137,10,0,14,0
218,rarity600,rarity,2,1.4952745222686197,3.4305555555555554,0.39999999999999997,8,2140,10,0,13,0
219,rarity600,rarity,2,1.4964477953852147,3.4253472222222223,0.39999999999999997,8,2141,10,0,15,0
220,rarity600,rarity,2,1.502072884397612,3.451388888888889,0.39999999999999997,8,2141,10,0,16,0
221,rarity600,rarity,2,1.5039831943691622,3.467013888888889,0.39999999999999997,8,2142,10,0,15,0
222,rarity600,rarity,2,1.503220162291112,3.4774305555555554,0.39999999999999997,8,2143,10,0,15,0
223,rarity600,rarity,2,1.5110403247765067,3.4947916666666665,0.39999999999999997,8,2143,10,0,16,0
224,rarity600,rarity,2,1.5142290783250023,3.5104166666666665,0.39999999999999997,8,2147,10,0,12,0
225,rarity600,rarity,2,1.5177982082920622,3.5190972222222223,0.39999999999999997,8,2148,10,0,15,0
226,rarity600,rarity,2,1.5194080852878806,3.5190972222222223,0.39999999999999997,8,2148,10,0,16,0
227,rarity600,rarity,2,1.5198097490688978,3.5190972222222223,0.39999999999999997,9,2148,10,0,18,0
228,rarity600,rarity,2,1.5204319167947642,3.5243055555555554,0.39999999999999997,8,2150,10,0,14,0
229,rarity600,rarity,2,1.5247360979124243,3.529513888888889,0.39999999999999997,8,2150,10,0,16,0
230,rarity600,rarity,2,1.5262208634456385,3.529513888888889,0.39999999999999997,8,2150,10,0,16,0
231,rarity600,rarity,2,1.5273665999911152,3.5399305555555554,0.39999999999999997,9,2151,10,0,17,0
232,rarity600,rarity,2,1.527973648515546,3.5399305555555554,0.39999999999999997,9,2153,10,0,16,0
233,rarity600,rarity,2,1.5281678883327865,3.5434027777777777,0.39999999999999997,9,2155,10,0,16,0
234,rarity600,rarity,2,1.5277621434941346,3.548611111111111,0.39999999999999997,9,2156,10,0,17,0
235,rarity600,rarity,2,1.5288312008562992,3.5503472222222223,0.39999999999999997,9,2156,10,0,18,0
236,rarity600,rarity,2,1.5296599236984534,3.5503472222222223,0.39999999999999997,9,2158,10,0,16,0
237,rarity600,rarity,2,1.5309513835592297,3.5503472222222223,0.39999999999999997,9,2159,10,0,17,0
238,rarity600,rarity,2,1.5303264872275746,3.5503472222222223,0.39999999999999997,9,2161,10,0,16,0
239,rarity600,rarity,2,1.5322778475456647,3.560763888888889,0.39999999999999997,9,2164,10,0,15,0
240,rarity600,rarity,2,1.5347470410627504,3.564236111111111,0.39999999999999997,9,2165,10,0,17,0
241,rarity600,rarity,2,1.536001463934639,3.5677083333333335,0.39999999999999997,8,2168,10,0,13,0
242,rarity600,rarity,2,1.537076513497826,3.564236111111111,0.39999999999999997,8,2171,10,0,13,0
243,rarity600,rarity,2,1.5386037445373186,3.5625,0.39999999999999997,8,2173,10,0,14,0
244,rarity600,rarity,2,1.5404156678298395,3.5555555555555554,0.39999999999999997,8,2177,10,0,12,0
245,rarity600,rarity,2,1.5458149358390234,3.5520833333333335,0.39999999999999997,8,2179,10,0,14,0
246,rarity600,rarity,2,1.5463802397698845,3.5520833333333335,0.39999999999999997,9,2179,10,0,18,0
247,rarity600,rarity,2,1.5465363623403692,3.5538194444444446,0.39999999999999997,9,2185,10,0,12,0
248,rarity600,rarity,2,1.5486637351034966,3.560763888888889,0.39999999999999997,9,2185,10,0,18,0
249,rarity600,rarity,2,1.5514671787558723,3.564236111111111,0.39999999999999997,9,2185,10,0,18,0
250,rarity600,rarity,2,1.5529475492542204,3.5659722222222223,0.39999999999999997,10,2186,10,0,19,0
251,rarity600,rarity,2,1.5555116323861466,3.5815972222222223,0.39999999999999997,10,2186,10,0,20,0
252,rarity600,rarity,2,1.5601493240193067,3.5833333333333335,0.39999999999999997,10,2188,10,0,18,0
253,rarity600,rarity,2,1.561630303760301,3.5868055555555554,0.39999999999999997,10,2189,10,0,19,0
254,rarity600,rarity,2,1.5650321916197902,3.5902777777777777,0.39999999999999997,10,2191,10,0,18,0
255,rarity600,rarity,2,1.569801072579739,3.6006944444444446,0.39999999999999997,10,2191,10,0,20,0
256,rarity600,rarity,2,1.5703983025555879,3.6059027777777777,0.39999999999999997,10,2193,10,0,18,0
257,rarity600,rarity,2,1.5721824290480093,3.609375,0.39999999999999997,10,2193,10,0,20,0
258,rarity600,rarity,2,1.5736417890142835,3.609375,0.39999999999999997,9,2196,10,0,15,0
259,rarity600,rarity,2,1.5736417890142835,3.609375,0.39999999999999997,9,2198,10,0,16,0
260,rarity600,rarity,2,1.574154302178573,3.607638888888889,0.39999999999999997,9,2200,10,0,16,0
261,rarity600,rarity,2,1.5741594305509174,3.607638888888889,0.39999999999999997,9,2203,10,0,15,0
262,rarity600,rarity,2,1.576669878795598,3.6145833333333335,0.39999999999999997,9,2204,10,0,17,0
263,rarity600,rarity,2,1.579854903930852,3.6180555555555554,0.39999999999999997,9,2204,10,0,18,0
264,rarity600,rarity,2,1.5817236167599622,3.6180555555555554,0.39999999999999997,9,2204,10,0,18,0
265,rarity600,rarity,2,1.5826237317743288,3.6215277777777777,0.39999999999999997,9,2204,10,0,18,0
266,rarity600,rarity,2,1.5826237317743288,3.6215277777777777,0.39999999999999997,9,2207,10,0,15,0
267,rarity600,rarity,2,1.5840274792985618,3.6215277777777777,0.39999999999999997,9,2210,10,0,15,0
268,rarity600,rarity,2,1.5840274792985618,3.6215277777777777,0.39999999999999997,9,2212,10,0,16,0
269,rarity600,rarity,2,1.5835595329261622,3.609375,0.39999999999999997,9,2214,10,0,16,0
270,rarity600,rarity,2,1.5883294182910797,3.6163194444444446,0.39999999999999997,9,2216,10,0,16,0
271,rarity600,rarity,2,1.5873899073230295,3.6163194444444446,0.39999999999999997,9,2220,10,0,14,0
272,rarity600,rarity,2,1.5878600744318772,3.6163194444444446,0.39999999999999997,9,2220,10,0,18,0
273,rarity600,rarity,2,1.5888005096046935,3.6145833333333335,0.39999999999999997,9,2221,10,0,17,0
274,rarity600,rarity,2,1.5900600109584382,3.6163194444444446,0.39999999999999997,9,2222,10,0,17,0
275,rarity600,rarity,2,1.5927106173361572,3.6197916666666665,0.39999999999999997,10,2223,10,0,19,0
276,rarity600,rarity,2,1.596795148311994,3.623263888888889,0.39999999999999997,10,2225,10,0,18,0
277,rarity600,rarity,2,1.5993265407486095,3.6284722222222223,0.39999999999999997,10,2225,10,0,20,0
278,rarity600,rarity,2,1.6001879678149529,3.6284722222222223,0.39999999999999997,10,2226,10,0,19,0
279,rarity600,rarity,2,1.601040257286794,3.6284722222222223,0.39999999999999997,10,2228,10,0,18,0
280,rarity600,rarity,2,1.6015115602977623,3.626736111111111,0.39999999999999997,10,2230,10,0,18,0
281,rarity600,rarity,2,1.6023555382416588,3.6319444444444446,0.39999999999999997,10,2232,10,0,18,0
282,rarity600,rarity,2,1.6023555382416588,3.6319444444444446,0.39999999999999997,10,2232,10,0,20,0
283,rarity600,rarity,2,1.601883447202732,3.6319444444444446,0.39999999999999997,10,2233,10,0,19,0
284,rarity600,rarity,2,1.6043948977853952,3.6302083333333335,0.39999999999999997,10,2235,10,0,18,0
285,rarity600,rarity,2,1.6064925597732338,3.6371527777777777,0.39999999999999997,10,2235,10,0,20,0
286,rarity600,rarity,2,1.6068559719053188,3.6371527777777777,0.39999999999999997,10,2238,10,0,17,0
287,rarity600,rarity,2,1.606386227397079,3.6371527777777777,0.39999999999999997,10,2238,10,0,20,0
288,rarity600,rarity,2,1.606386227397079,3.6371527777777777,0.39999999999999997,10,2239,10,0,19,0
289,rarity600,rarity,2,1.610416622638028,3.6440972222222223,0.39999999999999997,10,2243,10,0,16,0
290,rarity600,rarity,2,1.6134076332560805,3.6614583333333335,0.39999999999999997,9,2246,10,0,15,0
291,rarity600,rarity,2,1.6142299908001372,3.670138888888889,0.39999999999999997,9,2248,10,0,16,0
292,rarity600,rarity,2,1.614699216542255,3.670138888888889,0.39999999999999997,9,2249,10,0,17,0
293,rarity600,rarity,2,1.617632279997301,3.6770833333333335,0.39999999999999997,9,2249,10,0,18,0
294,rarity600,rarity,2,1.6189672836682514,3.6909722222222223,0.39999999999999997,9,2250,10,0,17,0
295,rarity600,rarity,2,1.6201705687636976,3.6875,0.39999999999999997,9,2251,10,0,17,0
296,rarity600,rarity,2,1.6212101655407267,3.689236111111111,0.39999999999999997,9,2251,10,0,18,0
297,rarity600,rarity,2,1.6224027906861105,3.689236111111111,0.39999999999999997,10,2253,10,0,18,0
298,rarity600,rarity,2,1.6239235567566672,3.6909722222222223,0.39999999999999997,10,2253,10,0,20,0
299,rarity600,rarity,2,1.6247232489103576,3.6961805555555554,0.39999999999999997,10,2254,10,0,19,0
300,rarity600,rarity,2,1.6250505006962117,3.6979166666666665,0.39999999999999997,10,2254,10,0,20,0
301,rarity600,rarity,2,1.6268159968855664,3.7065972222222223,0.39999999999999997,9,2254,10,0,18,0
302,rarity600,rarity,2,1.6285304589126077,3.7135416666666665,0.39999999999999997,9,2254,10,0,18,0
303,rarity600,rarity,2,1.6298623563742327,3.720486111111111,0.39999999999999997,9,2254,10,0,18,0
304,rarity600,rarity,2,1.6298623563742327,3.720486111111111,0.39999999999999997,9,2254,10,0,18,0
305,rarity600,rarity,2,1.6317689300717348,3.7222222222222223,0.39999999999999997,9,2254,10,0,18,0
306,rarity600,rarity,2,1.6346741154208726,3.7239583333333335,0.39999999999999997,9,2255,10,0,17,0
307,rarity600,rarity,2,1.6372614241717554,3.734375,0.39999999999999997,11,2255,10,0,22,0
308,rarity600,rarity,2,1.6417715130070565,3.736111111111111,0.39999999999999997,11,2255,10,0,22,0
309,rarity600,rarity,2,1.6438325795183693,3.7430555555555554,0.39999999999999997,11,2256,10,0,21,0
310,rarity600,rarity,2,1.6443507938317707,3.7430555555555554,0.39999999999999997,12,2258,10,0,22,0
311,rarity600,rarity,2,1.6464923416966184,3.751736111111111,0.39999999999999997,12,2258,10,0,24,0
312,rarity600,rarity,2,1.651469037632059,3.7743055555555554,0.39999999999999997,12,2260,10,0,22,0
313,rarity600,rarity,2,1.6570231572045808,3.7916666666666665,0.39999999999999997,13,2263,10,0,23,0
314,rarity600,rarity,2,1.6617907679544375,3.798611111111111,0.39999999999999997,13,2263,10,0,26,0
315,rarity600,rarity,2,1.6697017564280692,3.810763888888889,0.39999999999999997,13,2265,11,0,24,0
316,rarity600,rarity,2,1.6739322086208195,3.8211805555555554,0.39999999999999997,13,2265,11,0,26,0
317,rarity600,rarity,2,1.6861153837290057,3.845486111111111,0.39999999999999997,13,2266,11,0,25,0
318,rarity600,rarity,2,1.6922039779964733,3.8559027777777777,0.39999999999999997,13,2266,11,0,26,0
319,rarity600,rarity,2,1.6983696151548022,3.861111111111111,0.39999999999999997,13,2267,11,0,25,0
320,rarity600,rarity,2,1.700563979121289,3.8871527777777777,0.39999999999999997,13,2268,11,0,25,0
321,rarity600,rarity,2,1.7007195221387155,3.873263888888889,0.39999999999999997,13,2269,11,0,25,0
322,rarity600,rarity,2,1.704179464366459,3.8784722222222223,0.39999999999999997,13,2269,11,0,26,0
323,rarity600,rarity,2,1.7109530253524956,3.892361111111111,0.39999999999999997,13,2269,11,0,26,0
324,rarity600,rarity,2,1.7173527227684615,3.8993055555555554,0.39999999999999997,13,2270,11,0,25,0
325,rarity600,rarity,2,1.720525452233198,3.907986111111111,0.39999999999999997,13,2270,11,0,26,0
326,rarity600,rarity,2,1.7239040406520438,3.9114583333333335,0.39999999999999997,13,2271,11,0,25,0
327,rarity600,rarity,2,1.7266224081744916,3.921875,0.39999999999999997,13,2272,11,0,25,0
328,rarity600,rarity,2,1.731668317556991,3.9409722222222223,0.39999999999999997,13,2273,11,0,25,0
329,rarity600,rarity,2,1.7335075640837427,3.9444444444444446,0.39999999999999997,13,2273,11,0,26,0
330,rarity600,rarity,2,1.7359419993457679,3.9409722222222223,0.39999999999999997,13,2273,11,0,26,0
331,rarity600,rarity,2,1.7432716197504357,3.9600694444444446,0.39999999999999997,13,2273,11,0,26,0
332,rarity600,rarity,2,1.7472171739033202,3.970486111111111,0.39999999999999997,14,2273,11,0,28,0
333,rarity600,rarity,2,1.749986155643689,3.9722222222222223,0.39999999999999997,14,2273,11,0,28,0
334,rarity600,rarity,2,1.7534720799723171,3.9774305555555554,0.39999999999999997,14,2273,11,0,28,0
335,rarity600,rarity,2,1.7603474343355203,4.0,0.39999999999999997,14,2274,11,0,27,0
336,rarity600,rarity,2,1.7622021821884382,4.006944444444445,0.39999999999999997,14,2275,11,0,27,0
337,rarity600,rarity,2,1.7656055898130751,4.013888888888889,0.39999999999999997,13,2275,11,0,26,0
338,rarity600,rarity,2,1.7669774591309078,4.015625,0.39999999999999997,13,2275,11,0,26,0
339,rarity600,rarity,2,1.767422629186542,4.020833333333333,0.39999999999999997,13,2275,11,0,26,0
340,rarity600,rarity,2,1.7747205771933026,4.039930555555555,0.39999999999999997,13,2275,11,0,26,0
341,rarity600,rarity,2,1.7791207464087013,4.053819444444445,0.39999999999999997,13,2275,11,0,26,0
342,rarity600,rarity,2,1.7825122961581776,4.041666666666667,0.39999999999999997,13,2275,11,0,26,0
343,rarity600,rarity,2,1.7830651025313682,4.041666666666667,0.39999999999999997,13,2276,11,0,25,0
344,rarity600,rarity,2,1.78335026012598,4.041666666666667,0.39999999999999997,13,2276,11,0,26,0
345,rarity600,rarity,2,1.7870477496429704,4.043402777777778,0.39999999999999997,13,2277,11,0,25,0
346,rarity600,rarity,2,1.7888528344462045,4.036458333333333,0.39999999999999997,13,2277,11,0,26,0
347,rarity600,rarity,2,1.7896534406865157,4.038194444444445,0.39999999999999997,13,2277,11,0,26,0
348,rarity600,rarity,2,1.7914562442700572,4.052083333333333,0.39999999999999997,15,2277,11,0,30,0
349,rarity600,rarity,2,1.793235562438534,4.0625,0.39999999999999997,14,2277,11,0,28,0
350,rarity600,rarity,2,1.794896705196824,4.067708333333333,0.39999999999999997,14,2277,11,0,28,0
351,rarity600,rarity,2,1.7967075800889032,4.053819444444445,0.39999999999999997,14,2278,11,0,27,0
352,rarity600,rarity,2,1.8001396897857902,4.065972222222222,0.39999999999999997,14,2279,11,0,27,0
353,rarity600,rarity,2,1.8019090491638656,4.071180555555555,0.39999999999999997,14,2279,11,0,28,0
354,rarity600,rarity,2,1.8051302018179443,4.079861111111111,0.39999999999999997,14,2279,11,0,28,0
355,rarity600,rarity,2,1.808998196836505,4.092013888888889,0.39999999999999997,14,2279,11,0,28,0
356,rarity600,rarity,2,1.8123145599507056,4.102430555555555,0.39999999999999997,14,2279,11,0,28,0
357,rarity600,rarity,2,1.8176034487090738,4.114583333333333,0.39999999999999997,14,2281,11,0,26,0
358,rarity600,rarity,2,1.819430252111688,4.116319444444445,0.39999999999999997,14,2282,11,0,27,0
359,rarity600,rarity,2,1.8209786635320186,4.119791666666667,0.39999999999999997,14,2284,11,0,26,0
360,rarity600,rarity,2,1.82143477698594,4.118055555555555,0.39999999999999997,14,2285,11,0,27,0
361,rarity600,rarity,2,1.8225293976034045,4.109375,0.39999999999999997,14,2285,11,0,28,0
362,rarity600,rarity,2,1.8229445320095927,4.109375,0.39999999999999997,14,2286,11,0,27,0
363,rarity600,rarity,2,1.8244606419123364,4.105902777777778,0.39999999999999997,14,2286,11,0,28,0
364,rarity600,rarity,2,1.8263691189607818,4.105902777777778,0.39999999999999997,14,2286,11,0,28,0
365,rarity600,rarity,2,1.8324451631600955,4.125,0.39999999999999997,14,2286,11,0,28,0
366,rarity600,rarity,2,1.8320102477844284,4.128472222222222,0.39999999999999997,14,2287,11,0,27,0
367,rarity600,rarity,2,1.8344133933829894,4.138888888888889,0.39999999999999997,14,2287,11,0,28,0
368,rarity600,rarity,2,1.8356614365356132,4.138888888888889,0.39999999999999997,14,2287,11,0,28,0
369,rarity600,rarity,2,1.8359446320244253,4.135416666666667,0.39999999999999997,14,2287,11,0,28,0
370,rarity600,rarity,2,1.8382446250723001,4.147569444444445,0.39999999999999997,14,2287,11,0,28,0
371,rarity600,rarity,2,1.8393028405791132,4.154513888888889,0.39999999999999997,13,2287,11,0,26,0
372,rarity600,rarity,2,1.8401499530034748,4.147569444444445,0.39999999999999997,13,2287,11,0,26,0
373,rarity600,rarity,2,1.8407255824324704,4.147569444444445,0.39999999999999997,13,2287,11,0,26,0
374,rarity600,rarity,2,1.8486572400255612,4.164930555555555,0.39999999999999997,13,2287,12,0,26,0
375,rarity600,rarity,2,1.8562547975297468,4.175347222222222,0.39999999999999997,12,2287,12,0,24,0
376,rarity600,rarity,2,1.8573824065247664,4.173611111111111,0.39999999999999997,12,2288,12,0,23,0
377,rarity600,rarity,2,1.8584826311469604,4.178819444444445,0.39999999999999997,12,2288,12,0,24,0
378,rarity600,rarity,2,1.8629131450727074,4.178819444444445,0.39999999999999997,12,2288,12,0,24,0
379,rarity600,rarity,2,1.8638242457654368,4.190972222222222,0.39999999999999997,12,2288,12,0,24,0
380,rarity600,rarity,2,1.863434054992794,4.194444444444445,0.39999999999999997,11,2289,12,0,21,0
381,rarity600,rarity,2,1.8641873235331547,4.201388888888889,0.39999999999999997,11,2289,12,0,22,0
382,rarity600,rarity,2,1.8664920678374903,4.204861111111111,0.39999999999999997,11,2289,12,0,22,0
383,rarity600,rarity,2,1.8664920678374903,4.204861111111111,0.39999999999999997,11,2289,12,0,22,0
384,rarity600,rarity,2,1.8679198087322553,4.210069444444445,0.39999999999999997,11,2289,12,0,22,0
385,rarity600,rarity,2,1.8687651290989769,4.208333333333333,0.39999999999999997,11,2289,12,0,22,0
386,rarity600,rarity,2,1.8689565023671748,4.211805555555555,0.39999999999999997,11,2289,12,0,22,0
387,rarity600,rarity,2,1.870372069256326,4.199652777777778,0.39999999999999997,11,2289,12,0,22,0
388,rarity600,rarity,2,1.870220073199074,4.199652777777778,0.39999999999999997,12,2289,12,0,24,0
389,rarity600,rarity,2,1.8709045192208433,4.197916666666667,0.39999999999999997,12,2289,12,0,24,0
390,rarity600,rarity,2,1.8728673408582583,4.203125,0.39999999999999997,12,2289,12,0,24,0
391,rarity600,rarity,2,1.8731303264035708,4.190972222222222,0.39999999999999997,12,2290,12,0,23,0
392,rarity600,rarity,2,1.875254873561522,4.196180555555555,0.39999999999999997,12,2290,12,0,24,0
393,rarity600,rarity,2,1.8750986706344384,4.196180555555555,0.39999999999999997,12,2290,12,0,24,0
394,rarity600,rarity,2,1.876082902167098,4.201388888888889,0.39999999999999997,11,2290,12,0,22,0
395,rarity600,rarity,2,1.876082902167098,4.201388888888889,0.39999999999999997,12,2290,12,0,24,0
396,rarity600,rarity,2,1.8771343502464402,4.184027777777778,0.39999999999999997,12,2290,12,0,24,0
397,rarity600,rarity,2,1.8780024830944455,4.178819444444445,0.39999999999999997,12,2290,12,0,24,0
398,rarity600,rarity,2,1.879207901179542,4.166666666666667,0.39999999999999997,12,2290,12,0,24,0
399,rarity600,rarity,2,1.8787669279145454,4.170138888888889,0.39999999999999997,12,2291,12,0,23,0
400,rarity600,rarity,2,1.882660563568958,4.163194444444445,0.39999999999999997,12,2291,12,0,24,0
401,rarity600,rarity,2,1.8829603089492546,4.159722222222222,0.39999999999999997,12,2291,12,0,24,0
402,rarity600,rarity,2,1.88669931901931,4.154513888888889,0.39999999999999997,12,2291,12,0,24,0
403,rarity600,rarity,2,1.8897787795766938,4.166666666666667,0.39999999999999997,12,2291,12,0,24,0
404,rarity600,rarity,2,1.8893564554541233,4.166666666666667,0.39999999999999997,12,2293,12,0,22,0
405,rarity600,rarity,2,1.8918355687487745,4.170138888888889,0.39999999999999997,12,2293,12,0,24,0
406,rarity600,rarity,2,1.8909622670111528,4.170138888888889,0.39999999999999997,12,2293,12,0,24,0
407,rarity600,rarity,2,1.891730766331944,4.166666666666667,0.39999999999999997,12,2293,12,0,24,0
408,rarity600,rarity,2,1.8944050726212387,4.177083333333333,0.39999999999999997,12,2293,12,0,24,0
409,rarity600,rarity,2,1.8971983227178826,4.1875,0.39999999999999997,12,2293,12,0,24,0
410,rarity600,rarity,2,1.8984154871396102,4.1875,0.39999999999999997,12,2293,12,0,24,0
411,rarity600,rarity,2,1.9005106277245734,4.189236111111111,0.39999999999999997,12,2293,12,0,24,0
412,rarity600,rarity,2,1.9018302965814,4.1875,0.39999999999999997,12,2293,12,0,24,0
413,rarity600,rarity,2,1.904804382600831,4.1875,0.39999999999999997,12,2293,12,0,24,0
414,rarity600,rarity,2,1.9073910716745444,4.185763888888889,0.39999999999999997,13,2294,12,0,25,0
415,rarity600,rarity,2,1.9097089789118016,4.192708333333333,0.39999999999999997,13,2294,12,0,26,0
416,rarity600,rarity,2,1.9110451435202038,4.182291666666667,0.39999999999999997,13,2294,12,0,26,0
417,rarity600,rarity,2,1.9125060125220177,4.184027777777778,0.39999999999999997,13,2294,12,0,26,0
418,rarity600,rarity,2,1.913990800734989,4.178819444444445,0.39999999999999997,13,2294,12,0,26,0
419,rarity600,rarity,2,1.915090301004036,4.164930555555555,0.39999999999999997,13,2294,12,0,26,0
420,rarity600,rarity,2,1.9181294926554504,4.161458333333333,0.39999999999999997,14,2295,12,0,27,0
421,rarity600,rarity,2,1.9197547404045707,4.170138888888889,0.39999999999999997,15,2295,12,0,30,0
422,rarity600,rarity,2,1.920990306316339,4.170138888888889,0.39999999999999997,15,2295,12,0,30,0
423,rarity600,rarity,2,1.9229252901054141,4.170138888888889,0.39999999999999997,15,2295,12,0,30,0
424,rarity600,rarity,2,1.9246039894479248,4.166666666666667,0.39999999999999997,15,2295,12,0,30,0
425,rarity600,rarity,2,1.927591356299278,4.171875,0.39999999999999997,15,2295,12,0,30,0
426,rarity600,rarity,2,1.9275902369564784,4.15625,0.39999999999999997,15,2295,12,0,30,0
427,rarity600,rarity,2,1.9276752530951677,4.15625,0.39999999999999997,15,2295,12,0,30,0
428,rarity600,rarity,2,1.9280366017074078,4.15625,0.39999999999999997,15,2295,12,0,30,0
429,rarity600,rarity,2,1.9312247090478225,4.164930555555555,0.39999999999999997,15,2295,12,0,30,0
430,rarity600,rarity,2,1.9341614980891813,4.166666666666667,0.39999999999999997,16,2295,12,0,32,0
431,rarity600,rarity,2,1.9371062347666492,4.171875,0.39999999999999997,16,2295,12,0,32,0
432,rarity600,rarity,2,1.9402188795629782,4.184027777777778,0.39999999999999997,16,2295,12,0,32,0
433,rarity600,rarity,2,1.9438498070862162,4.171875,0.39999999999999997,16,2295,12,0,32,0
434,rarity600,rarity,2,1.9459388295715785,4.173611111111111,0.39999999999999997,17,2296,12,0,33,0
435,rarity600,rarity,2,1.9502869100177451,4.168402777777778,0.39999999999999997,17,2296,12,0,34,0
436,rarity600,rarity,2,1.9514029181791233,4.182291666666667,0.39999999999999997,17,2296,12,0,34,0
437,rarity600,rarity,2,1.9505995569129404,4.189236111111111,0.39999999999999997,17,2296,12,0,34,0
438,rarity600,rarity,2,1.9513801032512863,4.1875,0.39999999999999997,17,2296,12,0,34,0
439,rarity600,rarity,2,1.951967622642867,4.182291666666667,0.39999999999999997,17,2296,12,0,34,0
440,rarity600,rarity,2,1.9526606183907096,4.175347222222222,0.39999999999999997,17,2296,12,0,34,0
441,rarity600,rarity,2,1.9565550136259258,4.15625,0.39999999999999997,16,2296,12,0,32,0
442,rarity600,rarity,2,1.9568346145837894,4.15625,0.39999999999999997,16,2296,12,0,32,0
443,rarity600,rarity,2,1.958470485903889,4.15625,0.39999999999999997,16,2296,12,0,32,0
444,rarity600,rarity,2,1.9606911966382607,4.15625,0.39999999999999997,16,2296,12,0,32,0
445,rarity600,rarity,2,1.9622114596841658,4.154513888888889,0.39999999999999997,16,2296,12,0,32,0
446,rarity600,rarity,2,1.962688395551772,4.152777777777778,0.39999999999999997,16,2296,12,0,32,0
447,rarity600,rarity,2,1.9636943503403597,4.161458333333333,0.39999999999999997,16,2296,12,0,32,0
448,rarity600,rarity,2,1.9655524545891954,4.166666666666667,0.39999999999999997,16,2296,12,0,32,0
449,rarity600,rarity,2,1.965284464084652,4.164930555555555,0.39999999999999997,16,2296,12,0,32,0
450,rarity600,rarity,2,1.9677757230186028,4.154513888888889,0.39999999999999997,17,2296,12,0,34,0
451,rarity600,rarity,2,1.9696729279361593,4.142361111111111,0.39999999999999997,15,2296,12,0,30,0
452,rarity600,rarity,2,1.9713764055889655,4.130208333333333,0.39999999999999997,15,2296,12,0,30,0
453,rarity600,rarity,2,1.9731319732377268,4.142361111111111,0.39999999999999997,15,2296,12,0,30,0
454,rarity600,rarity,2,1.9737915231918082,4.151041666666667,0.39999999999999997,14,2296,12,0,28,0
455,rarity600,rarity,2,1.973035731582974,4.151041666666667,0.39999999999999997,14,2296,12,0,28,0
456,rarity600,rarity,2,1.9732216160924578,4.164930555555555,0.39999999999999997,14,2297,12,0,27,0
457,rarity600,rarity,2,1.97279541764038,4.164930555555555,0.39999999999999997,13,2297,12,0,26,0
458,rarity600,rarity,2,1.9734593512272494,4.15625,0.39999999999999997,13,2300,12,0,23,0
459,rarity600,rarity,2,1.9751203773111417,4.152777777777778,0.39999999999999997,13,2300,12,0,26,0
460,rarity600,rarity,2,1.9771115190596313,4.164930555555555,0.39999999999999997,13,2301,12,0,25,0
461,rarity600,rarity,2,1.9774334855149855,4.166666666666667,0.39999999999999997,13,2301,12,0,26,0
462,rarity600,rarity,2,1.9786142476136168,4.157986111111111,0.39999999999999997,13,2301,12,0,26,0
463,rarity600,rarity,2,1.9806021807318006,4.15625,0.39999999999999997,13,2301,12,0,26,0
464,rarity600,rarity,2,1.9817796321690249,4.168402777777778,0.39999999999999997,13,2301,12,0,26,0
465,rarity600,rarity,2,1.9824153407516103,4.168402777777778,0.39999999999999997,13,2301,12,0,26,0
466,rarity600,rarity,2,1.981969083906169,4.171875,0.39999999999999997,13,2301,12,0,26,0
467,rarity600,rarity,2,1.981969083906169,4.171875,0.39999999999999997,13,2301,12,0,26,0
468,rarity600,rarity,2,1.9836845531957064,4.170138888888889,0.39999999999999997,13,2301,12,0,26,0
469,rarity600,rarity,2,1.9845046847413597,4.166666666666667,0.39999999999999997,13,2301,12,0,26,0
470,rarity600,rarity,2,1.9857710494850362,4.164930555555555,0.39999999999999997,13,2301,12,0,26,0
471,rarity600,rarity,2,1.9862406975764528,4.159722222222222,0.39999999999999997,13,2301,12,0,26,0
472,rarity600,rarity,2,1.9870641930948534,4.159722222222222,0.39999999999999997,13,2301,12,0,26,0
473,rarity600,rarity,2,1.9870641930948534,4.159722222222222,0.39999999999999997,13,2301,12,0,26,0
474,rarity600,rarity,2,1.9881689756285592,4.157986111111111,0.39999999999999997,13,2302,12,0,25,0
475,rarity600,rarity,2,1.9911519154345407,4.151041666666667,0.39999999999999997,13,2302,12,0,26,0
476,rarity600,rarity,2,1.9911519154345407,4.151041666666667,0.39999999999999997,12,2302,12,0,24,0
477,rarity600,rarity,2,1.9914706269499876,4.151041666666667,0.39999999999999997,12,2302,12,0,24,0
478,rarity600,rarity,2,1.991786971812015,4.151041666666667,0.39999999999999997,12,2303,12,0,23,0
479,rarity600,rarity,2,1.9923620224899783,4.152777777777778,0.39999999999999997,12,2304,12,0,23,0
480,rarity600,rarity,2,1.994306012729371,4.15625,0.39999999999999997,12,2304,12,0,24,0
481,rarity600,rarity,2,1.9991114198945426,4.149305555555555,0.39999999999999997,12,2304,12,0,24,0
482,rarity600,rarity,2,2.0058334169906886,4.164930555555555,0.39999999999999997,12,2304,12,0,24,0
483,rarity600,rarity,2,2.005648931295093,4.164930555555555,0.39999999999999997,12,2304,12,0,24,0
484,rarity600,rarity,2,2.005461201255184,4.170138888888889,0.39999999999999997,12,2304,12,0,24,0
485,rarity600,rarity,2,2.0091100585705415,4.166666666666667,0.39999999999999997,12,2304,12,0,24,0
486,rarity600,rarity,2,2.01124490230811,4.170138888888889,0.39999999999999997,12,2304,12,0,24,0
487,rarity600,rarity,2,2.0149762404794798,4.178819444444445,0.39999999999999997,12,2304,12,0,24,0
488,rarity600,rarity,2,2.015081863574817,4.175347222222222,0.39999999999999997,12,2304,12,0,24,0
489,rarity600,rarity,2,2.015471985477683,4.175347222222222,0.39999999999999997,12,2304,12,0,24,0
490,rarity600,rarity,2,2.0160998450654515,4.166666666666667,0.39999999999999997,12,2304,12,0,24,0
491,rarity600,rarity,2,2.016480286033112,4.171875,0.39999999999999997,12,2304,12,0,24,0
492,rarity600,rarity,2,2.0185436848574585,4.159722222222222,0.39999999999999997,11,2304,12,0,22,0
493,rarity600,rarity,2,2.0184286332559185,4.159722222222222,0.39999999999999997,11,2304,12,0,22,0
494,rarity600,rarity,2,2.0179816472830603,4.163194444444445,0.39999999999999997,11,2304,12,0,22,0
495,rarity600,rarity,2,2.017985342294833,4.166666666666667,0.39999999999999997,11,2304,12,0,22,0
496,rarity600,rarity,2,2.020230282884849,4.171875,0.39999999999999997,11,2304,12,0,22,0
497,rarity600,rarity,2,2.0205410895205493,4.170138888888889,0.39999999999999997,12,2304,12,0,24,0
498,rarity600,rarity,2,2.022281545424449,4.170138888888889,0.39999999999999997,12,2304,12,0,24,0
499,rarity600,rarity,2,2.021663711865733,4.177083333333333,0.39999999999999997,12,2304,12,0,24,0
500,rarity600,rarity,2,2.023471343490993,4.182291666666667,0.39999999999999997,12,2304,12,0,24,0
501,rarity600,rarity,2,2.030356984733801,4.208333333333333,0.39999999999999997,12,2304,12,0,24,0
502,rarity600,rarity,2,2.0324278102213067,4.201388888888889,0.39999999999999997,12,2304,12,0,24,0
503,rarity600,rarity,2,2.035938532919546,4.204861111111111,0.39999999999999997,12,2304,12,0,24,0
504,rarity600,rarity,2,2.036857198843794,4.204861111111111,0.39999999999999997,12,2304,12,0,24,0
505,rarity600,rarity,2,2.038082463234087,4.208333333333333,0.39999999999999997,12,2304,12,0,24,0
506,rarity600,rarity,2,2.0394194449711436,4.211805555555555,0.39999999999999997,12,2304,12,0,24,0
507,rarity600,rarity,2,2.039108537618335,4.210069444444445,0.39999999999999997,12,2304,12,0,24,0
508,rarity600,rarity,2,2.042160066786122,4.211805555555555,0.39999999999999997,12,2304,12,0,24,0
509,rarity600,rarity,2,2.04421481324104,4.215277777777778,0.39999999999999997,12,2304,12,0,24,0
510,rarity600,rarity,2,2.044523379705149,4.213541666666667,0.39999999999999997,12,2304,12,0,24,0
511,rarity600,rarity,2,2.048811428873463,4.232638888888889,0.39999999999999997,13,2304,12,0,26,0
512,rarity600,rarity,2,2.052315390449297,4.243055555555555,0.39999999999999997,13,2304,12,0,26,0
513,rarity600,rarity,2,2.0546558853370374,4.239583333333333,0.39999999999999997,13,2304,12,0,26,0
514,rarity600,rarity,2,2.0562546689758476,4.251736111111111,0.39999999999999997,14,2304,12,0,28,0
515,rarity600,rarity,2,2.0579522976451465,4.244791666666667,0.39999999999999997,14,2304,12,0,28,0
516,rarity600,rarity,2,2.060987283714082,4.241319444444445,0.39999999999999997,14,2304,12,0,28,0
517,rarity600,rarity,2,2.0607388350335585,4.256944444444445,0.39999999999999997,14,2304,12,0,28,0
518,rarity600,rarity,2,2.064868585978466,4.262152777777778,0.39999999999999997,14,2304,12,0,28,0
519,rarity600,rarity,2,2.06714310950235,4.263888888888889,0.39999999999999997,14,2304,12,0,28,0
520,rarity600,rarity,2,2.0669109537708494,4.255208333333333,0.39999999999999997,14,2304,12,0,28,0
521,rarity600,rarity,2,2.0704656781055495,4.255208333333333,0.39999999999999997,14,2304,12,0,28,0
522,rarity600,rarity,2,2.073605083369936,4.246527777777778,0.39999999999999997,14,2304,12,0,28,0
523,rarity600,rarity,2,2.0746616609441357,4.253472222222222,0.39999999999999997,14,2304,12,0,28,0
524,rarity600,rarity,2,2.0765127915055897,4.262152777777778,0.39999999999999997,14,2304,12,0,28,0
525,rarity600,rarity,2,2.07949793146542,4.267361111111111,0.39999999999999997,14,2304,12,0,28,0
526,rarity600,rarity,2,2.080101346302544,4.262152777777778,0.39999999999999997,14,2304,12,0,28,0
527,rarity600,rarity,2,2.0840051176258285,4.274305555555555,0.39999999999999997,14,2304,12,0,28,0
528,rarity600,rarity,2,2.084606009248295,4.279513888888889,0.39999999999999997,14,2304,12,0,28,0
529,rarity600,rarity,2,2.087801759693314,4.28125,0.39999999999999997,14,2304,12,0,28,0
530,rarity600,rarity,2,2.090633306134079,4.289930555555555,0.39999999999999997,14,2304,12,0,28,0
531,rarity600,rarity,2,2.0903303173243417,4.279513888888889,0.39999999999999997,14,2304,12,0,28,0
532,rarity600,rarity,2,2.0909375360354274,4.28125,0.39999999999999997,13,2304,12,0,26,0
533,rarity600,rarity,2,2.092720434905679,4.28125,0.39999999999999997,13,2304,12,0,26,0
534,rarity600,rarity,2,2.0943380019917313,4.276041666666667,0.39999999999999997,12,2304,12,0,24,0
535,rarity600,rarity,2,2.095628622500642,4.277777777777778,0.39999999999999997,12,2304,12,0,24,0
536,rarity600,rarity,2,2.0953225401581306,4.277777777777778,0.39999999999999997,12,2304,12,0,24,0
537,rarity600,rarity,2,2.0963061272501595,4.298611111111111,0.39999999999999997,12,2304,12,0,24,0
538,rarity600,rarity,2,2.097529073861239,4.286458333333333,0.39999999999999997,12,2304,12,0,24,0
539,rarity600,rarity,2,2.097529073861239,4.286458333333333,0.39999999999999997,11,2304,12,0,22,0
540,rarity600,rarity,2,2.0991070503975835,4.289930555555555,0.39999999999999997,11,2304,12,0,22,0
541,rarity600,rarity,2,2.0987991695923554,4.288194444444445,0.39999999999999997,11,2304,12,0,22,0
542,rarity600,rarity,2,2.099070052454088,4.293402777777778,0.39999999999999997,11,2304,12,0,22,0
543,rarity600,rarity,2,2.099070052454088,4.298611111111111,0.39999999999999997,11,2304,12,0,22,0
544,rarity600,rarity,2,2.1017470601468284,4.291666666666667,0.39999999999999997,11,2304,12,0,22,0
545,rarity600,rarity,2,2.1020520764401764,4.293402777777778,0.39999999999999997,11,2304,12,0,22,0
546,rarity600,rarity,2,2.10266589230268,4.289930555555555,0.39999999999999997,11,2304,12,0,22,0
547,rarity600,rarity,2,2.1055226578279362,4.302083333333333,0.39999999999999997,11,2304,12,0,22,0
548,rarity600,rarity,2,2.108272041600006,4.315972222222222,0.39999999999999997,11,2304,12,0,22,0
549,rarity600,rarity,2,2.1088832821177683,4.315972222222222,0.39999999999999997,11,2304,12,0,22,0
550,rarity600,rarity,2,2.1109012203409225,4.326388888888889,0.39999999999999997,11,2304,12,0,22,0
551,rarity600,rarity,2,2.11241401757874,4.322916666666667,0.39999999999999997,11,2304,12,0,22,0
552,rarity600,rarity,2,2.1130289165847014,4.322916666666667,0.39999999999999997,11,2304,12,0,22,0
553,rarity600,rarity,2,2.1154518614828,4.317708333333333,0.39999999999999997,11,2304,12,0,22,0
554,rarity600,rarity,2,2.1157644066552543,4.317708333333333,0.39999999999999997,11,2304,12,0,22,0
555,rarity600,rarity,2,2.116333849167071,4.326388888888889,0.39999999999999997,11,2304,12,0,22,0
556,rarity600,rarity,2,2.1160270518352715,4.329861111111111,0.39999999999999997,11,2304,12,0,22,0
557,rarity600,rarity,2,2.1166419059325907,4.329861111111111,0.39999999999999997,11,2304,12,0,22,0
558,rarity600,rarity,2,2.1176663040885155,4.329861111111111,0.39999999999999997,10,2304,12,0,20,0
559,rarity600,rarity,2,2.1176663040885155,4.329861111111111,0.39999999999999997,10,2304,12,0,20,0
560,rarity600,rarity,2,2.119760164602015,4.333333333333333,0.39999999999999997,10,2304,12,0,20,0
561,rarity600,rarity,2,2.119144501996107,4.333333333333333,0.39999999999999997,10,2304,12,0,20,0
562,rarity600,rarity,2,2.119144501996107,4.333333333333333,0.39999999999999997,10,2304,12,0,20,0
563,rarity600,rarity,2,2.120292758344212,4.333333333333333,0.39999999999999997,9,2304,12,0,18,0
564,rarity600,rarity,2,2.121602162193986,4.331597222222222,0.39999999999999997,8,2304,12,0,16,0
565,rarity600,rarity,2,2.121911469493832,4.329861111111111,0.39999999999999997,7,2304,12,0,14,0
566,rarity600,rarity,2,2.122217752095656,4.329861111111111,0.39999999999999997,7,2304,12,0,14,0
567,rarity600,rarity,2,2.121911469493832,4.329861111111111,0.39999999999999997,7,2304,12,0,14,0
568,rarity600,rarity,2,2.121536611585298,4.331597222222222,0.39999999999999997,7,2304,12,0,14,0
569,rarity600,rarity,2,2.121536611585298,4.331597222222222,0.39999999999999997,7,2304,12,0,14,0
570,rarity600,rarity,2,2.121226360806499,4.331597222222222,0.39999999999999997,7,2304,12,0,14,0
571,rarity600,rarity,2,2.1206096347417853,4.329861111111111,0.39999999999999997,7,2304,12,0,14,0
572,rarity600,rarity,2,2.12251723277907,4.315972222222222,0.39999999999999997,7,2304,12,0,14,0
573,rarity600,rarity,2,2.123748906065959,4.293402777777778,0.39999999999999997,7,2304,12,0,14,0
574,rarity600,rarity,2,2.123748906065959,4.293402777777778,0.39999999999999997,6,2304,12,0,12,0
575,rarity600,rarity,2,2.124365892066473,4.293402777777778,0.39999999999999997,6,2304,12,0,12,0
576,rarity600,rarity,2,2.124365892066473,4.298611111111111,0.39999999999999997,6,2304,12,0,12,0
577,rarity600,rarity,2,2.123748906065959,4.298611111111111,0.39999999999999997,6,2304,12,0,12,0
578,rarity600,rarity,2,2.123748906065959,4.298611111111111,0.39999999999999997,5,2304,12,0,10,0
579,rarity600,rarity,2,2.1240567658665577,4.296875,0.39999999999999997,6,2304,12,0,12,0
580,rarity600,rarity,2,2.1248776763002857,4.300347222222222,0.39999999999999997,6,2304,12,0,12,0
581,rarity600,rarity,2,2.1275049866314952,4.310763888888889,0.39999999999999997,6,2304,12,0,12,0
582,rarity600,rarity,2,2.1275049866314952,4.307291666666667,0.39999999999999997,6,2304,12,0,12,0
583,rarity600,rarity,2,2.127815068205444,4.310763888888889,0.39999999999999997,6,2304,12,0,12,0
584,rarity600,rarity,2,2.127815068205444,4.310763888888889,0.39999999999999997,6,2304,12,0,12,0
585,rarity600,rarity,2,2.1275049866314952,4.310763888888889,0.39999999999999997,6,2304,12,0,12,0
586,rarity600,rarity,2,2.1275049866314952,4.310763888888889,0.39999999999999997,6,2304,12,0,12,0
587,rarity600,rarity,2,2.1275049866314952,4.310763888888889,0.39999999999999997,6,2304,12,0,12,0
588,rarity600,rarity,2,2.129074133983355,4.310763888888889,0.39999999999999997,6,2304,12,0,12,0
589,rarity600,rarity,2,2.1306366765096847,4.305555555555555,0.39999999999999997,6,2304,12,0,12,0
590,rarity600,rarity,2,2.1314360607961147,4.314236111111111,0.39999999999999997,6,2304,12,0,12,0
591,rarity600,rarity,2,2.1334446591732457,4.314236111111111,0.39999999999999997,7,2304,12,0,14,0
592,rarity600,rarity,2,2.1337601160393067,4.324652777777778,0.39999999999999997,7,2304,12,0,14,0
593,rarity600,rarity,2,2.135747541619604,4.329861111111111,0.39999999999999997,7,2304,12,0,14,0
594,rarity600,rarity,2,2.135747541619604,4.329861111111111,0.39999999999999997,6,2304,12,0,12,0
595,rarity600,rarity,2,2.1360563871988836,4.324652777777778,0.39999999999999997,6,2304,12,0,12,0
596,rarity600,rarity,2,2.1360563871988836,4.322916666666667,0.39999999999999997,6,2304,12,0,12,0
597,rarity600,rarity,2,2.1366735367315592,4.319444444444445,0.39999999999999997,6,2304,12,0,12,0
598,rarity600,rarity,2,2.1372023006053515,4.331597222222222,0.39999999999999997,7,2304,12,0,14,0
599,rarity600,rarity,2,2.138495689834654,4.328125,0.39999999999999997,7,2304,12,0,14,0
600,rarity600,rarity,2,2.1396781132379266,4.319444444444445,0.39999999999999997,7,2304,12,0,14,0
1,p0.030419_t1.0,verification,0,-0.0,1.0,0.7524244337085488,0,576,1,,,
2,p0.030419_t1.0,verification,0,0.16446802777282318,1.1788194444444444,0.7438373398558661,15,606,7,,,
3,p0.030419_t1.0,verification,0,0.24982823509874574,1.3107638888888888,0.7352323417119069,15,635,7,,,
4,p0.030419_t1.0,verification,0,0.33764804395004544,1.4461805555555556,0.7266052274172656,15,664,8,,,
5,p0.030419_t1.0,verification,0,0.400194103676992,1.5659722222222223,0.7179547336953249,15,693,8,,,
6,p0.030419_t1.0,verification,0,0.48257475343063116,1.7048611111111112,0.7092955884948798,14,719,9,,,
7,p0.030419_t1.0,verification,0,0.5301542021447037,1.7916666666666667,0.7006279752396694,13,744,9,,,
8,p0.030419_t1.0,verification,0,0.5761453144587371,1.8732638888888888,0.691927120382382,13,768,9,,,
9,p0.030419_t1.0,verification,0,0.6282358487609425,1.9635416666666667,0.683235057650579,14,794,9,,,
10,p0.030419_t1.0,verification,0,0.6663383352441229,2.0225694444444446,0.6745261949929635,14,817,9,,,
11,p0.030419_t1.0,verification,0,0.7108681777825383,2.1024305555555554,0.665811766741518,14,845,9,,,
12,p0.030419_t1.0,verification,0,0.7605214550558814,2.1875,0.6570919405054734,14,870,9,,,
13,p0.030419_t1.0,verification,0,0.799447793863584,2.251736111111111,0.6483616250568103,14,893,9,,,
14,p0.030419_t1.0,verification,0,0.8360859244065574,2.298611111111111,0.6396180571404011,14,919,9,,,
15,p0.030419_t1.0,verification,0,0.8656411192188188,2.3402777777777777,0.6308666488439664,14,943,9,,,
16,p0.030419_t1.0,verification,0,0.8978651395642684,2.3784722222222223,0.6221041786060899,14,965,9,,,
17,p0.030419_t1.0,verification,0,0.9224679465185284,2.4340277777777777,0.6133400340921594,15,988,9,,,
18,p0.030419_t1.0,verification,0,0.9540765952943968,2.4913194444444446,0.6045755320660212,15,1010,9,,,
19,p0.030419_t1.0,verification,0,0.987949476008204,2.5538194444444446,0.5958002424493329,16,1035,9,,,
20,p0.030419_t1.0,verification,0,1.0116621371955568,2.6041666666666665,0.587029717179123,16,1061,9,,,
21,p0.030419_t1.0,verification,0,1.0361681286499695,2.6336805555555554,0.5782853129597103,16,1092,9,,,
22,p0.030419_t1.0,verification,0,1.0603295442347707,2.6909722222222223,0.569596493310303,16,1114,9,,,
23,p0.030419_t1.0,verification,0,1.0800342157700522,2.720486111111111,0.5609980709964989,16,1133,9,,,
24,p0.030419_t1.0,verification,0,1.1042624684749265,2.7586805555555554,0.5525263317594347,16,1157,9,,,
25,p0.030419_t1.0,verification,0,1.1238207065091024,2.8055555555555554,0.5442298197750133,16,1178,9,,,
26,p0.030419_t1.0,verification,0,1.1395737356700566,2.84375,0.5361135992657973,16,1202,9,,,
27,p0.030419_t1.0,verification,0,1.1552937776893817,2.888888888888889,0.5282344844827989,16,1222,9,,,
28,p0.030419_t1.0,verification,0,1.163864981765674,2.9288194444444446,0.5206179476654301,16,1242,9,,,
29,p0.030419_t1.0,verification,0,1.1808296500204,2.9739583333333335,0.5132967385777486,15,1257,10,,,
30,p0.030419_t1.0,verification,0,1.1938252440833286,3.017361111111111,0.5062109144766711,15,1275,10,,,
31,p0.030419_t1.0,verification,0,1.1999100724461291,3.060763888888889,0.4993826571082076,17,1295,10,,,
32,p0.030419_t1.0,verification,0,1.2152635049003429,3.1145833333333335,0.4927991098725554,16,1315,10,,,
33,p0.030419_t1.0,verification,0,1.2254709624248814,3.1354166666666665,0.4864737697727397,16,1334,10,,,
34,p0.030419_t1.0,verification,0,1.2320312690362993,3.1614583333333335,0.4803875562501326,16,1352,10,,,
35,p0.030419_t1.0,verification,0,1.2374016230549123,3.1684027777777777,0.4745203366285363,16,1376,10,,,
36,p0.030419_t1.0,verification,0,1.2430921133631094,3.1753472222222223,0.4688452490983017,16,1396,10,,,
37,p0.030419_t1.0,verification,0,1.2438513994299598,3.1840277777777777,0.46336790483407697,16,1408,10,,,
38,p0.030419_t1.0,verification,0,1.2503736611642564,3.1944444444444446,0.4580617250203328,16,1424,10,,,
39,p0.030419_t1.0,verification,0,1.266061203260139,3.2447916666666665,0.45295252212555054,16,1439,10,,,
40,p0.030419_t1.0,verification,0,1.2734039065490879,3.2569444444444446,0.44802236633480413,16,1457,10,,,
41,p0.030419_t1.0,verification,0,1.27964404908686,3.2708333333333335,0.4432640401267415,16,1476,10,,,
42,p0.030419_t1.0,verification,0,1.2840864366139313,3.2777777777777777,0.4387046665760557,16,1489,10,,,
43,p0.030419_t1.0,verification,0,1.289960930776053,3.2899305555555554,0.4343201932378673,16,1503,10,,,
44,p0.030419_t1.0,verification,0,1.2975673112419916,3.3125,0.4301535546770787,16,1516,10,,,
45,p0.030419_t1.0,verification,0,1.2994615381495356,3.3229166666666665,0.4261868971386245,16,1533,10,,,
46,p0.030419_t1.0,verification,0,1.302705246124206,3.3350694444444446,0.42248308156086595,16,1546,10,,,
47,p0.030419_t1.0,verification,0,1.3057116163349036,3.3489583333333335,0.41905772400921315,16,1561,10,,,
48,p0.030419_t1.0,verification,0,1.3116055928977421,3.3663194444444446,0.4159587682921883,17,1577,10,,,
49,p0.030419_t1.0,verification,0,1.3144713425813779,3.3854166666666665,0.413144042912937,17,1596,10,,,
50,p0.030419_t1.0,verification,0,1.3137334823790625,3.390625,0.4106024056932596,18,1610,10,,,
51,p0.030419_t1.0,verification,0,1.308053797227239,3.392361111111111,0.40832181844769655,18,1622,10,,,
52,p0.030419_t1.0,verification,0,1.3124353080861573,3.40625,0.406309838729538,18,1637,10,,,
53,p0.030419_t1.0,verification,0,1.3189929348977023,3.4027777777777777,0.40456337681875476,17,1657,10,,,
54,p0.030419_t1.0,verification,0,1.3208204711933256,3.4097222222222223,0.4031093619024149,18,1669,10,,,
55,p0.030419_t1.0,verification,0,1.3251703672405564,3.4253472222222223,0.4019141007574461,19,1687,10,,,
56,p0.030419_t1.0,verification,0,1.328755472538599,3.439236111111111,0.401054227806877,19,1705,10,,,
57,p0.030419_t1.0,verification,0,1.3303125125603952,3.4461805555555554,0.4004748238249054,19,1718,10,,,
58,p0.030419_t1.0,verification,0,1.3287432419973224,3.4461805555555554,0.40014781854777803,19,1735,10,,,
59,p0.030419_t1.0,verification,0,1.330675190401033,3.470486111111111,0.40000998791515247,19,1744,10,,,
60,p0.030419_t1.0,verification,0,1.3343861423909487,3.4913194444444446,0.39999999999999997,19,1757,10,,,
61,p0.030419_t1.0,verification,0,1.3404888466717302,3.5225694444444446,0.39999999999999997,19,1773,10,,,
62,p0.030419_t1.0,verification,0,1.3392384365874195,3.5225694444444446,0.39999999999999997,19,1783,10,,,
63,p0.030419_t1.0,verification,0,1.338427866295049,3.5277777777777777,0.39999999999999997,19,1795,10,,,
64,p0.030419_t1.0,verification,0,1.3422429219982386,3.5590277777777777,0.39999999999999997,19,1811,10,,,
65,p0.030419_t1.0,verification,0,1.3502324560728982,3.595486111111111,0.39999999999999997,19,1827,10,,,
66,p0.030419_t1.0,verification,0,1.3481039499359653,3.5989583333333335,0.39999999999999997,19,1838,10,,,
67,p0.030419_t1.0,verification,0,1.3461380010321966,3.5989583333333335,0.39999999999999997,19,1855,10,,,
68,p0.030419_t1.0,verification,0,1.3496889087446102,3.6215277777777777,0.39999999999999997,18,1864,10,,,
69,p0.030419_t1.0,verification,0,1.3534399596611213,3.6510416666666665,0.39999999999999997,18,1881,10,,,
70,p0.030419_t1.0,verification,0,1.359101715366866,3.6684027777777777,0.39999999999999997,18,1892,10,,,
71,p0.030419_t1.0,verification,0,1.359702226815769,3.6649305555555554,0.39999999999999997,18,1904,10,,,
72,p0.030419_t1.0,verification,0,1.3625201800538864,3.670138888888889,0.39999999999999997,18,1913,10,,,
73,p0.030419_t1.0,verification,0,1.3689686822760128,3.6822916666666665,0.39999999999999997,18,1921,11,,,
74,p0.030419_t1.0,verification,0,1.3725091836361811,3.6909722222222223,0.39999999999999997,18,1929,11,,,
75,p0.030419_t1.0,verification,0,1.3695479996390514,3.6927083333333335,0.39999999999999997,18,1938,11,,,
76,p0.030419_t1.0,verification,0,1.3698106602484514,3.703125,0.39999999999999997,18,1944,11,,,
77,p0.030419_t1.0,verification,0,1.362481235389052,3.6805555555555554,0.39999999999999997,18,1953,11,,,
78,p0.030419_t1.0,verification,0,1.3658695002615606,3.6979166666666665,0.39999999999999997,18,1963,11,,,
79,p0.030419_t1.0,verification,0,1.3592155626894717,3.689236111111111,0.39999999999999997,18,1972,11,,,
80,p0.030419_t1.0,verification,0,1.353048038500783,3.689236111111111,0.39999999999999997,19,1982,11,,,
81,p0.030419_t1.0,verification,0,1.3547511309964413,3.701388888888889,0.39999999999999997,19,1989,11,,,
82,p0.030419_t1.0,verification,0,1.3540714592173073,3.701388888888889,0.39999999999999997,18,1994,11,,,
83,p0.030419_t1.0,verification,0,1.3575379613614487,3.701388888888889,0.39999999999999997,18,2000,11,,,
84,p0.030419_t1.0,verification,0,1.3537041851819764,3.6875,0.39999999999999997,18,2002,11,,,
85,p0.030419_t1.0,verification,0,1.3553808169930377,3.6927083333333335,0.39999999999999997,18,2012,11,,,
86,p0.030419_t1.0,verification,0,1.3567286652107664,3.6996527777777777,0.39999999999999997,18,2019,11,,,
87,p0.030419_t1.0,verification,0,1.3528307149194203,3.6788194444444446,0.39999999999999997,18,2024,11,,,
88,p0.030419_t1.0,verification,0,1.3453534681699693,3.65625,0.39999999999999997,18,2028,10,,,
89,p0.030419_t1.0,verification,0,1.3402469733340643,3.638888888888889,0.39999999999999997,18,2036,10,,,
90,p0.030419_t1.0,verification,0,1.3389279595203618,3.6284722222222223,0.39999999999999997,19,2037,10,,,
91,p0.030419_t1.0,verification,0,1.3363032379745174,3.625,0.39999999999999997,20,2049,10,,,
92,p0.030419_t1.0,verification,0,1.3336104535044313,3.6059027777777777,0.39999999999999997,21,2053,10,,,
93,p0.030419_t1.0,verification,0,1.3309149296391856,3.609375,0.39999999999999997,21,2061,10,,,
94,p0.030419_t1.0,verification,0,1.3332770278390937,3.6163194444444446,0.39999999999999997,21,2069,10,,,
95,p0.030419_t1.0,verification,0,1.3267046567152398,3.5972222222222223,0.39999999999999997,21,2072,10,,,
96,p0.030419_t1.0,verification,0,1.3121352053821889,3.5503472222222223,0.39999999999999997,21,2079,10,,,
97,p0.030419_t1.0,verification,0,1.3075218756682403,3.5347222222222223,0.39999999999999997,21,2082,10,,,
98,p0.030419_t1.0,verification,0,1.3088564158586413,3.5381944444444446,0.39999999999999997,21,2089,10,,,
99,p0.030419_t1.0,verification,0,1.3000732129093584,3.529513888888889,0.39999999999999997,22,2100,10,,,
100,p0.030419_t1.0,verification,0,1.295459728696143,3.5260416666666665,0.39999999999999997,23,2107,9,,,
101,p0.030419_t1.0,verification,0,1.2903695950335248,3.5069444444444446,0.39999999999999997,22,2110,9,,,
102,p0.030419_t1.0,verification,0,1.286096265555716,3.482638888888889,0.39999999999999997,22,2114,9,,,
103,p0.030419_t1.0,verification,0,1.2848633718713938,3.4756944444444446,0.39999999999999997,21,2121,9,,,
104,p0.030419_t1.0,verification,0,1.2763907780180908,3.4635416666666665,0.39999999999999997,21,2127,9,,,
105,p0.030419_t1.0,verification,0,1.2659808906982968,3.453125,0.39999999999999997,21,2134,9,,,
106,p0.030419_t1.0,verification,0,1.25957757017386,3.451388888888889,0.39999999999999997,23,2138,9,,,
107,p0.030419_t1.0,verification,0,1.2575263009271234,3.4635416666666665,0.39999999999999997,23,2143,9,,,
108,p0.030419_t1.0,verification,0,1.2594362245484585,3.4739583333333335,0.39999999999999997,23,2151,9,,,
109,p0.030419_t1.0,verification,0,1.2561863248776415,3.4739583333333335,0.39999999999999997,23,2153,9,,,
110,p0.030419_t1.0,verification,0,1.252287151692361,3.46875,0.39999999999999997,23,2156,9,,,
111,p0.030419_t1.0,verification,0,1.250733581700878,3.4583333333333335,0.39999999999999997,23,2161,9,,,
112,p0.030419_t1.0,verification,0,1.2508072883500472,3.4600694444444446,0.39999999999999997,23,2163,9,,,
113,p0.030419_t1.0,verification,0,1.2491345338360176,3.453125,0.39999999999999997,22,2165,9,,,
114,p0.030419_t1.0,verification,0,1.240211718047205,3.4288194444444446,0.39999999999999997,22,2166,9,,,
115,p0.030419_t1.0,verification,0,1.2379240932811768,3.4131944444444446,0.39999999999999997,22,2168,9,,,
116,p0.030419_t1.0,verification,0,1.2309925722019712,3.4010416666666665,0.39999999999999997,22,2170,9,,,
117,p0.030419_t1.0,verification,0,1.229165445441256,3.3940972222222223,0.39999999999999997,21,2175,9,,,
118,p0.030419_t1.0,verification,0,1.2323372744366217,3.3993055555555554,0.39999999999999997,21,2181,9,,,
119,p0.030419_t1.0,verification,0,1.225787385872961,3.3836805555555554,0.39999999999999997,21,2182,9,,,
120,p0.030419_t1.0,verification,0,1.21315014907154,3.3645833333333335,0.39999999999999997,21,2184,9,,,
121,p0.030419_t1.0,verification,0,1.2185632860193079,3.375,0.39999999999999997,21,2188,10,,,
122,p0.030419_t1.0,verification,0,1.2148058687628653,3.3541666666666665,0.39999999999999997,21,2191,10,,,
123,p0.030419_t1.0,verification,0,1.2133886164311019,3.3489583333333335,0.39999999999999997,22,2195,10,,,
124,p0.030419_t1.0,verification,0,1.2054422070201645,3.3368055555555554,0.39999999999999997,22,2200,9,,,
125,p0.030419_t1.0,verification,0,1.2001871319732118,3.3072916666666665,0.39999999999999997,23,2204,9,,,
126,p0.030419_t1.0,verification,0,1.1870253721702735,3.279513888888889,0.39999999999999997,23,2206,9,,,
127,p0.030419_t1.0,verification,0,1.1824488419942787,3.2690972222222223,0.39999999999999997,22,2208,9,,,
128,p0.030419_t1.0,verification,0,1.1790393003750341,3.2552083333333335,0.39999999999999997,22,2211,9,,,
129,p0.030419_t1.0,verification,0,1.1669791946610195,3.236111111111111,0.39999999999999997,23,2211,9,,,
130,p0.030419_t1.0,verification,0,1.1630782441134213,3.2256944444444446,0.39999999999999997,23,2216,9,,,
131,p0.030419_t1.0,verification,0,1.1579941406014906,3.1961805555555554,0.39999999999999997,23,2219,9,,,
132,p0.030419_t1.0,verification,0,1.1599951895810414,3.189236111111111,0.39999999999999997,24,2223,9,,,
133,p0.030419_t1.0,verification,0,1.1562982406895603,3.1875,0.39999999999999997,24,2224,9,,,
134,p0.030419_t1.0,verification,0,1.15445453151415,3.1805555555555554,0.39999999999999997,24,2226,9,,,
135,p0.030419_t1.0,verification,0,1.1527132248621128,3.185763888888889,0.39999999999999997,24,2228,9,,,
136,p0.030419_t1.0,verification,0,1.1446837704234638,3.1597222222222223,0.39999999999999997,23,2229,9,,,
137,p0.030419_t1.0,verification,0,1.1406533588693952,3.1319444444444446,0.39999999999999997,23,2233,9,,,
138,p0.030419_t1.0,verification,0,1.1346500946741733,3.107638888888889,0.39999999999999997,23,2234,9,,,
139,p0.030419_t1.0,verification,0,1.1291264035768886,3.0850694444444446,0.39999999999999997,23,2236,9,,,
140,p0.030419_t1.0,verification,0,1.1247162359836715,3.078125,0.39999999999999997,24,2239,9,,,
141,p0.030419_t1.0,verification,0,1.1228379114436118,3.0729166666666665,0.39999999999999997,24,2241,9,,,
142,p0.030419_t1.0,verification,0,1.1164880503989263,3.0538194444444446,0.39999999999999997,23,2245,9,,,
143,p0.030419_t1.0,verification,0,1.1089137424534552,3.0347222222222223,0.39999999999999997,23,2245,9,,,
144,p0.030419_t1.0,verification,0,1.090440042509059,2.9930555555555554,0.39999999999999997,23,2250,9,,,
145,p0.030419_t1.0,verification,0,1.0852636611754278,2.9947916666666665,0.39999999999999997,23,2252,9,,,
146,p0.030419_t1.0,verification,0,1.0751477304754045,2.970486111111111,0.39999999999999997,23,2255,9,,,
147,p0.030419_t1.0,verification,0,1.0722778883391946,2.9565972222222223,0.39999999999999997,23,2256,9,,,
148,p0.030419_t1.0,verification,0,1.067428210446193,2.9427083333333335,0.39999999999999997,24,2256,9,,,
149,p0.030419_t1.0,verification,0,1.0612904210115417,2.9427083333333335,0.39999999999999997,24,2256,9,,,
150,p0.030419_t1.0,verification,0,1.0589532963956718,2.9427083333333335,0.39999999999999997,24,2256,9,,,
151,p0.030419_t1.0,verification,0,1.0585468049266593,2.9496527777777777,0.39999999999999997,24,2257,9,,,
152,p0.030419_t1.0,verification,0,1.0500299829715987,2.9375,0.39999999999999997,25,2260,9,,,
153,p0.030419_t1.0,verification,0,1.0500299829715987,2.9444444444444446,0.39999999999999997,24,2260,9,,,
154,p0.030419_t1.0,verification,0,1.0327728557819924,2.9184027777777777,0.39999999999999997,24,2260,8,,,
155,p0.030419_t1.0,verification,0,1.0245160727173739,2.892361111111111,0.39999999999999997,25,2260,8,,,
156,p0.030419_t1.0,verification,0,1.0212363062141554,2.8836805555555554,0.39999999999999997,25,2264,8,,,
157,p0.030419_t1.0,verification,0,1.0176756177314632,2.8715277777777777,0.39999999999999997,25,2265,8,,,
158,p0.030419_t1.0,verification,0,1.0005246257246903,2.8350694444444446,0.39999999999999997,25,2265,8,,,
159,p0.030419_t1.0,verification,0,0.9993924805685526,2.8315972222222223,0.39999999999999997,26,2267,8,,,
160,p0.030419_t1.0,verification,0,0.9852645038089357,2.795138888888889,0.39999999999999997,26,2267,8,,,
161,p0.030419_t1.0,verification,0,0.9799919163328654,2.7934027777777777,0.39999999999999997,25,2267,8,,,
162,p0.030419_t1.0,verification,0,0.9683349423216728,2.779513888888889,0.39999999999999997,25,2267,8,,,
163,p0.030419_t1.0,verification,0,0.9646310323921958,2.7690972222222223,0.39999999999999997,24,2268,8,,,
164,p0.030419_t1.0,verification,0,0.964252834058092,2.7621527777777777,0.39999999999999997,24,2268,8,,,
165,p0.030419_t1.0,verification,0,0.9620152742281619,2.7586805555555554,0.39999999999999997,24,2268,8,,,
166,p0.030419_t1.0,verification,0,0.952044844597684,2.734375,0.39999999999999997,24,2268,8,,,
167,p0.030419_t1.0,verification,0,0.9463584243183077,2.7083333333333335,0.39999999999999997,24,2268,8,,,
168,p0.030419_t1.0,verification,0,0.9459024333071354,2.7152777777777777,0.39999999999999997,24,2269,8,,,
169,p0.030419_t1.0,verification,0,0.9336347889030305,2.703125,0.39999999999999997,24,2269,8,,,
170,p0.030419_t1.0,verification,0,0.9145647127668117,2.685763888888889,0.39999999999999997,24,2269,8,,,
171,p0.030419_t1.0,verification,0,0.9200163950519811,2.701388888888889,0.39999999999999997,24,2269,8,,,
172,p0.030419_t1.0,verification,0,0.9187158701951179,2.7065972222222223,0.39999999999999997,25,2270,8,,,
173,p0.030419_t1.0,verification,0,0.9132466482212751,2.7135416666666665,0.39999999999999997,25,2270,8,,,
174,p0.030419_t1.0,verification,0,0.9178059184051781,2.7413194444444446,0.39999999999999997,26,2272,8,,,
175,p0.030419_t1.0,verification,0,0.9037030756516741,2.703125,0.39999999999999997,24,2273,8,,,
176,p0.030419_t1.0,verification,0,0.9009102789835192,2.689236111111111,0.39999999999999997,24,2273,8,,,
177,p0.030419_t1.0,verification,0,0.9013414470667658,2.6996527777777777,0.39999999999999997,25,2275,8,,,
178,p0.030419_t1.0,verification,0,0.8969836980535384,2.6927083333333335,0.39999999999999997,24,2275,7,,,
179,p0.030419_t1.0,verification,0,0.8970628960629736,2.6961805555555554,0.39999999999999997,24,2275,7,,,
180,p0.030419_t1.0,verification,0,0.899789800296237,2.685763888888889,0.39999999999999997,24,2275,7,,,
181,p0.030419_t1.0,verification,0,0.8976757086263799,2.6875,0.39999999999999997,24,2275,7,,,
182,p0.030419_t1.0,verification,0,0.895308528414692,2.6770833333333335,0.39999999999999997,24,2275,7,,,
183,p0.030419_t1.0,verification,0,0.8921954950366315,2.6770833333333335,0.39999999999999997,24,2275,7,,,
184,p0.030419_t1.0,verification,0,0.8796332757634723,2.638888888888889,0.39999999999999997,24,2275,7,,,
185,p0.030419_t1.0,verification,0,0.8812828253477181,2.6493055555555554,0.39999999999999997,24,2275,7,,,
186,p0.030419_t1.0,verification,0,0.8820181546986229,2.6510416666666665,0.39999999999999997,24,2277,7,,,
187,p0.030419_t1.0,verification,0,0.8824122898722018,2.6458333333333335,0.39999999999999997,24,2277,7,,,
188,p0.030419_t1.0,verification,0,0.8768949952067271,2.625,0.39999999999999997,24,2278,7,,,
189,p0.030419_t1.0,verification,0,0.8787311223897893,2.6336805555555554,0.39999999999999997,24,2278,7,,,
190,p0.030419_t1.0,verification,0,0.8797858867765468,2.6336805555555554,0.39999999999999997,25,2279,7,,,
191,p0.030419_t1.0,verification,0,0.8732552503536503,2.6215277777777777,0.39999999999999997,25,2279,6,,,
192,p0.030419_t1.0,verification,0,0.867098967446396,2.6059027777777777,0.39999999999999997,24,2280,6,,,
193,p0.030419_t1.0,verification,0,0.8695884962635103,2.6197916666666665,0.39999999999999997,24,2281,6,,,
194,p0.030419_t1.0,verification,0,0.8716121308314954,2.6336805555555554,0.39999999999999997,23,2281,6,,,
195,p0.030419_t1.0,verification,0,0.8634292935962877,2.607638888888889,0.39999999999999997,23,2284,6,,,
196,p0.030419_t1.0,verification,0,0.8588461669281493,2.5833333333333335,0.39999999999999997,23,2287,6,,,
197,p0.030419_t1.0,verification,0,0.8538873298809978,2.5694444444444446,0.39999999999999997,24,2287,6,,,
198,p0.030419_t1.0,verification,0,0.8552390848906801,2.5729166666666665,0.39999999999999997,23,2287,6,,,
199,p0.030419_t1.0,verification,0,0.8588233868072563,2.5833333333333335,0.39999999999999997,22,2287,6,,,
200,p0.030419_t1.0,verification,0,0.8552729089427346,2.5694444444444446,0.39999999999999997,22,2287,6,,,
201,p0.030419_t1.0,verification,0,0.8567493851493102,2.5729166666666665,0.39999999999999997,22,2287,6,,,
202,p0.030419_t1.0,verification,0,0.8552729089427346,2.576388888888889,0.39999999999999997,22,2287,6,,,
203,p0.030419_t1.0,verification,0,0.8547386837128043,2.576388888888889,0.39999999999999997,23,2287,6,,,
204,p0.030419_t1.0,verification,0,0.8505693054689645,2.5659722222222223,0.39999999999999997,23,2287,6,,,
205,p0.030419_t1.0,verification,0,0.8381585921515536,2.5364583333333335,0.39999999999999997,23,2287,6,,,
206,p0.030419_t1.0,verification,0,0.8358942665523709,2.5243055555555554,0.39999999999999997,23,2287,6,,,
207,p0.030419_t1.0,verification,0,0.8443156560014821,2.529513888888889,0.39999999999999997,23,2287,6,,,
208,p0.030419_t1.0,verification,0,0.842626145587286,2.5277777777777777,0.39999999999999997,23,2287,6,,,
209,p0.030419_t1.0,verification,0,0.8405057021215083,2.5225694444444446,0.39999999999999997,23,2288,6,,,
210,p0.030419_t1.0,verification,0,0.8409200122945711,2.513888888888889,0.39999999999999997,23,2288,6,,,
211,p0.030419_t1.0,verification,0,0.8415706269534285,2.5086805555555554,0.39999999999999997,24,2288,6,,,
212,p0.030419_t1.0,verification,0,0.8353250441089088,2.5,0.39999999999999997,24,2289,6,,,
213,p0.030419_t1.0,verification,0,0.8317988897302722,2.4930555555555554,0.39999999999999997,24,2289,5,,,
214,p0.030419_t1.0,verification,0,0.8341898359709139,2.5,0.39999999999999997,24,2289,5,,,
215,p0.030419_t1.0,verification,0,0.8331241426872535,2.498263888888889,0.39999999999999997,24,2289,5,,,
216,p0.030419_t1.0,verification,0,0.8292753429272383,2.482638888888889,0.39999999999999997,24,2290,5,,,
217,p0.030419_t1.0,verification,0,0.8275503639217103,2.46875,0.39999999999999997,24,2290,5,,,
218,p0.030419_t1.0,verification,0,0.8246995503883258,2.4618055555555554,0.39999999999999997,25,2291,5,,,
219,p0.030419_t1.0,verification,0,0.8211597845545803,2.4461805555555554,0.39999999999999997,25,2291,5,,,
220,p0.030419_t1.0,verification,0,0.820036988403184,2.439236111111111,0.39999999999999997,25,2291,5,,,
221,p0.030419_t1.0,verification,0,0.8222727198421796,2.4409722222222223,0.39999999999999997,25,2291,5,,,
222,p0.030419_t1.0,verification,0,0.8222727198421796,2.4496527777777777,0.39999999999999997,25,2291,5,,,
223,p0.030419_t1.0,verification,0,0.8204784965343088,2.451388888888889,0.39999999999999997,25,2291,5,,,
224,p0.030419_t1.0,verification,0,0.8069501161838892,2.439236111111111,0.39999999999999997,24,2291,5,,,
225,p0.030419_t1.0,verification,0,0.803474299067421,2.4131944444444446,0.39999999999999997,24,2291,5,,,
226,p0.030419_t1.0,verification,0,0.7986945544794987,2.392361111111111,0.39999999999999997,24,2291,5,,,
227,p0.030419_t1.0,verification,0,0.8023821724980114,2.3975694444444446,0.39999999999999997,25,2293,5,,,
228,p0.030419_t1.0,verification,0,0.7974157566576754,2.361111111111111,0.39999999999999997,25,2293,5,,,
229,p0.030419_t1.0,verification,0,0.7930598617717934,2.3628472222222223,0.39999999999999997,25,2293,5,,,
230,p0.030419_t1.0,verification,0,0.7866698707258929,2.3472222222222223,0.39999999999999997,25,2293,5,,,
231,p0.030419_t1.0,verification,0,0.7916196881904793,2.3680555555555554,0.39999999999999997,25,2293,5,,,
232,p0.030419_t1.0,verification,0,0.7929761460131352,2.388888888888889,0.39999999999999997,25,2295,5,,,
233,p0.030419_t1.0,verification,0,0.7946265552263558,2.3871527777777777,0.39999999999999997,25,2295,5,,,
234,p0.030419_t1.0,verification,0,0.8012108629313,2.3958333333333335,0.39999999999999997,25,2295,5,,,
235,p0.030419_t1.0,verification,0,0.8016276665768032,2.3975694444444446,0.39999999999999997,24,2295,5,,,
236,p0.030419_t1.0,verification,0,0.7992723006692541,2.392361111111111,0.39999999999999997,23,2295,5,,,
237,p0.030419_t1.0,verification,0,0.8090451575053764,2.4131944444444446,0.39999999999999997,23,2295,5,,,
238,p0.030419_t1.0,verification,0,0.8028265994461394,2.404513888888889,0.39999999999999997,23,2295,5,,,
239,p0.030419_t1.0,verification,0,0.805698599117224,2.4131944444444446,0.39999999999999997,23,2295,5,,,
240,p0.030419_t1.0,verification,0,0.8087754936822881,2.4184027777777777,0.39999999999999997,23,2295,5,,,
1,p0.030419_t1.0,verification,1,-0.0,1.0,0.7522885505233786,0,576,1,,,
2,p0.030419_t1.0,verification,1,0.1848499918328639,1.1944444444444444,0.7437210843077884,18,612,8,,,
3,p0.030419_t1.0,verification,1,0.30008687786352944,1.3506944444444444,0.7351435901570738,18,648,8,,,
4,p0.030419_t1.0,verification,1,0.38433432250474775,1.4861111111111112,0.7265414664849192,17,680,8,,,
5,p0.030419_t1.0,verification,1,0.47666337151550775,1.6388888888888888,0.717924811985782,17,714,8,,,
6,p0.030419_t1.0,verification,1,0.5752155260361949,1.7881944444444444,0.7093109728490758,18,749,10,,,
7,p0.030419_t1.0,verification,1,0.645742195325257,1.9253472222222223,0.7006754354890141,18,784,10,,,
8,p0.030419_t1.0,verification,1,0.7009706810848855,2.015625,0.6919956699880317,17,815,10,,,
9,p0.030419_t1.0,verification,1,0.7547912117055168,2.107638888888889,0.6833119875360465,18,847,10,,,
10,p0.030419_t1.0,verification,1,0.8106938515879026,2.173611111111111,0.6746130039736365,18,881,10,,,
11,p0.030419_t1.0,verification,1,0.8461946660423624,2.2222222222222223,0.6658943009641568,18,915,10,,,
12,p0.030419_t1.0,verification,1,0.894234800476919,2.296875,0.6571791217430158,19,950,10,,,
13,p0.030419_t1.0,verification,1,0.9291505647901387,2.3524305555555554,0.6484533507274516,19,982,10,,,
14,p0.030419_t1.0,verification,1,0.9644165936544601,2.4149305555555554,0.6397081597505323,19,1011,10,,,
15,p0.030419_t1.0,verification,1,1.0050174616290364,2.5121527777777777,0.6309520796538496,19,1042,10,,,
16,p0.030419_t1.0,verification,1,1.0350292085002908,2.5694444444444446,0.6221880432430537,19,1075,10,,,
17,p0.030419_t1.0,verification,1,1.0566865027992025,2.6041666666666665,0.613410434913289,19,1104,10,,,
18,p0.030419_t1.0,verification,1,1.0809955027368334,2.6319444444444446,0.6046336938776156,19,1133,10,,,
19,p0.030419_t1.0,verification,1,1.0988679533992596,2.6666666666666665,0.5958461434883859,18,1160,10,,,
20,p0.030419_t1.0,verification,1,1.1186512592313609,2.701388888888889,0.5870565401554422,19,1184,10,,,
21,p0.030419_t1.0,verification,1,1.142536117968571,2.748263888888889,0.5782956821051071,18,1208,10,,,
22,p0.030419_t1.0,verification,1,1.1544517314595404,2.7760416666666665,0.5695978392952881,18,1229,10,,,
23,p0.030419_t1.0,verification,1,1.1655294750114646,2.782986111111111,0.560994533287746,18,1251,10,,,
24,p0.030419_t1.0,verification,1,1.1792336496641105,2.8125,0.5525290147765092,18,1271,10,,,
25,p0.030419_t1.0,verification,1,1.1964694975271113,2.8368055555555554,0.5442309279035001,18,1298,10,,,
26,p0.030419_t1.0,verification,1,1.2247945854842868,2.8819444444444446,0.5361250687412575,18,1323,10,,,
27,p0.030419_t1.0,verification,1,1.2411395556617126,2.9184027777777777,0.5282494305842427,19,1352,10,,,
28,p0.030419_t1.0,verification,1,1.264758008763917,2.9791666666666665,0.520656567473877,20,1377,10,,,
29,p0.030419_t1.0,verification,1,1.2831905739642506,3.0243055555555554,0.5133469247910509,20,1400,10,,,
30,p0.030419_t1.0,verification,1,1.2927119028405785,3.0538194444444446,0.5062822935484572,20,1427,10,,,
31,p0.030419_t1.0,verification,1,1.310940087666556,3.1059027777777777,0.49945343911247664,20,1454,10,,,
32,p0.030419_t1.0,verification,1,1.3209666132203057,3.123263888888889,0.49287752290336484,20,1474,10,,,
33,p0.030419_t1.0,verification,1,1.332908363237596,3.1284722222222223,0.48653674685926873,20,1494,10,,,
34,p0.030419_t1.0,verification,1,1.3350475711702674,3.138888888888889,0.4804501255485706,20,1509,10,,,
35,p0.030419_t1.0,verification,1,1.355892793839197,3.1822916666666665,0.4745760924050506,20,1534,10,,,
36,p0.030419_t1.0,verification,1,1.3666041639007058,3.2256944444444446,0.4689258685848235,20,1552,10,,,
37,p0.030419_t1.0,verification,1,1.3794685672847395,3.2378472222222223,0.46344666282610103,20,1578,10,,,
38,p0.030419_t1.0,verification,1,1.3894546071292844,3.265625,0.45815798839003496,21,1598,10,,,
39,p0.030419_t1.0,verification,1,1.393963584976134,3.2777777777777777,0.4530281754411478,22,1623,10,,,
40,p0.030419_t1.0,verification,1,1.397226659261197,3.2864583333333335,0.448091873371945,22,1641,10,,,
41,p0.030419_t1.0,verification,1,1.406910847436358,3.310763888888889,0.4433366934617218,22,1659,10,,,
42,p0.030419_t1.0,verification,1,1.413911647887313,3.3368055555555554,0.4387656858734546,22,1675,10,,,
43,p0.030419_t1.0,verification,1,1.4221489592284229,3.3489583333333335,0.4343652492771127,22,1695,10,,,
44,p0.030419_t1.0,verification,1,1.4282277462702406,3.3541666666666665,0.4301913868250465,22,1708,10,,,
45,p0.030419_t1.0,verification,1,1.4280128518813537,3.3559027777777777,0.4262070605332241,22,1728,10,,,
46,p0.030419_t1.0,verification,1,1.4303738240583561,3.3506944444444446,0.42247857005099354,22,1746,10,,,
47,p0.030419_t1.0,verification,1,1.42794031232478,3.357638888888889,0.4190311077992695,22,1758,10,,,
48,p0.030419_t1.0,verification,1,1.4203039864049236,3.3368055555555554,0.41591059187058976,22,1771,9,,,
49,p0.030419_t1.0,verification,1,1.4270697175021716,3.34375,0.41309180474382146,23,1779,9,,,
50,p0.030419_t1.0,verification,1,1.4261587916337195,3.3385416666666665,0.41056317661952635,23,1796,9,,,
51,p0.030419_t1.0,verification,1,1.4212641396764005,3.3385416666666665,0.4082971739958514,24,1809,9,,,
52,p0.030419_t1.0,verification,1,1.4224601085251525,3.3472222222222223,0.4063090583363859,23,1822,9,,,
53,p0.030419_t1.0,verification,1,1.4285687399094438,3.3559027777777777,0.40459186732006286,23,1835,9,,,
54,p0.030419_t1.0,verification,1,1.430917809036585,3.3506944444444446,0.4031540466166293,23,1848,9,,,
55,p0.030419_t1.0,verification,1,1.4261647370684238,3.3333333333333335,0.4019646368594995,23,1866,9,,,
56,p0.030419_t1.0,verification,1,1.4328110038640478,3.3541666666666665,0.4010945246446202,23,1886,9,,,
57,p0.030419_t1.0,verification,1,1.4364603104832536,3.3680555555555554,0.4005144303876828,22,1899,9,,,
58,p0.030419_t1.0,verification,1,1.4373333882679227,3.373263888888889,0.40017925389657094,22,1906,9,,,
59,p0.030419_t1.0,verification,1,1.4354981704544212,3.3836805555555554,0.4000185464629347,22,1919,9,,,
60,p0.030419_t1.0,verification,1,1.4382016944730658,3.3958333333333335,0.39999999999999997,23,1932,9,,,
61,p0.030419_t1.0,verification,1,1.437547923161158,3.40625,0.39999999999999997,22,1943,9,,,
62,p0.030419_t1.0,verification,1,1.438050202151418,3.3958333333333335,0.39999999999999997,22,1953,9,,,
63,p0.030419_t1.0,verification,1,1.4321536781539668,3.3836805555555554,0.39999999999999997,22,1962,9,,,
64,p0.030419_t1.0,verification,1,1.42773068827615,3.3680555555555554,0.39999999999999997,22,1965,9,,,
65,p0.030419_t1.0,verification,1,1.432226969232698,3.3802083333333335,0.39999999999999997,22,1976,9,,,
66,p0.030419_t1.0,verification,1,1.4305658676231052,3.3680555555555554,0.39999999999999997,22,1984,9,,,
67,p0.030419_t1.0,verification,1,1.4311433104597675,3.3663194444444446,0.39999999999999997,22,1995,9,,,
68,p0.030419_t1.0,verification,1,1.41882892995248,3.3350694444444446,0.39999999999999997,22,2004,9,,,
69,p0.030419_t1.0,verification,1,1.418755648582433,3.3229166666666665,0.39999999999999997,22,2017,9,,,
70,p0.030419_t1.0,verification,1,1.416945680929924,3.3315972222222223,0.39999999999999997,22,2025,9,,,
71,p0.030419_t1.0,verification,1,1.4138230375510272,3.3177083333333335,0.39999999999999997,23,2036,9,,,
72,p0.030419_t1.0,verification,1,1.414404585097725,3.3003472222222223,0.39999999999999997,23,2046,9,,,
73,p0.030419_t1.0,verification,1,1.4073780872985768,3.279513888888889,0.39999999999999997,23,2049,9,,,
74,p0.030419_t1.0,verification,1,1.4013822554088031,3.267361111111111,0.39999999999999997,23,2055,9,,,
75,p0.030419_t1.0,verification,1,1.4072637593167894,3.2725694444444446,0.39999999999999997,23,2064,9,,,
76,p0.030419_t1.0,verification,1,1.4053501186573547,3.251736111111111,0.39999999999999997,23,2071,9,,,
77,p0.030419_t1.0,verification,1,1.4035763775130239,3.25,0.39999999999999997,22,2073,9,,,
78,p0.030419_t1.0,verification,1,1.4075517768001644,3.2621527777777777,0.39999999999999997,22,2081,9,,,
79,p0.030419_t1.0,verification,1,1.406656451216971,3.2899305555555554,0.39999999999999997,22,2089,9,,,
80,p0.030419_t1.0,verification,1,1.3930043661990341,3.2552083333333335,0.39999999999999997,22,2091,9,,,
81,p0.030419_t1.0,verification,1,1.3853407371519069,3.248263888888889,0.39999999999999997,23,2097,9,,,
82,p0.030419_t1.0,verification,1,1.3839883011342196,3.2604166666666665,0.39999999999999997,23,2105,9,,,
83,p0.030419_t1.0,verification,1,1.3797212838725676,3.2534722222222223,0.39999999999999997,22,2110,9,,,
84,p0.030419_t1.0,verification,1,1.3766164456118073,3.2447916666666665,0.39999999999999997,22,2116,9,,,
85,p0.030419_t1.0,verification,1,1.3730152055087057,3.2291666666666665,0.39999999999999997,22,2121,9,,,
86,p0.030419_t1.0,verification,1,1.374043601242458,3.2274305555555554,0.39999999999999997,21,2126,9,,,
87,p0.030419_t1.0,verification,1,1.3604923281193746,3.1909722222222223,0.39999999999999997,21,2130,9,,,
88,p0.030419_t1.0,verification,1,1.348378550518463,3.1614583333333335,0.39999999999999997,21,2133,9,,,
89,p0.030419_t1.0,verification,1,1.3417938534901834,3.1371527777777777,0.39999999999999997,22,2133,9,,,
90,p0.030419_t1.0,verification,1,1.3419210813615094,3.1493055555555554,0.39999999999999997,22,2137,9,,,
91,p0.030419_t1.0,verification,1,1.3352045010589204,3.126736111111111,0.39999999999999997,22,2138,9,,,
92,p0.030419_t1.0,verification,1,1.3350819513771344,3.1336805555555554,0.39999999999999997,22,2143,9,,,
93,p0.030419_t1.0,verification,1,1.3266416650726887,3.1215277777777777,0.39999999999999997,22,2144,9,,,
94,p0.030419_t1.0,verification,1,1.3258199956013932,3.107638888888889,0.39999999999999997,21,2146,9,,,
95,p0.030419_t1.0,verification,1,1.32118317084702,3.079861111111111,0.39999999999999997,22,2147,9,,,
96,p0.030419_t1.0,verification,1,1.316639685181289,3.078125,0.39999999999999997,21,2150,9,,,
97,p0.030419_t1.0,verification,1,1.3142084140300356,3.0729166666666665,0.39999999999999997,21,2159,9,,,
98,p0.030419_t1.0,verification,1,1.3107174857757908,3.0434027777777777,0.39999999999999997,21,2168,9,,,
99,p0.030419_t1.0,verification,1,1.3074375890997338,3.0260416666666665,0.39999999999999997,21,2171,9,,,
100,p0.030419_t1.0,verification,1,1.3056921371914065,3.0190972222222223,0.39999999999999997,21,2178,9,,,
101,p0.030419_t1.0,verification,1,1.3075905305140287,3.013888888888889,0.39999999999999997,21,2180,9,,,
102,p0.030419_t1.0,verification,1,1.2965888697652517,2.984375,0.39999999999999997,21,2183,9,,,
103,p0.030419_t1.0,verification,1,1.2930941787214496,2.9895833333333335,0.39999999999999997,21,2185,9,,,
104,p0.030419_t1.0,verification,1,1.286659809222801,2.982638888888889,0.39999999999999997,21,2188,9,,,
105,p0.030419_t1.0,verification,1,1.281583568560643,2.9618055555555554,0.39999999999999997,21,2194,9,,,
106,p0.030419_t1.0,verification,1,1.26909254665659,2.921875,0.39999999999999997,21,2197,9,,,
107,p0.030419_t1.0,verification,1,1.2642953290572223,2.9131944444444446,0.39999999999999997,21,2201,9,,,
108,p0.030419_t1.0,verification,1,1.2608644264681557,2.8993055555555554,0.39999999999999997,21,2201,9,,,
109,p0.030419_t1.0,verification,1,1.2536682092438693,2.8836805555555554,0.39999999999999997,22,2202,9,,,
110,p0.030419_t1.0,verification,1,1.249808173749506,2.876736111111111,0.39999999999999997,21,2203,9,,,
111,p0.030419_t1.0,verification,1,1.2485426174762273,2.873263888888889,0.39999999999999997,21,2207,9,,,
112,p0.030419_t1.0,verification,1,1.2479081264237657,2.8645833333333335,0.39999999999999997,20,2210,9,,,
113,p0.030419_t1.0,verification,1,1.252815786426433,2.876736111111111,0.39999999999999997,21,2213,10,,,
114,p0.030419_t1.0,verification,1,1.250101802359712,2.873263888888889,0.39999999999999997,21,2217,10,,,
115,p0.030419_t1.0,verification,1,1.2411146060744467,2.8645833333333335,0.39999999999999997,21,2220,10,,,
116,p0.030419_t1.0,verification,1,1.239507191339562,2.861111111111111,0.39999999999999997,21,2224,10,,,
117,p0.030419_t1.0,verification,1,1.2375619315479418,2.8524305555555554,0.39999999999999997,21,2224,10,,,
118,p0.030419_t1.0,verification,1,1.2387334524226177,2.8524305555555554,0.39999999999999997,20,2225,10,,,
119,p0.030419_t1.0,verification,1,1.2216374008424242,2.810763888888889,0.39999999999999997,20,2225,10,,,
120,p0.030419_t1.0,verification,1,1.2201163122994165,2.814236111111111,0.39999999999999997,20,2225,10,,,
121,p0.030419_t1.0,verification,1,1.2092487139261976,2.7881944444444446,0.39999999999999997,20,2227,9,,,
122,p0.030419_t1.0,verification,1,1.2007820373339144,2.7534722222222223,0.39999999999999997,20,2227,9,,,
123,p0.030419_t1.0,verification,1,1.1955832903583057,2.7430555555555554,0.39999999999999997,20,2230,9,,,
124,p0.030419_t1.0,verification,1,1.1980893688363619,2.7586805555555554,0.39999999999999997,20,2234,9,,,
125,p0.030419_t1.0,verification,1,1.1958513594287214,2.7604166666666665,0.39999999999999997,20,2237,9,,,
126,p0.030419_t1.0,verification,1,1.1929448918423762,2.7604166666666665,0.39999999999999997,20,2239,9,,,
127,p0.030419_t1.0,verification,1,1.185234696439092,2.751736111111111,0.39999999999999997,20,2239,9,,,
128,p0.030419_t1.0,verification,1,1.181449301265374,2.763888888888889,0.39999999999999997,20,2240,9,,,
129,p0.030419_t1.0,verification,1,1.1778167116632832,2.7569444444444446,0.39999999999999997,21,2241,9,,,
130,p0.030419_t1.0,verification,1,1.1822561494730885,2.7569444444444446,0.39999999999999997,21,2243,9,,,
131,p0.030419_t1.0,verification,1,1.1907799706910702,2.7777777777777777,0.39999999999999997,21,2243,9,,,
132,p0.030419_t1.0,verification,1,1.1921819355761156,2.7899305555555554,0.39999999999999997,21,2245,9,,,
133,p0.030419_t1.0,verification,1,1.2030765463634072,2.8125,0.39999999999999997,21,2247,9,,,
134,p0.030419_t1.0,verification,1,1.1980266412853486,2.8177083333333335,0.39999999999999997,21,2247,9,,,
135,p0.030419_t1.0,verification,1,1.1956670073415525,2.8125,0.39999999999999997,21,2248,9,,,
136,p0.030419_t1.0,verification,1,1.1935570326590468,2.810763888888889,0.39999999999999997,21,2251,9,,,
137,p0.030419_t1.0,verification,1,1.1924372810162926,2.798611111111111,0.39999999999999997,21,2253,9,,,
138,p0.030419_t1.0,verification,1,1.1861118750493742,2.7743055555555554,0.39999999999999997,20,2253,9,,,
139,p0.030419_t1.0,verification,1,1.188100891172708,2.7777777777777777,0.39999999999999997,20,2255,9,,,
140,p0.030419_t1.0,verification,1,1.1785502728416026,2.7777777777777777,0.39999999999999997,20,2256,9,,,
141,p0.030419_t1.0,verification,1,1.1781369034568452,2.7864583333333335,0.39999999999999997,19,2256,9,,,
142,p0.030419_t1.0,verification,1,1.1754884031614945,2.7743055555555554,0.39999999999999997,20,2257,9,,,
143,p0.030419_t1.0,verification,1,1.1872330001424258,2.7934027777777777,0.39999999999999997,21,2257,9,,,
144,p0.030419_t1.0,verification,1,1.1787845538102062,2.8003472222222223,0.39999999999999997,21,2257,9,,,
145,p0.030419_t1.0,verification,1,1.1787845538102062,2.8003472222222223,0.39999999999999997,21,2261,9,,,
146,p0.030419_t1.0,verification,1,1.1794612434253111,2.795138888888889,0.39999999999999997,21,2263,9,,,
147,p0.030419_t1.0,verification,1,1.1756744783672035,2.7899305555555554,0.39999999999999997,21,2263,9,,,
148,p0.030419_t1.0,verification,1,1.1840045989550085,2.8020833333333335,0.39999999999999997,21,2263,10,,,
149,p0.030419_t1.0,verification,1,1.1907400794497545,2.810763888888889,0.39999999999999997,21,2265,10,,,
150,p0.030419_t1.0,verification,1,1.1941083064415048,2.828125,0.39999999999999997,20,2266,10,,,
151,p0.030419_t1.0,verification,1,1.1806059264411186,2.810763888888889,0.39999999999999997,20,2267,10,,,
152,p0.030419_t1.0,verification,1,1.1744148951893323,2.7934027777777777,0.39999999999999997,20,2268,10,,,
153,p0.030419_t1.0,verification,1,1.1736492705172987,2.8003472222222223,0.39999999999999997,19,2269,10,,,
154,p0.030419_t1.0,verification,1,1.1752882810453065,2.8090277777777777,0.39999999999999997,19,2271,10,,,
155,p0.030419_t1.0,verification,1,1.1826400626507514,2.8159722222222223,0.39999999999999997,19,2273,10,,,
156,p0.030419_t1.0,verification,1,1.1869114401554388,2.810763888888889,0.39999999999999997,18,2273,10,,,
157,p0.030419_t1.0,verification,1,1.1904901313707412,2.826388888888889,0.39999999999999997,18,2274,10,,,
158,p0.030419_t1.0,verification,1,1.197056596272373,2.8177083333333335,0.39999999999999997,18,2276,10,,,
159,p0.030419_t1.0,verification,1,1.1968720133211157,2.8350694444444446,0.39999999999999997,18,2277,10,,,
160,p0.030419_t1.0,verification,1,1.1934784042351085,2.829861111111111,0.39999999999999997,18,2277,10,,,
161,p0.030419_t1.0,verification,1,1.1968024725445288,2.8402777777777777,0.39999999999999997,18,2277,10,,,
162,p0.030419_t1.0,verification,1,1.1921347695217888,2.826388888888889,0.39999999999999997,18,2279,10,,,
163,p0.030419_t1.0,verification,1,1.1955879086451966,2.8368055555555554,0.39999999999999997,18,2279,10,,,
164,p0.030419_t1.0,verification,1,1.1936980250637292,2.8333333333333335,0.39999999999999997,18,2281,10,,,
165,p0.030419_t1.0,verification,1,1.190031990494075,2.8246527777777777,0.39999999999999997,18,2282,10,,,
166,p0.030419_t1.0,verification,1,1.191892803925961,2.829861111111111,0.39999999999999997,18,2282,10,,,
167,p0.030419_t1.0,verification,1,1.192343919139841,2.8333333333333335,0.39999999999999997,19,2282,10,,,
168,p0.030419_t1.0,verification,1,1.1921542501429176,2.8385416666666665,0.39999999999999997,20,2282,10,,,
169,p0.030419_t1.0,verification,1,1.1898334830767003,2.8333333333333335,0.39999999999999997,20,2283,10,,,
170,p0.030419_t1.0,verification,1,1.1830950759491472,2.8211805555555554,0.39999999999999997,20,2283,9,,,
171,p0.030419_t1.0,verification,1,1.173313280012765,2.7864583333333335,0.39999999999999997,19,2283,9,,,
172,p0.030419_t1.0,verification,1,1.1731432959627208,2.7864583333333335,0.39999999999999997,18,2286,9,,,
173,p0.030419_t1.0,verification,1,1.1714141225889196,2.7690972222222223,0.39999999999999997,18,2286,9,,,
174,p0.030419_t1.0,verification,1,1.1687912783891847,2.765625,0.39999999999999997,18,2288,9,,,
175,p0.030419_t1.0,verification,1,1.1649383221574146,2.7604166666666665,0.39999999999999997,18,2288,9,,,
176,p0.030419_t1.0,verification,1,1.1584109238418068,2.7465277777777777,0.39999999999999997,18,2288,9,,,
177,p0.030419_t1.0,verification,1,1.159993396338536,2.7395833333333335,0.39999999999999997,19,2289,9,,,
178,p0.030419_t1.0,verification,1,1.1533429306865344,2.720486111111111,0.39999999999999997,19,2291,9,,,
179,p0.030419_t1.0,verification,1,1.1513796544118946,2.71875,0.39999999999999997,19,2291,9,,,
180,p0.030419_t1.0,verification,1,1.1476445513964797,2.704861111111111,0.39999999999999997,19,2291,9,,,
181,p0.030419_t1.0,verification,1,1.1467223809531182,2.6979166666666665,0.39999999999999997,20,2291,9,,,
182,p0.030419_t1.0,verification,1,1.1470164858445036,2.689236111111111,0.39999999999999997,19,2291,9,,,
183,p0.030419_t1.0,verification,1,1.138179818979882,2.6788194444444446,0.39999999999999997,18,2291,8,,,
184,p0.030419_t1.0,verification,1,1.1399573958343796,2.6805555555555554,0.39999999999999997,18,2292,8,,,
185,p0.030419_t1.0,verification,1,1.1400827840610799,2.6805555555555554,0.39999999999999997,18,2292,8,,,
186,p0.030419_t1.0,verification,1,1.1378669718463914,2.6753472222222223,0.39999999999999997,18,2292,8,,,
187,p0.030419_t1.0,verification,1,1.1399440766239255,2.6822916666666665,0.39999999999999997,18,2292,8,,,
188,p0.030419_t1.0,verification,1,1.1362979631152348,2.6631944444444446,0.39999999999999997,18,2292,8,,,
189,p0.030419_t1.0,verification,1,1.1297151641253265,2.6510416666666665,0.39999999999999997,18,2292,8,,,
190,p0.030419_t1.0,verification,1,1.1290382321750256,2.6440972222222223,0.39999999999999997,18,2292,8,,,
191,p0.030419_t1.0,verification,1,1.1238895896075731,2.6024305555555554,0.39999999999999997,18,2292,8,,,
192,p0.030419_t1.0,verification,1,1.1088990586178704,2.578125,0.39999999999999997,18,2292,7,,,
193,p0.030419_t1.0,verification,1,1.1043526469609015,2.5538194444444446,0.39999999999999997,18,2292,7,,,
194,p0.030419_t1.0,verification,1,1.1062089475430248,2.5625,0.39999999999999997,19,2292,7,,,
195,p0.030419_t1.0,verification,1,1.1029388654384527,2.5555555555555554,0.39999999999999997,18,2292,7,,,
196,p0.030419_t1.0,verification,1,1.0986296433011051,2.5434027777777777,0.39999999999999997,18,2292,7,,,
197,p0.030419_t1.0,verification,1,1.099948239308551,2.548611111111111,0.39999999999999997,18,2292,7,,,
198,p0.030419_t1.0,verification,1,1.1016669230042506,2.5625,0.39999999999999997,18,2294,7,,,
199,p0.030419_t1.0,verification,1,1.1010538868802078,2.5711805555555554,0.39999999999999997,18,2294,7,,,
200,p0.030419_t1.0,verification,1,1.0980412978623508,2.5694444444444446,0.39999999999999997,18,2294,7,,,
201,p0.030419_t1.0,verification,1,1.097592022580011,2.5729166666666665,0.39999999999999997,18,2294,7,,,
202,p0.030419_t1.0,verification,1,1.0922286493166282,2.5572916666666665,0.39999999999999997,18,2294,7,,,
203,p0.030419_t1.0,verification,1,1.0945026022118591,2.5677083333333335,0.39999999999999997,18,2294,7,,,
204,p0.030419_t1.0,verification,1,1.0924221227650772,2.5520833333333335,0.39999999999999997,17,2296,7,,,
205,p0.030419_t1.0,verification,1,1.0924453502381344,2.5572916666666665,0.39999999999999997,17,2296,7,,,
206,p0.030419_t1.0,verification,1,1.0906996324671845,2.548611111111111,0.39999999999999997,17,2296,7,,,
207,p0.030419_t1.0,verification,1,1.093631451981089,2.5520833333333335,0.39999999999999997,17,2296,7,,,
208,p0.030419_t1.0,verification,1,1.090235453210054,2.545138888888889,0.39999999999999997,17,2296,7,,,
209,p0.030419_t1.0,verification,1,1.094206361199041,2.5625,0.39999999999999997,19,2296,7,,,
210,p0.030419_t1.0,verification,1,1.0919180910377098,2.5572916666666665,0.39999999999999997,19,2296,7,,,
211,p0.030419_t1.0,verification,1,1.0838114285281188,2.546875,0.39999999999999997,19,2296,7,,,
212,p0.030419_t1.0,verification,1,1.0801344536813775,2.5520833333333335,0.39999999999999997,19,2297,7,,,
213,p0.030419_t1.0,verification,1,1.080857499889682,2.5399305555555554,0.39999999999999997,19,2297,7,,,
214,p0.030419_t1.0,verification,1,1.079018998391951,2.53125,0.39999999999999997,19,2297,7,,,
215,p0.030419_t1.0,verification,1,1.0804127494177558,2.53125,0.39999999999999997,19,2297,7,,,
216,p0.030419_t1.0,verification,1,1.0786985028154759,2.5034722222222223,0.39999999999999997,20,2297,7,,,
217,p0.030419_t1.0,verification,1,1.0781160323275245,2.5,0.39999999999999997,20,2298,7,,,
218,p0.030419_t1.0,verification,1,1.0816626225613277,2.501736111111111,0.39999999999999997,20,2298,7,,,
219,p0.030419_t1.0,verification,1,1.077807409112953,2.4965277777777777,0.39999999999999997,20,2299,7,,,
220,p0.030419_t1.0,verification,1,1.071934460067454,2.4878472222222223,0.39999999999999997,20,2299,7,,,
221,p0.030419_t1.0,verification,1,1.066080860439244,2.470486111111111,0.39999999999999997,20,2299,7,,,
222,p0.030419_t1.0,verification,1,1.0514913228660892,2.4479166666666665,0.39999999999999997,20,2301,6,,,
223,p0.030419_t1.0,verification,1,1.0541306284801968,2.4618055555555554,0.39999999999999997,20,2301,6,,,
224,p0.030419_t1.0,verification,1,1.0451959767581251,2.4305555555555554,0.39999999999999997,20,2301,6,,,
225,p0.030419_t1.0,verification,1,1.037650942791684,2.421875,0.39999999999999997,19,2301,6,,,
226,p0.030419_t1.0,verification,1,1.0363330081647102,2.4149305555555554,0.39999999999999997,19,2301,6,,,
227,p0.030419_t1.0,verification,1,1.0321528715023156,2.423611111111111,0.39999999999999997,20,2301,6,,,
228,p0.030419_t1.0,verification,1,1.0288540611171395,2.4184027777777777,0.39999999999999997,20,2301,6,,,
229,p0.030419_t1.0,verification,1,1.028316786165845,2.4288194444444446,0.39999999999999997,20,2301,6,,,
230,p0.030419_t1.0,verification,1,1.02974719822578,2.4427083333333335,0.39999999999999997,21,2301,6,,,
231,p0.030419_t1.0,verification,1,1.029645829159394,2.4461805555555554,0.39999999999999997,21,2301,6,,,
232,p0.030419_t1.0,verification,1,1.0316204569329444,2.4618055555555554,0.39999999999999997,21,2301,6,,,
233,p0.030419_t1.0,verification,1,1.0251262855107666,2.454861111111111,0.39999999999999997,20,2301,6,,,
234,p0.030419_t1.0,verification,1,1.0329632522550698,2.46875,0.39999999999999997,20,2301,7,,,
235,p0.030419_t1.0,verification,1,1.0259339044431641,2.4583333333333335,0.39999999999999997,20,2301,7,,,
236,p0.030419_t1.0,verification,1,1.0261372519579308,2.470486111111111,0.39999999999999997,20,2302,7,,,
237,p0.030419_t1.0,verification,1,1.028052770328343,2.4635416666666665,0.39999999999999997,20,2302,7,,,
238,p0.030419_t1.0,verification,1,1.03354855738629,2.4756944444444446,0.39999999999999997,20,2302,7,,,
239,p0.030419_t1.0,verification,1,1.0272344582494342,2.4809027777777777,0.39999999999999997,19,2302,6,,,
240,p0.030419_t1.0,verification,1,1.0193459563512166,2.4583333333333335,0.39999999999999997,19,2302,6,,,
